{
  "type": "FeatureCollection",
  "name": "auckland_buildings",
  "features": [
    {
      "type": "Feature",
      "properties": {
        "id": "b-auk-0000",
        "building_id": "B-AUK-0000",
        "ulpin": "NZ-AUK-CBD-BL-000001-8",
        "name": "Thomas Building",
        "floors": 4,
        "height_m": 12.8,
        "base_elevation_msl": 7.5,
        "roof_elevation_msl": 20.3,
        "structure_type": "university",
        "centroid": [
          174.77098,
          -36.850917
        ]
      },
      "geometry": {
        "type": "Polygon",
        "coordinates": [
          [
            [
              174.7710792,
              -36.8510342
            ],
            [
              174.7715307,
              -36.8506678
            ],
            [
              174.7714865,
              -36.8506281
            ],
            [
              174.7713204,
              -36.8504979
            ],
            [
              174.7711869,
              -36.8503889
            ],
            [
              174.7710179,
              -36.8505249
            ],
            [
              174.7709392,
              -36.8505862
            ],
            [
              174.7707264,
              -36.8507581
            ],
            [
              174.7708128,
              -36.8508252
            ],
            [
              174.7708045,
              -36.8508314
            ],
            [
              174.7709653,
              -36.850959
            ],
            [
              174.7709495,
              -36.8509722
            ],
            [
              174.7709403,
              -36.8509645
            ],
            [
              174.7709328,
              -36.8509616
            ],
            [
              174.770925,
              -36.8509604
            ],
            [
              174.7709188,
              -36.8509611
            ],
            [
              174.7709121,
              -36.8509636
            ],
            [
              174.7709067,
              -36.8509678
            ],
            [
              174.770903,
              -36.8509724
            ],
            [
              174.7709014,
              -36.8509773
            ],
            [
              174.7709014,
              -36.8509836
            ],
            [
              174.7709049,
              -36.8509895
            ],
            [
              174.7709117,
              -36.8509967
            ],
            [
              174.7709088,
              -36.8509991
            ],
            [
              174.7709097,
              -36.8509997
            ],
            [
              174.7709247,
              -36.8510117
            ],
            [
              174.7709273,
              -36.8510138
            ],
            [
              174.7709314,
              -36.8510108
            ],
            [
              174.7709392,
              -36.8510172
            ],
            [
              174.7709455,
              -36.8510203
            ],
            [
              174.7709532,
              -36.8510218
            ],
            [
              174.770962,
              -36.8510215
            ],
            [
              174.7709691,
              -36.8510195
            ],
            [
              174.7709744,
              -36.8510166
            ],
            [
              174.7709779,
              -36.8510126
            ],
            [
              174.7709798,
              -36.8510074
            ],
            [
              174.7709802,
              -36.851002
            ],
            [
              174.7709792,
              -36.8509966
            ],
            [
              174.7709757,
              -36.8509925
            ],
            [
              174.770971,
              -36.8509878
            ],
            [
              174.7709941,
              -36.8509675
            ],
            [
              174.7710792,
              -36.8510342
            ]
          ],
          [
            [
              174.770974,
              -36.850741
            ],
            [
              174.7711694,
              -36.8505831
            ],
            [
              174.7712917,
              -36.85068
            ],
            [
              174.7710963,
              -36.8508379
            ],
            [
              174.770974,
              -36.850741
            ]
          ]
        ]
      }
    },
    {
      "type": "Feature",
      "properties": {
        "id": "b-auk-0001",
        "building_id": "B-AUK-0001",
        "ulpin": "NZ-AUK-CBD-BL-000002-8",
        "name": "Aotea Centre",
        "floors": 5,
        "height_m": 16.0,
        "base_elevation_msl": 7.5,
        "roof_elevation_msl": 23.5,
        "structure_type": "yes",
        "centroid": [
          174.762038,
          -36.85197
        ]
      },
      "geometry": {
        "type": "Polygon",
        "coordinates": [
          [
            [
              174.761812,
              -36.8520076
            ],
            [
              174.7618608,
              -36.8520449
            ],
            [
              174.7618586,
              -36.85205
            ],
            [
              174.7618564,
              -36.8520552
            ],
            [
              174.7618446,
              -36.8520825
            ],
            [
              174.7618373,
              -36.8520995
            ],
            [
              174.7618136,
              -36.8521546
            ],
            [
              174.7618032,
              -36.8521788
            ],
            [
              174.7618771,
              -36.8522004
            ],
            [
              174.7618638,
              -36.8522311
            ],
            [
              174.7618536,
              -36.852254
            ],
            [
              174.7618927,
              -36.8522648
            ],
            [
              174.7619617,
              -36.8522839
            ],
            [
              174.7619229,
              -36.8523769
            ],
            [
              174.7619369,
              -36.8524028
            ],
            [
              174.7619021,
              -36.8524838
            ],
            [
              174.7619273,
              -36.8525256
            ],
            [
              174.7619376,
              -36.8525285
            ],
            [
              174.7619557,
              -36.8525336
            ],
            [
              174.7619732,
              -36.8525385
            ],
            [
              174.7619795,
              -36.8525403
            ],
            [
              174.7621684,
              -36.8525637
            ],
            [
              174.7622546,
              -36.852531
            ],
            [
              174.7622931,
              -36.8524468
            ],
            [
              174.7622686,
              -36.8524095
            ],
            [
              174.7623119,
              -36.8523111
            ],
            [
              174.7623206,
              -36.8522914
            ],
            [
              174.7623274,
              -36.852276
            ],
            [
              174.762367,
              -36.8522613
            ],
            [
              174.7626233,
              -36.8521614
            ],
            [
              174.7627271,
              -36.8519267
            ],
            [
              174.7628318,
              -36.8516792
            ],
            [
              174.7628226,
              -36.8516635
            ],
            [
              174.7627452,
              -36.8515352
            ],
            [
              174.7625637,
              -36.8514849
            ],
            [
              174.7625297,
              -36.8514985
            ],
            [
              174.7624392,
              -36.8515347
            ],
            [
              174.7623903,
              -36.8515543
            ],
            [
              174.7623641,
              -36.8515648
            ],
            [
              174.7623347,
              -36.8515766
            ],
            [
              174.7623236,
              -36.851581
            ],
            [
              174.7621886,
              -36.8515427
            ],
            [
              174.7621543,
              -36.851533
            ],
            [
              174.7620553,
              -36.8515047
            ],
            [
              174.7619892,
              -36.8514862
            ],
            [
              174.7619815,
              -36.8514841
            ],
            [
              174.761966,
              -36.8514911
            ],
            [
              174.7619251,
              -36.8515105
            ],
            [
              174.7618932,
              -36.8515254
            ],
            [
              174.7618371,
              -36.8515516
            ],
            [
              174.761816,
              -36.8515572
            ],
            [
              174.7617047,
              -36.8516136
            ],
            [
              174.7616343,
              -36.8517474
            ],
            [
              174.7616261,
              -36.8517654
            ],
            [
              174.7616168,
              -36.8517835
            ],
            [
              174.7616815,
              -36.8518004
            ],
            [
              174.7616362,
              -36.851903
            ],
            [
              174.7616537,
              -36.8519079
            ],
            [
              174.7616952,
              -36.8519193
            ],
            [
              174.7617134,
              -36.8519243
            ],
            [
              174.7617629,
              -36.851938
            ],
            [
              174.7617986,
              -36.8519479
            ],
            [
              174.7618343,
              -36.8519578
            ],
            [
              174.7618219,
              -36.8519855
            ],
            [
              174.761812,
              -36.8520076
            ]
          ]
        ]
      }
    },
    {
      "type": "Feature",
      "properties": {
        "id": "b-auk-0002",
        "building_id": "B-AUK-0002",
        "ulpin": "NZ-AUK-CBD-BL-000003-8",
        "name": "SkyCity Hotel",
        "floors": 9,
        "height_m": 28.8,
        "base_elevation_msl": 7.5,
        "roof_elevation_msl": 36.3,
        "structure_type": "hotel",
        "centroid": [
          174.761531,
          -36.84932
        ]
      },
      "geometry": {
        "type": "Polygon",
        "coordinates": [
          [
            [
              174.7617458,
              -36.8499775
            ],
            [
              174.7617887,
              -36.8498879
            ],
            [
              174.7617969,
              -36.8498709
            ],
            [
              174.7619328,
              -36.8495805
            ],
            [
              174.761965,
              -36.8495092
            ],
            [
              174.7619767,
              -36.8495125
            ],
            [
              174.7620883,
              -36.8492527
            ],
            [
              174.7621039,
              -36.8492173
            ],
            [
              174.7621691,
              -36.8490708
            ],
            [
              174.7621905,
              -36.8490198
            ],
            [
              174.7622335,
              -36.848929
            ],
            [
              174.7621669,
              -36.8489107
            ],
            [
              174.7621738,
              -36.8488995
            ],
            [
              174.7622043,
              -36.8489071
            ],
            [
              174.762114,
              -36.848778
            ],
            [
              174.7620441,
              -36.848678
            ],
            [
              174.7619766,
              -36.8485813
            ],
            [
              174.761909,
              -36.8484847
            ],
            [
              174.7618916,
              -36.8484732
            ],
            [
              174.7619567,
              -36.848319
            ],
            [
              174.7619725,
              -36.8482815
            ],
            [
              174.7619879,
              -36.848245
            ],
            [
              174.7617552,
              -36.8481821
            ],
            [
              174.7617242,
              -36.8482559
            ],
            [
              174.7617058,
              -36.8482995
            ],
            [
              174.7616811,
              -36.8483583
            ],
            [
              174.7615312,
              -36.8486941
            ],
            [
              174.7615798,
              -36.8487073
            ],
            [
              174.761565,
              -36.8487423
            ],
            [
              174.7615152,
              -36.8487289
            ],
            [
              174.7614822,
              -36.8488118
            ],
            [
              174.7614526,
              -36.8488803
            ],
            [
              174.761423,
              -36.8489476
            ],
            [
              174.7612619,
              -36.8493079
            ],
            [
              174.7612731,
              -36.8493118
            ],
            [
              174.761287,
              -36.8493166
            ],
            [
              174.7612531,
              -36.8493947
            ],
            [
              174.7612314,
              -36.8494445
            ],
            [
              174.7612171,
              -36.8494776
            ],
            [
              174.7612092,
              -36.8494957
            ],
            [
              174.7611916,
              -36.8494909
            ],
            [
              174.7611647,
              -36.849551
            ],
            [
              174.7611559,
              -36.8495707
            ],
            [
              174.7611398,
              -36.8495665
            ],
            [
              174.7611189,
              -36.8496157
            ],
            [
              174.761113,
              -36.8496296
            ],
            [
              174.7611373,
              -36.8496373
            ],
            [
              174.7611325,
              -36.8496481
            ],
            [
              174.7611264,
              -36.8496619
            ],
            [
              174.7611207,
              -36.8496747
            ],
            [
              174.761114,
              -36.8496896
            ],
            [
              174.7610891,
              -36.8496834
            ],
            [
              174.7610592,
              -36.8497541
            ],
            [
              174.7610578,
              -36.8497602
            ],
            [
              174.7610585,
              -36.8497664
            ],
            [
              174.7610614,
              -36.8497721
            ],
            [
              174.7610661,
              -36.849777
            ],
            [
              174.7610733,
              -36.849781
            ],
            [
              174.7610816,
              -36.8497831
            ],
            [
              174.7610904,
              -36.8497829
            ],
            [
              174.7610987,
              -36.8497806
            ],
            [
              174.7612427,
              -36.8498214
            ],
            [
              174.761238,
              -36.849832
            ],
            [
              174.7612843,
              -36.8498452
            ],
            [
              174.761435,
              -36.8498882
            ],
            [
              174.7614822,
              -36.8499017
            ],
            [
              174.7615277,
              -36.8499147
            ],
            [
              174.7615683,
              -36.8499263
            ],
            [
              174.7615858,
              -36.8499313
            ],
            [
              174.7616177,
              -36.8499404
            ],
            [
              174.7617176,
              -36.8499689
            ],
            [
              174.7617458,
              -36.8499775
            ]
          ],
          [
            [
              174.761745,
              -36.8488163
            ],
            [
              174.7619805,
              -36.8488837
            ],
            [
              174.7618909,
              -36.8490843
            ],
            [
              174.7616554,
              -36.8490169
            ],
            [
              174.761745,
              -36.8488163
            ]
          ]
        ]
      }
    },
    {
      "type": "Feature",
      "properties": {
        "id": "b-auk-0008",
        "building_id": "B-AUK-0008",
        "ulpin": "NZ-AUK-CBD-BL-000009-8",
        "name": "Old Government House",
        "floors": 10,
        "height_m": 32.0,
        "base_elevation_msl": 7.5,
        "roof_elevation_msl": 39.5,
        "structure_type": "university",
        "centroid": [
          174.770466,
          -36.849885
        ]
      },
      "geometry": {
        "type": "Polygon",
        "coordinates": [
          [
            [
              174.7706618,
              -36.8499991
            ],
            [
              174.7706765,
              -36.8499904
            ],
            [
              174.7706708,
              -36.8499842
            ],
            [
              174.7706839,
              -36.8499764
            ],
            [
              174.7706409,
              -36.8499302
            ],
            [
              174.7706499,
              -36.8499249
            ],
            [
              174.7705655,
              -36.8498346
            ],
            [
              174.770572,
              -36.8498307
            ],
            [
              174.770566,
              -36.8498243
            ],
            [
              174.7705321,
              -36.8497882
            ],
            [
              174.7705253,
              -36.849781
            ],
            [
              174.7705215,
              -36.8497833
            ],
            [
              174.7704357,
              -36.8496922
            ],
            [
              174.7704267,
              -36.8496976
            ],
            [
              174.7703819,
              -36.8496501
            ],
            [
              174.7703686,
              -36.8496582
            ],
            [
              174.7703642,
              -36.8496535
            ],
            [
              174.7703175,
              -36.8496817
            ],
            [
              174.7703058,
              -36.8496694
            ],
            [
              174.7702599,
              -36.8496971
            ],
            [
              174.7702706,
              -36.8497085
            ],
            [
              174.7702252,
              -36.8497359
            ],
            [
              174.7702295,
              -36.8497405
            ],
            [
              174.7701891,
              -36.849765
            ],
            [
              174.7701953,
              -36.8497715
            ],
            [
              174.7701009,
              -36.8498286
            ],
            [
              174.7701465,
              -36.8498769
            ],
            [
              174.770149,
              -36.8498762
            ],
            [
              174.7702942,
              -36.8500377
            ],
            [
              174.7704834,
              -36.8499295
            ],
            [
              174.7705057,
              -36.8499545
            ],
            [
              174.7704188,
              -36.8500042
            ],
            [
              174.7704515,
              -36.8500402
            ],
            [
              174.7705016,
              -36.8500111
            ],
            [
              174.7705496,
              -36.8500639
            ],
            [
              174.7705545,
              -36.850061
            ],
            [
              174.7706252,
              -36.8501381
            ],
            [
              174.7706317,
              -36.8501343
            ],
            [
              174.7706517,
              -36.8501559
            ],
            [
              174.7707228,
              -36.8501139
            ],
            [
              174.7706629,
              -36.850049
            ],
            [
              174.770692,
              -36.8500318
            ],
            [
              174.7706618,
              -36.8499991
            ]
          ],
          [
            [
              174.7703794,
              -36.8499343
            ],
            [
              174.7704223,
              -36.849908
            ],
            [
              174.7703429,
              -36.8498222
            ],
            [
              174.7703586,
              -36.8498125
            ],
            [
              174.770363,
              -36.8498163
            ],
            [
              174.7703677,
              -36.8498131
            ],
            [
              174.770372,
              -36.8498164
            ],
            [
              174.7704006,
              -36.8498468
            ],
            [
              174.7703941,
              -36.8498511
            ],
            [
              174.7703993,
              -36.8498577
            ],
            [
              174.7703884,
              -36.8498645
            ],
            [
              174.7704319,
              -36.8499121
            ],
            [
              174.7704099,
              -36.8499253
            ],
            [
              174.7704207,
              -36.8499369
            ],
            [
              174.7703962,
              -36.8499515
            ],
            [
              174.7703794,
              -36.8499343
            ]
          ]
        ]
      }
    },
    {
      "type": "Feature",
      "properties": {
        "id": "b-auk-0010",
        "building_id": "B-AUK-0010",
        "ulpin": "NZ-AUK-CBD-BL-000011-8",
        "name": "Stuart McCutcheon House (838)",
        "floors": 9,
        "height_m": 28.8,
        "base_elevation_msl": 7.5,
        "roof_elevation_msl": 36.3,
        "structure_type": "dormitory",
        "centroid": [
          174.774451,
          -36.852369
        ]
      },
      "geometry": {
        "type": "Polygon",
        "coordinates": [
          [
            [
              174.7744818,
              -36.852022
            ],
            [
              174.7740578,
              -36.8524676
            ],
            [
              174.7740668,
              -36.8525131
            ],
            [
              174.7745849,
              -36.8528286
            ],
            [
              174.7750329,
              -36.8523577
            ],
            [
              174.7744818,
              -36.852022
            ]
          ],
          [
            [
              174.774512,
              -36.8522076
            ],
            [
              174.7748054,
              -36.8523915
            ],
            [
              174.7745514,
              -36.8526511
            ],
            [
              174.7742579,
              -36.8524672
            ],
            [
              174.774512,
              -36.8522076
            ]
          ]
        ]
      }
    },
    {
      "type": "Feature",
      "properties": {
        "id": "b-auk-0011",
        "building_id": "B-AUK-0011",
        "ulpin": "NZ-AUK-CBD-BL-000012-8",
        "name": "Fanshawe Car Park",
        "floors": 10,
        "height_m": 32.0,
        "base_elevation_msl": 7.5,
        "roof_elevation_msl": 39.5,
        "structure_type": "parking",
        "centroid": [
          174.760071,
          -36.846081
        ]
      },
      "geometry": {
        "type": "Polygon",
        "coordinates": [
          [
            [
              174.7594495,
              -36.8459517
            ],
            [
              174.7595215,
              -36.8462483
            ],
            [
              174.7595117,
              -36.8463396
            ],
            [
              174.7600849,
              -36.8463574
            ],
            [
              174.7601286,
              -36.8463595
            ],
            [
              174.7601291,
              -36.8463545
            ],
            [
              174.760146,
              -36.8463558
            ],
            [
              174.7601545,
              -36.8462449
            ],
            [
              174.7603438,
              -36.846253
            ],
            [
              174.7603385,
              -36.8462022
            ],
            [
              174.7604572,
              -36.8458555
            ],
            [
              174.7604493,
              -36.8458238
            ],
            [
              174.7604273,
              -36.8458121
            ],
            [
              174.7604077,
              -36.8458016
            ],
            [
              174.7603729,
              -36.8458084
            ],
            [
              174.7603654,
              -36.8457994
            ],
            [
              174.7595469,
              -36.8459355
            ],
            [
              174.7594495,
              -36.8459517
            ]
          ],
          [
            [
              174.7598145,
              -36.8462037
            ],
            [
              174.759912,
              -36.8461891
            ],
            [
              174.7599209,
              -36.8462196
            ],
            [
              174.7599224,
              -36.8462228
            ],
            [
              174.7599251,
              -36.8462255
            ],
            [
              174.7599286,
              -36.8462274
            ],
            [
              174.7599327,
              -36.8462285
            ],
            [
              174.759937,
              -36.8462284
            ],
            [
              174.7599415,
              -36.8462273
            ],
            [
              174.7599452,
              -36.846225
            ],
            [
              174.7599478,
              -36.8462219
            ],
            [
              174.759949,
              -36.8462182
            ],
            [
              174.7599487,
              -36.8462145
            ],
            [
              174.7599412,
              -36.8461846
            ],
            [
              174.7600083,
              -36.8461736
            ],
            [
              174.7600051,
              -36.8461852
            ],
            [
              174.7599998,
              -36.8461969
            ],
            [
              174.7599877,
              -36.8462107
            ],
            [
              174.7599775,
              -36.8462209
            ],
            [
              174.7599654,
              -36.8462286
            ],
            [
              174.7599512,
              -36.8462363
            ],
            [
              174.759937,
              -36.8462409
            ],
            [
              174.7599201,
              -36.8462442
            ],
            [
              174.7599032,
              -36.8462443
            ],
            [
              174.7598864,
              -36.8462435
            ],
            [
              174.7598692,
              -36.8462398
            ],
            [
              174.7598548,
              -36.8462339
            ],
            [
              174.7598411,
              -36.8462263
            ],
            [
              174.7598284,
              -36.8462174
            ],
            [
              174.7598145,
              -36.8462037
            ]
          ]
        ]
      }
    },
    {
      "type": "Feature",
      "properties": {
        "id": "b-auk-0012",
        "building_id": "B-AUK-0012",
        "ulpin": "NZ-AUK-CBD-BL-000013-8",
        "name": "Wilson Parking",
        "floors": 10,
        "height_m": 32.0,
        "base_elevation_msl": 7.5,
        "roof_elevation_msl": 39.5,
        "structure_type": "parking",
        "centroid": [
          174.76194,
          -36.845875
        ]
      },
      "geometry": {
        "type": "Polygon",
        "coordinates": [
          [
            [
              174.7614261,
              -36.8460192
            ],
            [
              174.7622282,
              -36.8462607
            ],
            [
              174.7622739,
              -36.8462744
            ],
            [
              174.7623858,
              -36.846033
            ],
            [
              174.7623258,
              -36.8460149
            ],
            [
              174.7623436,
              -36.8459771
            ],
            [
              174.7624036,
              -36.8459953
            ],
            [
              174.7624385,
              -36.8459218
            ],
            [
              174.7625198,
              -36.8457502
            ],
            [
              174.7619759,
              -36.8455867
            ],
            [
              174.7616719,
              -36.8454953
            ],
            [
              174.7616536,
              -36.8455345
            ],
            [
              174.7615566,
              -36.8457386
            ],
            [
              174.7616165,
              -36.8457568
            ],
            [
              174.7615988,
              -36.8457944
            ],
            [
              174.7615388,
              -36.8457762
            ],
            [
              174.7615282,
              -36.8458021
            ],
            [
              174.7614261,
              -36.8460192
            ]
          ],
          [
            [
              174.7623022,
              -36.8459646
            ],
            [
              174.7623142,
              -36.8459682
            ],
            [
              174.7622969,
              -36.8460061
            ],
            [
              174.7622849,
              -36.8460024
            ],
            [
              174.7623022,
              -36.8459646
            ]
          ],
          [
            [
              174.7616562,
              -36.8457688
            ],
            [
              174.7622691,
              -36.8459545
            ],
            [
              174.7622512,
              -36.8459922
            ],
            [
              174.7616383,
              -36.8458064
            ],
            [
              174.7616562,
              -36.8457688
            ]
          ]
        ]
      }
    },
    {
      "type": "Feature",
      "properties": {
        "id": "b-auk-0013",
        "building_id": "B-AUK-0013",
        "ulpin": "NZ-AUK-CBD-BL-000014-8",
        "name": "WH Building",
        "floors": 10,
        "height_m": 32.0,
        "base_elevation_msl": 7.5,
        "roof_elevation_msl": 39.5,
        "structure_type": "university",
        "centroid": [
          174.766154,
          -36.852333
        ]
      },
      "geometry": {
        "type": "Polygon",
        "coordinates": [
          [
            [
              174.7659977,
              -36.8520913
            ],
            [
              174.766028,
              -36.8522884
            ],
            [
              174.7660241,
              -36.8523216
            ],
            [
              174.7660118,
              -36.8523776
            ],
            [
              174.7658209,
              -36.852698
            ],
            [
              174.7658325,
              -36.8527017
            ],
            [
              174.7657609,
              -36.8528069
            ],
            [
              174.7659937,
              -36.8529011
            ],
            [
              174.7660031,
              -36.8528743
            ],
            [
              174.7662599,
              -36.8524558
            ],
            [
              174.7662836,
              -36.852411
            ],
            [
              174.7662947,
              -36.8523665
            ],
            [
              174.7662957,
              -36.8523205
            ],
            [
              174.7662899,
              -36.8522539
            ],
            [
              174.7662886,
              -36.8522491
            ],
            [
              174.7662855,
              -36.8522449
            ],
            [
              174.7662808,
              -36.8522416
            ],
            [
              174.7662752,
              -36.8522398
            ],
            [
              174.766269,
              -36.8522394
            ],
            [
              174.7662629,
              -36.8522407
            ],
            [
              174.7662577,
              -36.8522436
            ],
            [
              174.7662539,
              -36.8522476
            ],
            [
              174.7662519,
              -36.8522524
            ],
            [
              174.766252,
              -36.8522574
            ],
            [
              174.7662434,
              -36.8522577
            ],
            [
              174.7662243,
              -36.8521494
            ],
            [
              174.7662136,
              -36.8521506
            ],
            [
              174.7662108,
              -36.8521341
            ],
            [
              174.7661559,
              -36.8521405
            ],
            [
              174.7661425,
              -36.8520804
            ],
            [
              174.7659977,
              -36.8520913
            ]
          ],
          [
            [
              174.7659109,
              -36.8527313
            ],
            [
              174.7660137,
              -36.8527721
            ],
            [
              174.7659764,
              -36.8528321
            ],
            [
              174.7658737,
              -36.8527914
            ],
            [
              174.7659109,
              -36.8527313
            ]
          ]
        ]
      }
    },
    {
      "type": "Feature",
      "properties": {
        "id": "b-auk-0015",
        "building_id": "B-AUK-0015",
        "ulpin": "NZ-AUK-CBD-BL-000016-8",
        "name": "Old Choral Hall",
        "floors": 3,
        "height_m": 9.6,
        "base_elevation_msl": 7.5,
        "roof_elevation_msl": 17.1,
        "structure_type": "university",
        "centroid": [
          174.770303,
          -36.851457
        ]
      },
      "geometry": {
        "type": "Polygon",
        "coordinates": [
          [
            [
              174.7702788,
              -36.8517678
            ],
            [
              174.7703681,
              -36.8517094
            ],
            [
              174.7703005,
              -36.8516564
            ],
            [
              174.7703607,
              -36.851606
            ],
            [
              174.7704228,
              -36.8515541
            ],
            [
              174.770487,
              -36.8516047
            ],
            [
              174.7706361,
              -36.8514807
            ],
            [
              174.7705879,
              -36.8514425
            ],
            [
              174.7705489,
              -36.8514117
            ],
            [
              174.7705254,
              -36.8513931
            ],
            [
              174.7704647,
              -36.8514449
            ],
            [
              174.7704499,
              -36.8514576
            ],
            [
              174.7704274,
              -36.8514389
            ],
            [
              174.7704049,
              -36.8514201
            ],
            [
              174.7704203,
              -36.8514079
            ],
            [
              174.7704659,
              -36.8513715
            ],
            [
              174.7703871,
              -36.8513084
            ],
            [
              174.7702782,
              -36.8514014
            ],
            [
              174.7702532,
              -36.8513813
            ],
            [
              174.7702281,
              -36.8513612
            ],
            [
              174.7703526,
              -36.851257
            ],
            [
              174.7702406,
              -36.8511715
            ],
            [
              174.7701115,
              -36.8512813
            ],
            [
              174.7701168,
              -36.8512849
            ],
            [
              174.770089,
              -36.8513048
            ],
            [
              174.7700903,
              -36.8513061
            ],
            [
              174.769926,
              -36.8514396
            ],
            [
              174.7700096,
              -36.8515031
            ],
            [
              174.7699698,
              -36.851567
            ],
            [
              174.7699258,
              -36.8516574
            ],
            [
              174.7702788,
              -36.8517678
            ]
          ],
          [
            [
              174.7700544,
              -36.8515659
            ],
            [
              174.7700837,
              -36.8515081
            ],
            [
              174.7701865,
              -36.8515796
            ],
            [
              174.7701662,
              -36.8515991
            ],
            [
              174.7700544,
              -36.8515659
            ]
          ]
        ]
      }
    },
    {
      "type": "Feature",
      "properties": {
        "id": "b-auk-0016",
        "building_id": "B-AUK-0016",
        "ulpin": "NZ-AUK-CBD-BL-000017-8",
        "name": "HomeGround",
        "floors": 9,
        "height_m": 28.8,
        "base_elevation_msl": 7.5,
        "roof_elevation_msl": 36.3,
        "structure_type": "yes",
        "centroid": [
          174.76089,
          -36.850786
        ]
      },
      "geometry": {
        "type": "Polygon",
        "coordinates": [
          [
            [
              174.7607021,
              -36.8505738
            ],
            [
              174.7606316,
              -36.8507338
            ],
            [
              174.7605796,
              -36.850852
            ],
            [
              174.7607219,
              -36.8508921
            ],
            [
              174.7609383,
              -36.8509532
            ],
            [
              174.7612773,
              -36.8510488
            ],
            [
              174.7613999,
              -36.8507707
            ],
            [
              174.7610572,
              -36.850674
            ],
            [
              174.7607021,
              -36.8505738
            ]
          ],
          [
            [
              174.7611294,
              -36.8508267
            ],
            [
              174.7611683,
              -36.8507373
            ],
            [
              174.7612175,
              -36.8507496
            ],
            [
              174.7612194,
              -36.8507659
            ],
            [
              174.7612832,
              -36.8507894
            ],
            [
              174.7612404,
              -36.8508445
            ],
            [
              174.7611294,
              -36.8508267
            ]
          ]
        ]
      }
    },
    {
      "type": "Feature",
      "properties": {
        "id": "b-auk-0018",
        "building_id": "B-AUK-0018",
        "ulpin": "NZ-AUK-CBD-BL-000019-8",
        "name": "Sky Tower",
        "floors": 10,
        "height_m": 32.0,
        "base_elevation_msl": 7.5,
        "roof_elevation_msl": 39.5,
        "structure_type": "yes",
        "centroid": [
          174.762168,
          -36.848466
        ]
      },
      "geometry": {
        "type": "Polygon",
        "coordinates": [
          [
            [
              174.7620957,
              -36.8482997
            ],
            [
              174.7620773,
              -36.8483068
            ],
            [
              174.7620598,
              -36.8483152
            ],
            [
              174.7620433,
              -36.8483248
            ],
            [
              174.7620281,
              -36.8483356
            ],
            [
              174.762014,
              -36.8483474
            ],
            [
              174.7620014,
              -36.8483602
            ],
            [
              174.7619901,
              -36.8483739
            ],
            [
              174.7619806,
              -36.8483882
            ],
            [
              174.7619727,
              -36.8484033
            ],
            [
              174.7619665,
              -36.8484188
            ],
            [
              174.7619621,
              -36.8484348
            ],
            [
              174.7619595,
              -36.8484509
            ],
            [
              174.7619587,
              -36.8484672
            ],
            [
              174.7619599,
              -36.8484835
            ],
            [
              174.7619628,
              -36.8484997
            ],
            [
              174.7619674,
              -36.8485155
            ],
            [
              174.7619739,
              -36.848531
            ],
            [
              174.7619822,
              -36.8485459
            ],
            [
              174.761992,
              -36.8485602
            ],
            [
              174.7620034,
              -36.8485737
            ],
            [
              174.7620163,
              -36.8485863
            ],
            [
              174.7620307,
              -36.8485979
            ],
            [
              174.7620461,
              -36.8486085
            ],
            [
              174.7620628,
              -36.8486179
            ],
            [
              174.7620805,
              -36.848626
            ],
            [
              174.762099,
              -36.8486329
            ],
            [
              174.7621182,
              -36.8486384
            ],
            [
              174.7621379,
              -36.8486424
            ],
            [
              174.7621581,
              -36.8486452
            ],
            [
              174.7621784,
              -36.8486463
            ],
            [
              174.7621987,
              -36.848646
            ],
            [
              174.7622239,
              -36.8486436
            ],
            [
              174.7622486,
              -36.8486389
            ],
            [
              174.7622725,
              -36.848632
            ],
            [
              174.7622951,
              -36.8486231
            ],
            [
              174.7623165,
              -36.8486122
            ],
            [
              174.7623362,
              -36.8485994
            ],
            [
              174.762354,
              -36.8485849
            ],
            [
              174.7623696,
              -36.848569
            ],
            [
              174.7623828,
              -36.8485518
            ],
            [
              174.7623937,
              -36.8485334
            ],
            [
              174.7624018,
              -36.8485142
            ],
            [
              174.7624073,
              -36.8484944
            ],
            [
              174.7624098,
              -36.8484742
            ],
            [
              174.7624096,
              -36.848454
            ],
            [
              174.7624065,
              -36.8484338
            ],
            [
              174.7624006,
              -36.8484141
            ],
            [
              174.7623921,
              -36.848395
            ],
            [
              174.7623808,
              -36.8483769
            ],
            [
              174.7623672,
              -36.8483598
            ],
            [
              174.7623512,
              -36.8483441
            ],
            [
              174.7623331,
              -36.8483299
            ],
            [
              174.7623131,
              -36.8483174
            ],
            [
              174.7622915,
              -36.8483068
            ],
            [
              174.7622685,
              -36.8482982
            ],
            [
              174.7622445,
              -36.8482917
            ],
            [
              174.7622198,
              -36.8482874
            ],
            [
              174.7621946,
              -36.8482853
            ],
            [
              174.7621692,
              -36.8482856
            ],
            [
              174.7621441,
              -36.8482881
            ],
            [
              174.7621195,
              -36.8482928
            ],
            [
              174.7620957,
              -36.8482997
            ]
          ],
          [
            [
              174.7621767,
              -36.8483169
            ],
            [
              174.7621745,
              -36.8482949
            ],
            [
              174.7621933,
              -36.8482947
            ],
            [
              174.7622094,
              -36.848296
            ],
            [
              174.762208,
              -36.8483181
            ],
            [
              174.7622045,
              -36.8483176
            ],
            [
              174.7621836,
              -36.8483166
            ],
            [
              174.7621767,
              -36.8483169
            ]
          ],
          [
            [
              174.7621405,
              -36.8483206
            ],
            [
              174.7621334,
              -36.8482996
            ],
            [
              174.7621454,
              -36.8482974
            ],
            [
              174.7621691,
              -36.848295
            ],
            [
              174.7621713,
              -36.8483172
            ],
            [
              174.7621627,
              -36.8483176
            ],
            [
              174.762142,
              -36.8483203
            ],
            [
              174.7621405,
              -36.8483206
            ]
          ],
          [
            [
              174.7621047,
              -36.8483305
            ],
            [
              174.7620927,
              -36.848311
            ],
            [
              174.7620995,
              -36.8483084
            ],
            [
              174.7621221,
              -36.8483018
            ],
            [
              174.7621282,
              -36.8483006
            ],
            [
              174.7621353,
              -36.8483218
            ],
            [
              174.7621219,
              -36.8483249
            ],
            [
              174.7621047,
              -36.8483305
            ]
          ],
          [
            [
              174.762073,
              -36.8483454
            ],
            [
              174.7620563,
              -36.8483283
            ],
            [
              174.7620654,
              -36.8483231
            ],
            [
              174.762082,
              -36.8483151
            ],
            [
              174.7620879,
              -36.8483128
            ],
            [
              174.7620998,
              -36.8483324
            ],
            [
              174.7620877,
              -36.8483376
            ],
            [
              174.7620736,
              -36.848345
            ],
            [
              174.762073,
              -36.8483454
            ]
          ],
          [
            [
              174.7620465,
              -36.8483644
            ],
            [
              174.7620258,
              -36.8483504
            ],
            [
              174.7620353,
              -36.8483424
            ],
            [
              174.7620498,
              -36.8483322
            ],
            [
              174.762052,
              -36.8483309
            ],
            [
              174.7620688,
              -36.8483481
            ],
            [
              174.7620604,
              -36.8483534
            ],
            [
              174.7620483,
              -36.8483627
            ],
            [
              174.7620465,
              -36.8483644
            ]
          ],
          [
            [
              174.7620243,
              -36.8483878
            ],
            [
              174.7620012,
              -36.8483765
            ],
            [
              174.76201,
              -36.8483658
            ],
            [
              174.762022,
              -36.8483535
            ],
            [
              174.7620429,
              -36.8483676
            ],
            [
              174.7620372,
              -36.8483728
            ],
            [
              174.7620273,
              -36.8483838
            ],
            [
              174.7620243,
              -36.8483878
            ]
          ],
          [
            [
              174.7620096,
              -36.8484112
            ],
            [
              174.7619836,
              -36.848405
            ],
            [
              174.7619903,
              -36.8483923
            ],
            [
              174.7619984,
              -36.8483801
            ],
            [
              174.7620216,
              -36.8483914
            ],
            [
              174.7620186,
              -36.8483954
            ],
            [
              174.7620113,
              -36.8484075
            ],
            [
              174.7620096,
              -36.8484112
            ]
          ],
          [
            [
              174.7619997,
              -36.8484393
            ],
            [
              174.7619728,
              -36.8484364
            ],
            [
              174.7619769,
              -36.8484214
            ],
            [
              174.7619818,
              -36.848409
            ],
            [
              174.7620078,
              -36.8484152
            ],
            [
              174.7620055,
              -36.8484201
            ],
            [
              174.7620011,
              -36.8484331
            ],
            [
              174.7619997,
              -36.8484393
            ]
          ],
          [
            [
              174.7619967,
              -36.8484696
            ],
            [
              174.7619697,
              -36.8484704
            ],
            [
              174.7619695,
              -36.8484673
            ],
            [
              174.7619703,
              -36.8484518
            ],
            [
              174.761972,
              -36.8484407
            ],
            [
              174.7619987,
              -36.8484435
            ],
            [
              174.7619981,
              -36.8484464
            ],
            [
              174.7619967,
              -36.8484598
            ],
            [
              174.7619967,
              -36.8484696
            ]
          ],
          [
            [
              174.7620012,
              -36.8484986
            ],
            [
              174.7619752,
              -36.8485044
            ],
            [
              174.7619734,
              -36.8484981
            ],
            [
              174.7619706,
              -36.8484827
            ],
            [
              174.76197,
              -36.8484747
            ],
            [
              174.7619968,
              -36.8484739
            ],
            [
              174.7619984,
              -36.8484867
            ],
            [
              174.7620012,
              -36.8484986
            ]
          ],
          [
            [
              174.762013,
              -36.8485272
            ],
            [
              174.7619888,
              -36.8485367
            ],
            [
              174.7619839,
              -36.8485278
            ],
            [
              174.7619777,
              -36.8485131
            ],
            [
              174.7619764,
              -36.8485086
            ],
            [
              174.7620025,
              -36.8485028
            ],
            [
              174.762006,
              -36.8485129
            ],
            [
              174.762012,
              -36.8485255
            ],
            [
              174.762013,
              -36.8485272
            ]
          ],
          [
            [
              174.7620302,
              -36.8485513
            ],
            [
              174.7620093,
              -36.8485653
            ],
            [
              174.7620011,
              -36.8485555
            ],
            [
              174.7619918,
              -36.8485419
            ],
            [
              174.761991,
              -36.8485406
            ],
            [
              174.7620154,
              -36.848531
            ],
            [
              174.7620195,
              -36.8485376
            ],
            [
              174.7620282,
              -36.8485491
            ],
            [
              174.7620302,
              -36.8485513
            ]
          ],
          [
            [
              174.7620544,
              -36.8485736
            ],
            [
              174.7620362,
              -36.84859
            ],
            [
              174.7620241,
              -36.8485803
            ],
            [
              174.7620124,
              -36.8485688
            ],
            [
              174.7620333,
              -36.8485547
            ],
            [
              174.7620382,
              -36.84856
            ],
            [
              174.7620495,
              -36.84857
            ],
            [
              174.7620544,
              -36.8485736
            ]
          ],
          [
            [
              174.7620819,
              -36.848591
            ],
            [
              174.7620683,
              -36.8486103
            ],
            [
              174.7620524,
              -36.8486013
            ],
            [
              174.7620402,
              -36.8485929
            ],
            [
              174.7620583,
              -36.8485766
            ],
            [
              174.7620618,
              -36.8485792
            ],
            [
              174.762075,
              -36.8485875
            ],
            [
              174.7620819,
              -36.848591
            ]
          ],
          [
            [
              174.7621161,
              -36.848605
            ],
            [
              174.762108,
              -36.848626
            ],
            [
              174.7621026,
              -36.8486245
            ],
            [
              174.762085,
              -36.8486179
            ],
            [
              174.7620731,
              -36.8486125
            ],
            [
              174.7620865,
              -36.8485934
            ],
            [
              174.7620892,
              -36.8485948
            ],
            [
              174.7621041,
              -36.848601
            ],
            [
              174.7621161,
              -36.848605
            ]
          ],
          [
            [
              174.7621461,
              -36.8486344
            ],
            [
              174.7621395,
              -36.8486335
            ],
            [
              174.7621208,
              -36.8486297
            ],
            [
              174.762113,
              -36.8486275
            ],
            [
              174.7621211,
              -36.8486066
            ],
            [
              174.7621358,
              -36.8486102
            ],
            [
              174.762149,
              -36.8486124
            ],
            [
              174.7621461,
              -36.8486344
            ]
          ],
          [
            [
              174.7621869,
              -36.8486371
            ],
            [
              174.7621779,
              -36.8486372
            ],
            [
              174.7621587,
              -36.8486362
            ],
            [
              174.7621515,
              -36.8486352
            ],
            [
              174.7621543,
              -36.8486132
            ],
            [
              174.762169,
              -36.8486147
            ],
            [
              174.7621852,
              -36.848615
            ],
            [
              174.7621869,
              -36.8486371
            ]
          ],
          [
            [
              174.7622272,
              -36.8486335
            ],
            [
              174.7622211,
              -36.8486346
            ],
            [
              174.7621972,
              -36.8486369
            ],
            [
              174.7621923,
              -36.848637
            ],
            [
              174.7621906,
              -36.8486148
            ],
            [
              174.7622026,
              -36.8486142
            ],
            [
              174.7622208,
              -36.8486118
            ],
            [
              174.7622272,
              -36.8486335
            ]
          ],
          [
            [
              174.762269,
              -36.8486229
            ],
            [
              174.7622672,
              -36.8486236
            ],
            [
              174.7622445,
              -36.8486302
            ],
            [
              174.7622325,
              -36.8486325
            ],
            [
              174.7622261,
              -36.8486109
            ],
            [
              174.7622434,
              -36.848607
            ],
            [
              174.7622574,
              -36.8486025
            ],
            [
              174.762269,
              -36.8486229
            ]
          ],
          [
            [
              174.7623066,
              -36.8486061
            ],
            [
              174.7622887,
              -36.8486152
            ],
            [
              174.7622738,
              -36.848621
            ],
            [
              174.7622627,
              -36.8486008
            ],
            [
              174.7622812,
              -36.8485927
            ],
            [
              174.7622902,
              -36.8485877
            ],
            [
              174.7623066,
              -36.8486061
            ]
          ],
          [
            [
              174.7623471,
              -36.8485763
            ],
            [
              174.7623445,
              -36.8485789
            ],
            [
              174.7623276,
              -36.8485927
            ],
            [
              174.7623109,
              -36.8486036
            ],
            [
              174.7622946,
              -36.8485852
            ],
            [
              174.7622984,
              -36.8485831
            ],
            [
              174.762314,
              -36.848572
            ],
            [
              174.7623255,
              -36.8485618
            ],
            [
              174.7623471,
              -36.8485763
            ]
          ],
          [
            [
              174.7623699,
              -36.8485501
            ],
            [
              174.7623593,
              -36.8485639
            ],
            [
              174.7623504,
              -36.8485729
            ],
            [
              174.762329,
              -36.8485585
            ],
            [
              174.7623403,
              -36.8485459
            ],
            [
              174.7623448,
              -36.8485394
            ],
            [
              174.7623699,
              -36.8485501
            ]
          ],
          [
            [
              174.7623864,
              -36.8485201
            ],
            [
              174.7623822,
              -36.8485301
            ],
            [
              174.7623725,
              -36.8485464
            ],
            [
              174.7623474,
              -36.8485357
            ],
            [
              174.7623505,
              -36.8485313
            ],
            [
              174.7623587,
              -36.8485159
            ],
            [
              174.7623596,
              -36.8485133
            ],
            [
              174.7623864,
              -36.8485201
            ]
          ],
          [
            [
              174.7623959,
              -36.8484867
            ],
            [
              174.7623951,
              -36.8484931
            ],
            [
              174.7623899,
              -36.8485119
            ],
            [
              174.7623881,
              -36.848516
            ],
            [
              174.7623612,
              -36.8485092
            ],
            [
              174.7623646,
              -36.8484998
            ],
            [
              174.7623676,
              -36.848486
            ],
            [
              174.7623959,
              -36.8484867
            ]
          ],
          [
            [
              174.7623973,
              -36.8484572
            ],
            [
              174.7623975,
              -36.8484739
            ],
            [
              174.7623964,
              -36.8484825
            ],
            [
              174.7623683,
              -36.8484817
            ],
            [
              174.7623694,
              -36.8484666
            ],
            [
              174.762369,
              -36.8484593
            ],
            [
              174.7623973,
              -36.8484572
            ]
          ],
          [
            [
              174.762392,
              -36.8484276
            ],
            [
              174.7623943,
              -36.8484356
            ],
            [
              174.762397,
              -36.8484529
            ],
            [
              174.7623687,
              -36.848455
            ],
            [
              174.7623684,
              -36.8484499
            ],
            [
              174.762365,
              -36.8484332
            ],
            [
              174.762392,
              -36.8484276
            ]
          ],
          [
            [
              174.7623752,
              -36.84839
            ],
            [
              174.7623807,
              -36.8483988
            ],
            [
              174.7623887,
              -36.8484169
            ],
            [
              174.7623907,
              -36.8484234
            ],
            [
              174.7623634,
              -36.8484288
            ],
            [
              174.7623592,
              -36.8484173
            ],
            [
              174.7623514,
              -36.8484017
            ],
            [
              174.7623505,
              -36.8484003
            ],
            [
              174.7623752,
              -36.84839
            ]
          ],
          [
            [
              174.7623538,
              -36.8483622
            ],
            [
              174.7623571,
              -36.8483654
            ],
            [
              174.76237,
              -36.8483816
            ],
            [
              174.7623728,
              -36.8483862
            ],
            [
              174.7623479,
              -36.8483966
            ],
            [
              174.7623413,
              -36.848387
            ],
            [
              174.7623319,
              -36.8483763
            ],
            [
              174.7623538,
              -36.8483622
            ]
          ],
          [
            [
              174.762326,
              -36.848338
            ],
            [
              174.7623419,
              -36.8483505
            ],
            [
              174.7623504,
              -36.8483589
            ],
            [
              174.7623288,
              -36.8483728
            ],
            [
              174.7623154,
              -36.8483608
            ],
            [
              174.7623077,
              -36.8483553
            ],
            [
              174.762326,
              -36.848338
            ]
          ],
          [
            [
              174.7622936,
              -36.8483192
            ],
            [
              174.7623057,
              -36.8483252
            ],
            [
              174.7623219,
              -36.8483352
            ],
            [
              174.7623038,
              -36.8483524
            ],
            [
              174.7622998,
              -36.8483496
            ],
            [
              174.7622828,
              -36.8483398
            ],
            [
              174.7622798,
              -36.8483384
            ],
            [
              174.7622936,
              -36.8483192
            ]
          ],
          [
            [
              174.7622546,
              -36.8483046
            ],
            [
              174.7622634,
              -36.8483069
            ],
            [
              174.7622852,
              -36.8483151
            ],
            [
              174.762289,
              -36.8483169
            ],
            [
              174.762275,
              -36.8483363
            ],
            [
              174.7622645,
              -36.8483316
            ],
            [
              174.7622465,
              -36.8483256
            ],
            [
              174.7622546,
              -36.8483046
            ]
          ],
          [
            [
              174.7622133,
              -36.8483188
            ],
            [
              174.7622148,
              -36.8482965
            ],
            [
              174.7622172,
              -36.8482967
            ],
            [
              174.7622406,
              -36.8483008
            ],
            [
              174.7622495,
              -36.8483032
            ],
            [
              174.7622413,
              -36.8483243
            ],
            [
              174.7622251,
              -36.8483205
            ],
            [
              174.7622133,
              -36.8483188
            ]
          ]
        ]
      }
    },
    {
      "type": "Feature",
      "properties": {
        "id": "b-auk-0019",
        "building_id": "B-AUK-0019",
        "ulpin": "NZ-AUK-CBD-BL-000020-8",
        "name": "Social Sciences 201E",
        "floors": 6,
        "height_m": 19.2,
        "base_elevation_msl": 7.5,
        "roof_elevation_msl": 26.7,
        "structure_type": "university",
        "centroid": [
          174.771807,
          -36.851613
        ]
      },
      "geometry": {
        "type": "Polygon",
        "coordinates": [
          [
            [
              174.7718825,
              -36.8514128
            ],
            [
              174.7718607,
              -36.8514306
            ],
            [
              174.771919,
              -36.8514778
            ],
            [
              174.771451,
              -36.8518474
            ],
            [
              174.7714112,
              -36.8518774
            ],
            [
              174.7714792,
              -36.8519309
            ],
            [
              174.7714871,
              -36.8519255
            ],
            [
              174.7715817,
              -36.8520032
            ],
            [
              174.7715823,
              -36.8520027
            ],
            [
              174.7721709,
              -36.8515331
            ],
            [
              174.7720749,
              -36.8514567
            ],
            [
              174.7720832,
              -36.8514501
            ],
            [
              174.7720174,
              -36.8513968
            ],
            [
              174.7719824,
              -36.8514252
            ],
            [
              174.7719485,
              -36.8513984
            ],
            [
              174.7719057,
              -36.8514317
            ],
            [
              174.7718825,
              -36.8514128
            ]
          ]
        ]
      }
    },
    {
      "type": "Feature",
      "properties": {
        "id": "b-auk-0020",
        "building_id": "B-AUK-0020",
        "ulpin": "NZ-AUK-CBD-BL-000021-8",
        "name": "Cultures, Languages and Linguistics",
        "floors": 10,
        "height_m": 32.0,
        "base_elevation_msl": 7.5,
        "roof_elevation_msl": 39.5,
        "structure_type": "university",
        "centroid": [
          174.770989,
          -36.852112
        ]
      },
      "geometry": {
        "type": "Polygon",
        "coordinates": [
          [
            [
              174.7712878,
              -36.8523399
            ],
            [
              174.7712884,
              -36.852243
            ],
            [
              174.7712247,
              -36.8521918
            ],
            [
              174.7711629,
              -36.8521422
            ],
            [
              174.7710064,
              -36.8521404
            ],
            [
              174.7708843,
              -36.8520415
            ],
            [
              174.7708859,
              -36.8519575
            ],
            [
              174.7709628,
              -36.8518967
            ],
            [
              174.7709625,
              -36.85187
            ],
            [
              174.7709202,
              -36.8518387
            ],
            [
              174.7709202,
              -36.8518197
            ],
            [
              174.7708498,
              -36.8517651
            ],
            [
              174.770822,
              -36.8517641
            ],
            [
              174.7707548,
              -36.8518157
            ],
            [
              174.7707536,
              -36.851843
            ],
            [
              174.7707616,
              -36.851852
            ],
            [
              174.7707137,
              -36.8518894
            ],
            [
              174.7707181,
              -36.8520813
            ],
            [
              174.7706956,
              -36.8520972
            ],
            [
              174.7706988,
              -36.8521478
            ],
            [
              174.7708688,
              -36.8522868
            ],
            [
              174.7709343,
              -36.852287
            ],
            [
              174.7709602,
              -36.8522684
            ],
            [
              174.7710482,
              -36.8522684
            ],
            [
              174.771098,
              -36.8522684
            ],
            [
              174.7711287,
              -36.8522908
            ],
            [
              174.7711301,
              -36.852357
            ],
            [
              174.7711663,
              -36.8523884
            ],
            [
              174.7712269,
              -36.8523902
            ],
            [
              174.7712655,
              -36.8523578
            ],
            [
              174.7712652,
              -36.8523401
            ],
            [
              174.7712878,
              -36.8523399
            ]
          ]
        ]
      }
    },
    {
      "type": "Feature",
      "properties": {
        "id": "b-auk-0021",
        "building_id": "B-AUK-0021",
        "ulpin": "NZ-AUK-CBD-BL-000022-8",
        "name": "Belgrave",
        "floors": 2,
        "height_m": 6.4,
        "base_elevation_msl": 7.5,
        "roof_elevation_msl": 13.9,
        "structure_type": "university",
        "centroid": [
          174.77121,
          -36.85152
        ]
      },
      "geometry": {
        "type": "Polygon",
        "coordinates": [
          [
            [
              174.7712021,
              -36.8515777
            ],
            [
              174.7713027,
              -36.8514956
            ],
            [
              174.7712222,
              -36.8514324
            ],
            [
              174.7711216,
              -36.8515146
            ],
            [
              174.7712021,
              -36.8515777
            ]
          ]
        ]
      }
    },
    {
      "type": "Feature",
      "properties": {
        "id": "b-auk-0022",
        "building_id": "B-AUK-0022",
        "ulpin": "NZ-AUK-CBD-BL-000023-8",
        "name": "Mona",
        "floors": 2,
        "height_m": 6.4,
        "base_elevation_msl": 7.5,
        "roof_elevation_msl": 13.9,
        "structure_type": "university",
        "centroid": [
          174.770972,
          -36.851713
        ]
      },
      "geometry": {
        "type": "Polygon",
        "coordinates": [
          [
            [
              174.7710446,
              -36.8517002
            ],
            [
              174.7709859,
              -36.851653
            ],
            [
              174.7709289,
              -36.8516984
            ],
            [
              174.7709049,
              -36.8516791
            ],
            [
              174.7708531,
              -36.8517204
            ],
            [
              174.7709514,
              -36.8517994
            ],
            [
              174.771024,
              -36.8517415
            ],
            [
              174.7710084,
              -36.851729
            ],
            [
              174.7710446,
              -36.8517002
            ]
          ]
        ]
      }
    },
    {
      "type": "Feature",
      "properties": {
        "id": "b-auk-0023",
        "building_id": "B-AUK-0023",
        "ulpin": "NZ-AUK-CBD-BL-000024-8",
        "name": "Commerce A",
        "floors": 10,
        "height_m": 32.0,
        "base_elevation_msl": 7.5,
        "roof_elevation_msl": 39.5,
        "structure_type": "university",
        "centroid": [
          174.770439,
          -36.850472
        ]
      },
      "geometry": {
        "type": "Polygon",
        "coordinates": [
          [
            [
              174.7706863,
              -36.8505748
            ],
            [
              174.7702121,
              -36.8501995
            ],
            [
              174.7700681,
              -36.8503133
            ],
            [
              174.7705413,
              -36.8506951
            ],
            [
              174.7706863,
              -36.8505748
            ]
          ]
        ]
      }
    },
    {
      "type": "Feature",
      "properties": {
        "id": "b-auk-0024",
        "building_id": "B-AUK-0024",
        "ulpin": "NZ-AUK-CBD-BL-000025-8",
        "name": "Humanities Building",
        "floors": 10,
        "height_m": 32.0,
        "base_elevation_msl": 7.5,
        "roof_elevation_msl": 39.5,
        "structure_type": "university",
        "centroid": [
          174.771336,
          -36.851949
        ]
      },
      "geometry": {
        "type": "Polygon",
        "coordinates": [
          [
            [
              174.7713053,
              -36.8518737
            ],
            [
              174.7712588,
              -36.8518357
            ],
            [
              174.7712998,
              -36.8518037
            ],
            [
              174.7713905,
              -36.8517326
            ],
            [
              174.7714269,
              -36.8517041
            ],
            [
              174.7714504,
              -36.8516417
            ],
            [
              174.7714045,
              -36.8516024
            ],
            [
              174.7713348,
              -36.8516031
            ],
            [
              174.771027,
              -36.8518431
            ],
            [
              174.7710288,
              -36.8518991
            ],
            [
              174.7711174,
              -36.8519738
            ],
            [
              174.7711331,
              -36.8519762
            ],
            [
              174.7711847,
              -36.8520193
            ],
            [
              174.7712937,
              -36.8521106
            ],
            [
              174.7713491,
              -36.8521132
            ],
            [
              174.7713905,
              -36.8521475
            ],
            [
              174.7714298,
              -36.852179
            ],
            [
              174.7714361,
              -36.8521842
            ],
            [
              174.7714878,
              -36.8521841
            ],
            [
              174.7715362,
              -36.852146
            ],
            [
              174.7715357,
              -36.8521041
            ],
            [
              174.77144,
              -36.8520292
            ],
            [
              174.77142,
              -36.8520345
            ],
            [
              174.7714249,
              -36.8520464
            ],
            [
              174.7714026,
              -36.8520523
            ],
            [
              174.7713837,
              -36.8520064
            ],
            [
              174.7712624,
              -36.8519073
            ],
            [
              174.7712848,
              -36.8518898
            ],
            [
              174.7713053,
              -36.8518737
            ]
          ]
        ]
      }
    },
    {
      "type": "Feature",
      "properties": {
        "id": "b-auk-0025",
        "building_id": "B-AUK-0025",
        "ulpin": "NZ-AUK-CBD-BL-000026-8",
        "name": "Campus Security",
        "floors": 1,
        "height_m": 3.2,
        "base_elevation_msl": 7.5,
        "roof_elevation_msl": 10.7,
        "structure_type": "university",
        "centroid": [
          174.768907,
          -36.853778
        ]
      },
      "geometry": {
        "type": "Polygon",
        "coordinates": [
          [
            [
              174.7689244,
              -36.8539434
            ],
            [
              174.768958,
              -36.8539094
            ],
            [
              174.7691584,
              -36.8537107
            ],
            [
              174.7691557,
              -36.8536876
            ],
            [
              174.7690147,
              -36.8535982
            ],
            [
              174.768957,
              -36.8535616
            ],
            [
              174.7689328,
              -36.8535638
            ],
            [
              174.7687842,
              -36.8537106
            ],
            [
              174.7687028,
              -36.853791
            ],
            [
              174.7687626,
              -36.8538306
            ],
            [
              174.7687579,
              -36.8538362
            ],
            [
              174.7687616,
              -36.8538573
            ],
            [
              174.7689031,
              -36.8539454
            ],
            [
              174.7689244,
              -36.8539434
            ]
          ]
        ]
      }
    },
    {
      "type": "Feature",
      "properties": {
        "id": "b-auk-0026",
        "building_id": "B-AUK-0026",
        "ulpin": "NZ-AUK-CBD-BL-000027-8",
        "name": "Music",
        "floors": 2,
        "height_m": 6.4,
        "base_elevation_msl": 7.5,
        "roof_elevation_msl": 13.9,
        "structure_type": "university",
        "centroid": [
          174.771991,
          -36.85105
        ]
      },
      "geometry": {
        "type": "Polygon",
        "coordinates": [
          [
            [
              174.7720245,
              -36.8512715
            ],
            [
              174.7721705,
              -36.851217
            ],
            [
              174.7721765,
              -36.8512094
            ],
            [
              174.7721823,
              -36.8512096
            ],
            [
              174.7721906,
              -36.8512095
            ],
            [
              174.7721906,
              -36.8511945
            ],
            [
              174.7722007,
              -36.8511944
            ],
            [
              174.7722426,
              -36.8511611
            ],
            [
              174.7722656,
              -36.8511428
            ],
            [
              174.7723052,
              -36.8510675
            ],
            [
              174.7722337,
              -36.8510095
            ],
            [
              174.7721482,
              -36.8510096
            ],
            [
              174.7719996,
              -36.8511203
            ],
            [
              174.7718801,
              -36.8510352
            ],
            [
              174.7718812,
              -36.8509848
            ],
            [
              174.771914,
              -36.85096
            ],
            [
              174.7719508,
              -36.8509398
            ],
            [
              174.7719992,
              -36.8509315
            ],
            [
              174.7720435,
              -36.8509382
            ],
            [
              174.7720848,
              -36.8509601
            ],
            [
              174.7721084,
              -36.8509495
            ],
            [
              174.7721275,
              -36.8509479
            ],
            [
              174.7721393,
              -36.8509388
            ],
            [
              174.7721446,
              -36.8509412
            ],
            [
              174.7721602,
              -36.850928
            ],
            [
              174.7720112,
              -36.8508055
            ],
            [
              174.7719961,
              -36.8508175
            ],
            [
              174.7719852,
              -36.85081
            ],
            [
              174.7719314,
              -36.8508589
            ],
            [
              174.7718536,
              -36.8508886
            ],
            [
              174.7718047,
              -36.8509073
            ],
            [
              174.7717906,
              -36.8509176
            ],
            [
              174.7717782,
              -36.8509265
            ],
            [
              174.7717658,
              -36.8509404
            ],
            [
              174.7717571,
              -36.8509533
            ],
            [
              174.7717551,
              -36.8509651
            ],
            [
              174.7717548,
              -36.8509894
            ],
            [
              174.7717036,
              -36.8510305
            ],
            [
              174.7717219,
              -36.851073
            ],
            [
              174.771801,
              -36.85114
            ],
            [
              174.7718265,
              -36.8511199
            ],
            [
              174.7719,
              -36.8511802
            ],
            [
              174.7718836,
              -36.8511918
            ],
            [
              174.7718997,
              -36.851205
            ],
            [
              174.7719431,
              -36.8512405
            ],
            [
              174.7719532,
              -36.8512318
            ],
            [
              174.7719821,
              -36.8512558
            ],
            [
              174.7719939,
              -36.8512458
            ],
            [
              174.7720245,
              -36.8512715
            ]
          ]
        ]
      }
    },
    {
      "type": "Feature",
      "properties": {
        "id": "b-auk-0027",
        "building_id": "B-AUK-0027",
        "ulpin": "NZ-AUK-CBD-BL-000028-8",
        "name": "School of Dance",
        "floors": 10,
        "height_m": 32.0,
        "base_elevation_msl": 7.5,
        "roof_elevation_msl": 39.5,
        "structure_type": "university",
        "centroid": [
          174.77022,
          -36.850872
        ]
      },
      "geometry": {
        "type": "Polygon",
        "coordinates": [
          [
            [
              174.7701406,
              -36.8510314
            ],
            [
              174.7704856,
              -36.8507499
            ],
            [
              174.7703367,
              -36.8506292
            ],
            [
              174.7699949,
              -36.8509167
            ],
            [
              174.7701406,
              -36.8510314
            ]
          ]
        ]
      }
    },
    {
      "type": "Feature",
      "properties": {
        "id": "b-auk-0028",
        "building_id": "B-AUK-0028",
        "ulpin": "NZ-AUK-CBD-BL-000029-8",
        "name": "Alfred Nathan House",
        "floors": 10,
        "height_m": 32.0,
        "base_elevation_msl": 7.5,
        "roof_elevation_msl": 39.5,
        "structure_type": "university",
        "centroid": [
          174.769269,
          -36.850852
        ]
      },
      "geometry": {
        "type": "Polygon",
        "coordinates": [
          [
            [
              174.7695254,
              -36.8509689
            ],
            [
              174.7695718,
              -36.850856
            ],
            [
              174.7694694,
              -36.8508293
            ],
            [
              174.7694725,
              -36.8508233
            ],
            [
              174.7690796,
              -36.8507079
            ],
            [
              174.7690411,
              -36.8507264
            ],
            [
              174.7690137,
              -36.8507796
            ],
            [
              174.769025,
              -36.8508214
            ],
            [
              174.7690845,
              -36.8508392
            ],
            [
              174.7690787,
              -36.8508536
            ],
            [
              174.7691517,
              -36.8508748
            ],
            [
              174.7691578,
              -36.850861
            ],
            [
              174.7694188,
              -36.8509388
            ],
            [
              174.7694218,
              -36.8509322
            ],
            [
              174.7695254,
              -36.8509689
            ]
          ]
        ]
      }
    },
    {
      "type": "Feature",
      "properties": {
        "id": "b-auk-0029",
        "building_id": "B-AUK-0029",
        "ulpin": "NZ-AUK-CBD-BL-000030-8",
        "name": "Old Arts Building",
        "floors": 3,
        "height_m": 9.6,
        "base_elevation_msl": 7.5,
        "roof_elevation_msl": 17.1,
        "structure_type": "university",
        "centroid": [
          174.76946,
          -36.850216
        ]
      },
      "geometry": {
        "type": "Polygon",
        "coordinates": [
          [
            [
              174.7697059,
              -36.8498441
            ],
            [
              174.7695688,
              -36.8498031
            ],
            [
              174.7694415,
              -36.8500754
            ],
            [
              174.7693262,
              -36.8500409
            ],
            [
              174.7692837,
              -36.8501316
            ],
            [
              174.7693505,
              -36.8501516
            ],
            [
              174.7693049,
              -36.8502491
            ],
            [
              174.7692409,
              -36.8502303
            ],
            [
              174.7692008,
              -36.8503176
            ],
            [
              174.7693167,
              -36.8503517
            ],
            [
              174.7691918,
              -36.8506236
            ],
            [
              174.7693282,
              -36.8506637
            ],
            [
              174.7694521,
              -36.8503939
            ],
            [
              174.7695717,
              -36.8504291
            ],
            [
              174.7696127,
              -36.8503397
            ],
            [
              174.7695435,
              -36.8503193
            ],
            [
              174.7695891,
              -36.8502219
            ],
            [
              174.7696566,
              -36.8502421
            ],
            [
              174.7696987,
              -36.850152
            ],
            [
              174.7695787,
              -36.8501161
            ],
            [
              174.7697059,
              -36.8498441
            ]
          ]
        ]
      }
    },
    {
      "type": "Feature",
      "properties": {
        "id": "b-auk-0030",
        "building_id": "B-AUK-0030",
        "ulpin": "NZ-AUK-CBD-BL-000031-8",
        "name": "General Library",
        "floors": 3,
        "height_m": 9.6,
        "base_elevation_msl": 7.5,
        "roof_elevation_msl": 17.1,
        "structure_type": "university",
        "centroid": [
          174.769334,
          -36.851209
        ]
      },
      "geometry": {
        "type": "Polygon",
        "coordinates": [
          [
            [
              174.7696852,
              -36.8514086
            ],
            [
              174.7697751,
              -36.8513104
            ],
            [
              174.7696607,
              -36.8512425
            ],
            [
              174.7697461,
              -36.8511594
            ],
            [
              174.7697329,
              -36.8511536
            ],
            [
              174.7697416,
              -36.8511451
            ],
            [
              174.7696794,
              -36.851106
            ],
            [
              174.7695415,
              -36.8510195
            ],
            [
              174.7695215,
              -36.8510069
            ],
            [
              174.7694642,
              -36.8510638
            ],
            [
              174.7694249,
              -36.8511028
            ],
            [
              174.7693481,
              -36.8510537
            ],
            [
              174.7691247,
              -36.850911
            ],
            [
              174.7691166,
              -36.850918
            ],
            [
              174.7691021,
              -36.8509082
            ],
            [
              174.7690619,
              -36.8509455
            ],
            [
              174.7690568,
              -36.8509412
            ],
            [
              174.7688479,
              -36.8511467
            ],
            [
              174.7688543,
              -36.8511502
            ],
            [
              174.7688195,
              -36.8511885
            ],
            [
              174.7688335,
              -36.8511985
            ],
            [
              174.7688275,
              -36.851205
            ],
            [
              174.7691718,
              -36.8514288
            ],
            [
              174.769235,
              -36.8513649
            ],
            [
              174.7692451,
              -36.8513715
            ],
            [
              174.769234,
              -36.8513825
            ],
            [
              174.769294,
              -36.851421
            ],
            [
              174.7693033,
              -36.8514117
            ],
            [
              174.7693365,
              -36.851433
            ],
            [
              174.7693595,
              -36.8514101
            ],
            [
              174.7695566,
              -36.8515367
            ],
            [
              174.7696424,
              -36.8514512
            ],
            [
              174.7696852,
              -36.8514086
            ]
          ]
        ]
      }
    },
    {
      "type": "Feature",
      "properties": {
        "id": "b-auk-0031",
        "building_id": "B-AUK-0031",
        "ulpin": "NZ-AUK-CBD-BL-000032-8",
        "name": "Biology Building",
        "floors": 4,
        "height_m": 12.8,
        "base_elevation_msl": 7.5,
        "roof_elevation_msl": 20.3,
        "structure_type": "university",
        "centroid": [
          174.770729,
          -36.851084
        ]
      },
      "geometry": {
        "type": "Polygon",
        "coordinates": [
          [
            [
              174.7708538,
              -36.8512773
            ],
            [
              174.7709452,
              -36.8512022
            ],
            [
              174.770843,
              -36.8511247
            ],
            [
              174.7708523,
              -36.8511164
            ],
            [
              174.7708601,
              -36.8511164
            ],
            [
              174.7708646,
              -36.851113
            ],
            [
              174.7708657,
              -36.8510958
            ],
            [
              174.7708608,
              -36.8510921
            ],
            [
              174.7708429,
              -36.8510922
            ],
            [
              174.7708392,
              -36.8510897
            ],
            [
              174.7708469,
              -36.8510832
            ],
            [
              174.7708406,
              -36.8510782
            ],
            [
              174.7708262,
              -36.851067
            ],
            [
              174.770817,
              -36.8510599
            ],
            [
              174.7708136,
              -36.8510625
            ],
            [
              174.770595,
              -36.8508856
            ],
            [
              174.7705714,
              -36.850905
            ],
            [
              174.7704703,
              -36.8508263
            ],
            [
              174.7703879,
              -36.8508941
            ],
            [
              174.7704919,
              -36.8509751
            ],
            [
              174.7704386,
              -36.8510189
            ],
            [
              174.7704909,
              -36.8510597
            ],
            [
              174.7705214,
              -36.8510347
            ],
            [
              174.7706896,
              -36.8511657
            ],
            [
              174.7706552,
              -36.851194
            ],
            [
              174.7707094,
              -36.8512362
            ],
            [
              174.770754,
              -36.8511995
            ],
            [
              174.7708538,
              -36.8512773
            ]
          ]
        ]
      }
    },
    {
      "type": "Feature",
      "properties": {
        "id": "b-auk-0032",
        "building_id": "B-AUK-0032",
        "ulpin": "NZ-AUK-CBD-BL-000033-8",
        "name": "Hiwa",
        "floors": 8,
        "height_m": 25.6,
        "base_elevation_msl": 7.5,
        "roof_elevation_msl": 33.1,
        "structure_type": "university",
        "centroid": [
          174.769089,
          -36.852627
        ]
      },
      "geometry": {
        "type": "Polygon",
        "coordinates": [
          [
            [
              174.7689558,
              -36.8530722
            ],
            [
              174.7694357,
              -36.8525931
            ],
            [
              174.7695,
              -36.8525288
            ],
            [
              174.7692652,
              -36.8523783
            ],
            [
              174.7690696,
              -36.8522528
            ],
            [
              174.769001,
              -36.8523214
            ],
            [
              174.7685254,
              -36.8527963
            ],
            [
              174.7689558,
              -36.8530722
            ]
          ]
        ]
      }
    },
    {
      "type": "Feature",
      "properties": {
        "id": "b-auk-0033",
        "building_id": "B-AUK-0033",
        "ulpin": "NZ-AUK-CBD-BL-000034-8",
        "name": "Owen G. Glenn Building",
        "floors": 11,
        "height_m": 35.2,
        "base_elevation_msl": 7.5,
        "roof_elevation_msl": 42.7,
        "structure_type": "university",
        "centroid": [
          174.771278,
          -36.853053
        ]
      },
      "geometry": {
        "type": "Polygon",
        "coordinates": [
          [
            [
              174.7708412,
              -36.8529633
            ],
            [
              174.7708607,
              -36.8531418
            ],
            [
              174.7709281,
              -36.8537183
            ],
            [
              174.7710625,
              -36.8536183
            ],
            [
              174.771057,
              -36.8536002
            ],
            [
              174.7710877,
              -36.853594
            ],
            [
              174.7711239,
              -36.8535866
            ],
            [
              174.7711493,
              -36.8536508
            ],
            [
              174.7712417,
              -36.8535975
            ],
            [
              174.7713345,
              -36.8535454
            ],
            [
              174.7712865,
              -36.8534988
            ],
            [
              174.7712075,
              -36.853408
            ],
            [
              174.7711614,
              -36.853359
            ],
            [
              174.7713511,
              -36.8532054
            ],
            [
              174.7714323,
              -36.8532265
            ],
            [
              174.7715824,
              -36.8532607
            ],
            [
              174.7716698,
              -36.8532797
            ],
            [
              174.7717297,
              -36.8530936
            ],
            [
              174.7718133,
              -36.8530826
            ],
            [
              174.7718195,
              -36.8531157
            ],
            [
              174.7719984,
              -36.8529745
            ],
            [
              174.77198,
              -36.8529623
            ],
            [
              174.771938,
              -36.85293
            ],
            [
              174.7718779,
              -36.8528821
            ],
            [
              174.7718062,
              -36.8529385
            ],
            [
              174.7714623,
              -36.8530387
            ],
            [
              174.7712707,
              -36.8530883
            ],
            [
              174.7712252,
              -36.853086
            ],
            [
              174.771184,
              -36.8530746
            ],
            [
              174.7711479,
              -36.8530474
            ],
            [
              174.7711372,
              -36.853019
            ],
            [
              174.771132,
              -36.8529846
            ],
            [
              174.7711697,
              -36.8528095
            ],
            [
              174.771196,
              -36.8527246
            ],
            [
              174.7712171,
              -36.8526932
            ],
            [
              174.7713035,
              -36.8526227
            ],
            [
              174.7712594,
              -36.8525864
            ],
            [
              174.7711946,
              -36.852533
            ],
            [
              174.7711665,
              -36.8525098
            ],
            [
              174.7711507,
              -36.8525673
            ],
            [
              174.7711418,
              -36.8525995
            ],
            [
              174.7711136,
              -36.8525962
            ],
            [
              174.771091,
              -36.8526586
            ],
            [
              174.7710542,
              -36.8526544
            ],
            [
              174.7710257,
              -36.8528041
            ],
            [
              174.7709462,
              -36.8527987
            ],
            [
              174.7709494,
              -36.8529567
            ],
            [
              174.7709011,
              -36.852962
            ],
            [
              174.7708412,
              -36.8529633
            ]
          ]
        ]
      }
    },
    {
      "type": "Feature",
      "properties": {
        "id": "b-auk-0034",
        "building_id": "B-AUK-0034",
        "ulpin": "NZ-AUK-CBD-BL-000035-8",
        "name": "Conference Centre",
        "floors": 1,
        "height_m": 3.2,
        "base_elevation_msl": 7.5,
        "roof_elevation_msl": 10.7,
        "structure_type": "university",
        "centroid": [
          174.769314,
          -36.853709
        ]
      },
      "geometry": {
        "type": "Polygon",
        "coordinates": [
          [
            [
              174.7692061,
              -36.8534504
            ],
            [
              174.7691711,
              -36.8534988
            ],
            [
              174.769174,
              -36.8535386
            ],
            [
              174.7692336,
              -36.8535795
            ],
            [
              174.7692623,
              -36.8535966
            ],
            [
              174.7692889,
              -36.8536028
            ],
            [
              174.7693126,
              -36.8535928
            ],
            [
              174.7693227,
              -36.8535972
            ],
            [
              174.7693109,
              -36.8536084
            ],
            [
              174.7693066,
              -36.8536097
            ],
            [
              174.7692814,
              -36.8536336
            ],
            [
              174.7692995,
              -36.8536461
            ],
            [
              174.7692906,
              -36.8536544
            ],
            [
              174.7692831,
              -36.8536492
            ],
            [
              174.7692367,
              -36.853695
            ],
            [
              174.7692523,
              -36.8537062
            ],
            [
              174.7692407,
              -36.8537161
            ],
            [
              174.7692238,
              -36.8537168
            ],
            [
              174.7691936,
              -36.8537461
            ],
            [
              174.7691965,
              -36.8537615
            ],
            [
              174.7691384,
              -36.8538147
            ],
            [
              174.769154,
              -36.8538262
            ],
            [
              174.7690904,
              -36.853887
            ],
            [
              174.7690931,
              -36.853935
            ],
            [
              174.7691788,
              -36.8539901
            ],
            [
              174.7691995,
              -36.8539892
            ],
            [
              174.7692372,
              -36.8539856
            ],
            [
              174.7692901,
              -36.8539326
            ],
            [
              174.7692893,
              -36.8539272
            ],
            [
              174.7693293,
              -36.8539252
            ],
            [
              174.7693934,
              -36.8539487
            ],
            [
              174.7694302,
              -36.8539458
            ],
            [
              174.7694407,
              -36.8539876
            ],
            [
              174.7694651,
              -36.8539853
            ],
            [
              174.7694883,
              -36.8539816
            ],
            [
              174.7695435,
              -36.8539563
            ],
            [
              174.7697113,
              -36.8537841
            ],
            [
              174.7696991,
              -36.8537014
            ],
            [
              174.7695426,
              -36.8536044
            ],
            [
              174.7695609,
              -36.8535859
            ],
            [
              174.7695515,
              -36.8535312
            ],
            [
              174.7694653,
              -36.853474
            ],
            [
              174.7694202,
              -36.8534762
            ],
            [
              174.7693558,
              -36.8534797
            ],
            [
              174.7692771,
              -36.8534249
            ],
            [
              174.7692396,
              -36.8534307
            ],
            [
              174.7692117,
              -36.8534474
            ],
            [
              174.7692061,
              -36.8534504
            ]
          ]
        ]
      }
    },
    {
      "type": "Feature",
      "properties": {
        "id": "b-auk-0035",
        "building_id": "B-AUK-0035",
        "ulpin": "NZ-AUK-CBD-BL-000036-8",
        "name": "Auckland Town Hall",
        "floors": 3,
        "height_m": 9.6,
        "base_elevation_msl": 7.5,
        "roof_elevation_msl": 17.1,
        "structure_type": "civic",
        "centroid": [
          174.763271,
          -36.852877
        ]
      },
      "geometry": {
        "type": "Polygon",
        "coordinates": [
          [
            [
              174.7633114,
              -36.8532649
            ],
            [
              174.7633298,
              -36.8532242
            ],
            [
              174.7633718,
              -36.8531292
            ],
            [
              174.7633935,
              -36.8530801
            ],
            [
              174.7634077,
              -36.8530479
            ],
            [
              174.7634174,
              -36.8530264
            ],
            [
              174.7634247,
              -36.8530096
            ],
            [
              174.7634358,
              -36.852984
            ],
            [
              174.7634459,
              -36.8529607
            ],
            [
              174.7634538,
              -36.8529423
            ],
            [
              174.7634634,
              -36.8529208
            ],
            [
              174.7636194,
              -36.8525685
            ],
            [
              174.7636242,
              -36.8525576
            ],
            [
              174.7636166,
              -36.8525446
            ],
            [
              174.7636105,
              -36.8525357
            ],
            [
              174.7636058,
              -36.8525295
            ],
            [
              174.7635998,
              -36.852523
            ],
            [
              174.7635934,
              -36.8525178
            ],
            [
              174.7635856,
              -36.8525124
            ],
            [
              174.7635775,
              -36.852508
            ],
            [
              174.7635677,
              -36.8525038
            ],
            [
              174.7635574,
              -36.8525006
            ],
            [
              174.7635462,
              -36.8524984
            ],
            [
              174.7635366,
              -36.8524974
            ],
            [
              174.7635265,
              -36.8524978
            ],
            [
              174.7634699,
              -36.8525422
            ],
            [
              174.7633144,
              -36.8526642
            ],
            [
              174.7632547,
              -36.8527109
            ],
            [
              174.7631888,
              -36.8527626
            ],
            [
              174.763169,
              -36.8527782
            ],
            [
              174.7631437,
              -36.852798
            ],
            [
              174.7630696,
              -36.8528561
            ],
            [
              174.7630265,
              -36.8528898
            ],
            [
              174.7629636,
              -36.8529391
            ],
            [
              174.7628754,
              -36.8530082
            ],
            [
              174.7628212,
              -36.8530498
            ],
            [
              174.7627852,
              -36.8530774
            ],
            [
              174.7627691,
              -36.8530898
            ],
            [
              174.762753,
              -36.8531022
            ],
            [
              174.7627384,
              -36.8531134
            ],
            [
              174.762726,
              -36.8531217
            ],
            [
              174.7626747,
              -36.8531564
            ],
            [
              174.7629851,
              -36.8532512
            ],
            [
              174.7629878,
              -36.8532455
            ],
            [
              174.7630175,
              -36.8532543
            ],
            [
              174.7630323,
              -36.8532217
            ],
            [
              174.763295,
              -36.853298
            ],
            [
              174.7633114,
              -36.8532649
            ]
          ]
        ]
      }
    },
    {
      "type": "Feature",
      "properties": {
        "id": "b-auk-0036",
        "building_id": "B-AUK-0036",
        "ulpin": "NZ-AUK-CBD-BL-000037-8",
        "name": "ANZ Centre",
        "floors": 35,
        "height_m": 112.0,
        "base_elevation_msl": 7.5,
        "roof_elevation_msl": 119.5,
        "structure_type": "office",
        "centroid": [
          174.76434,
          -36.845638
        ]
      },
      "geometry": {
        "type": "Polygon",
        "coordinates": [
          [
            [
              174.7645397,
              -36.8455512
            ],
            [
              174.7642809,
              -36.8454761
            ],
            [
              174.7642646,
              -36.8454746
            ],
            [
              174.7642482,
              -36.845475
            ],
            [
              174.7642312,
              -36.845477
            ],
            [
              174.764215,
              -36.8454812
            ],
            [
              174.7641957,
              -36.8454889
            ],
            [
              174.7641796,
              -36.8454987
            ],
            [
              174.7641665,
              -36.8455101
            ],
            [
              174.7641558,
              -36.8455253
            ],
            [
              174.7641483,
              -36.8455559
            ],
            [
              174.7641491,
              -36.8455895
            ],
            [
              174.7641751,
              -36.8456985
            ],
            [
              174.7641835,
              -36.8457335
            ],
            [
              174.764203,
              -36.8457611
            ],
            [
              174.7642291,
              -36.8457862
            ],
            [
              174.7642637,
              -36.8458012
            ],
            [
              174.7643012,
              -36.8458114
            ],
            [
              174.7643425,
              -36.8458138
            ],
            [
              174.7643711,
              -36.84581
            ],
            [
              174.7643851,
              -36.8458064
            ],
            [
              174.7644045,
              -36.8458015
            ],
            [
              174.7644203,
              -36.8457959
            ],
            [
              174.7644413,
              -36.8457814
            ],
            [
              174.7645717,
              -36.8456914
            ],
            [
              174.7645954,
              -36.8456623
            ],
            [
              174.7646025,
              -36.8456299
            ],
            [
              174.7645939,
              -36.8455987
            ],
            [
              174.7645842,
              -36.8455829
            ],
            [
              174.7645649,
              -36.8455643
            ],
            [
              174.7645397,
              -36.8455512
            ]
          ]
        ]
      }
    },
    {
      "type": "Feature",
      "properties": {
        "id": "b-auk-0037",
        "building_id": "B-AUK-0037",
        "ulpin": "NZ-AUK-CBD-BL-000038-8",
        "name": "Metropolis",
        "floors": 5,
        "height_m": 16.0,
        "base_elevation_msl": 7.5,
        "roof_elevation_msl": 23.5,
        "structure_type": "apartments",
        "centroid": [
          174.766935,
          -36.848344
        ]
      },
      "geometry": {
        "type": "Polygon",
        "coordinates": [
          [
            [
              174.7669379,
              -36.8485629
            ],
            [
              174.7669632,
              -36.8484946
            ],
            [
              174.7669927,
              -36.8485224
            ],
            [
              174.7669181,
              -36.8485801
            ],
            [
              174.7670543,
              -36.8486948
            ],
            [
              174.7673458,
              -36.8484461
            ],
            [
              174.7672224,
              -36.8483496
            ],
            [
              174.7671001,
              -36.8484428
            ],
            [
              174.7670533,
              -36.8484023
            ],
            [
              174.7669907,
              -36.8483489
            ],
            [
              174.7670216,
              -36.8482296
            ],
            [
              174.76705,
              -36.8481253
            ],
            [
              174.7670473,
              -36.8481073
            ],
            [
              174.7670276,
              -36.8480877
            ],
            [
              174.767003,
              -36.84808
            ],
            [
              174.7668901,
              -36.8480605
            ],
            [
              174.7666566,
              -36.8480203
            ],
            [
              174.7665725,
              -36.8480058
            ],
            [
              174.7664847,
              -36.8483344
            ],
            [
              174.7667427,
              -36.8484154
            ],
            [
              174.7667209,
              -36.8485033
            ],
            [
              174.7667813,
              -36.8485331
            ],
            [
              174.7669379,
              -36.8485629
            ]
          ]
        ]
      }
    },
    {
      "type": "Feature",
      "properties": {
        "id": "b-auk-0038",
        "building_id": "B-AUK-0038",
        "ulpin": "NZ-AUK-CBD-BL-000039-8",
        "name": "TVNZ Television Centre",
        "floors": 5,
        "height_m": 16.0,
        "base_elevation_msl": 7.5,
        "roof_elevation_msl": 23.5,
        "structure_type": "commercial",
        "centroid": [
          174.760927,
          -36.848159
        ]
      },
      "geometry": {
        "type": "Polygon",
        "coordinates": [
          [
            [
              174.7605411,
              -36.8486159
            ],
            [
              174.7606732,
              -36.8483123
            ],
            [
              174.7610442,
              -36.8484196
            ],
            [
              174.7610524,
              -36.8484013
            ],
            [
              174.7610587,
              -36.848387
            ],
            [
              174.7610849,
              -36.8483299
            ],
            [
              174.7611269,
              -36.8482363
            ],
            [
              174.7611573,
              -36.848242
            ],
            [
              174.7611599,
              -36.8482324
            ],
            [
              174.7611644,
              -36.848235
            ],
            [
              174.7611705,
              -36.8482364
            ],
            [
              174.7611748,
              -36.8482364
            ],
            [
              174.7611789,
              -36.8482355
            ],
            [
              174.761183,
              -36.8482338
            ],
            [
              174.7611864,
              -36.8482313
            ],
            [
              174.7611893,
              -36.8482275
            ],
            [
              174.7611907,
              -36.8482231
            ],
            [
              174.7611903,
              -36.8482187
            ],
            [
              174.7611883,
              -36.8482146
            ],
            [
              174.7611854,
              -36.8482116
            ],
            [
              174.7611817,
              -36.8482093
            ],
            [
              174.7611782,
              -36.848208
            ],
            [
              174.7611744,
              -36.8482074
            ],
            [
              174.7611709,
              -36.8482073
            ],
            [
              174.7611673,
              -36.8482079
            ],
            [
              174.761169,
              -36.8482023
            ],
            [
              174.7611386,
              -36.8481966
            ],
            [
              174.7611407,
              -36.8481714
            ],
            [
              174.761167,
              -36.8481713
            ],
            [
              174.7611956,
              -36.848168
            ],
            [
              174.7612284,
              -36.8481622
            ],
            [
              174.761256,
              -36.8481552
            ],
            [
              174.761285,
              -36.8481464
            ],
            [
              174.761327,
              -36.8481292
            ],
            [
              174.7613432,
              -36.8481226
            ],
            [
              174.7612869,
              -36.8480287
            ],
            [
              174.7612689,
              -36.8480348
            ],
            [
              174.76123,
              -36.8480481
            ],
            [
              174.7611986,
              -36.8480561
            ],
            [
              174.7611705,
              -36.8480609
            ],
            [
              174.7611435,
              -36.8480628
            ],
            [
              174.7611088,
              -36.8480629
            ],
            [
              174.7610879,
              -36.8480609
            ],
            [
              174.7610654,
              -36.8480563
            ],
            [
              174.7606256,
              -36.8479292
            ],
            [
              174.7606211,
              -36.8479374
            ],
            [
              174.7605638,
              -36.8479218
            ],
            [
              174.7605474,
              -36.8479568
            ],
            [
              174.7604257,
              -36.8479224
            ],
            [
              174.7604756,
              -36.8478111
            ],
            [
              174.7602892,
              -36.8477576
            ],
            [
              174.7602744,
              -36.8477905
            ],
            [
              174.7602711,
              -36.8477981
            ],
            [
              174.7602168,
              -36.8477825
            ],
            [
              174.7601678,
              -36.847892
            ],
            [
              174.7599899,
              -36.8482837
            ],
            [
              174.7599374,
              -36.8484
            ],
            [
              174.7599203,
              -36.848438
            ],
            [
              174.7601913,
              -36.8485147
            ],
            [
              174.7605411,
              -36.8486159
            ]
          ]
        ]
      }
    },
    {
      "type": "Feature",
      "properties": {
        "id": "b-auk-0039",
        "building_id": "B-AUK-0039",
        "ulpin": "NZ-AUK-CBD-BL-000040-8",
        "name": "Science Centre 301",
        "floors": 11,
        "height_m": 35.2,
        "base_elevation_msl": 7.5,
        "roof_elevation_msl": 42.7,
        "structure_type": "university",
        "centroid": [
          174.768469,
          -36.852914
        ]
      },
      "geometry": {
        "type": "Polygon",
        "coordinates": [
          [
            [
              174.7682646,
              -36.8527294
            ],
            [
              174.7681438,
              -36.8528559
            ],
            [
              174.7683701,
              -36.8530022
            ],
            [
              174.7687747,
              -36.8532638
            ],
            [
              174.7689155,
              -36.8531132
            ],
            [
              174.7686262,
              -36.8529098
            ],
            [
              174.7684477,
              -36.8527956
            ],
            [
              174.7684149,
              -36.852827
            ],
            [
              174.7682646,
              -36.8527294
            ]
          ]
        ]
      }
    },
    {
      "type": "Feature",
      "properties": {
        "id": "b-auk-0040",
        "building_id": "B-AUK-0040",
        "ulpin": "NZ-AUK-CBD-BL-000041-8",
        "name": "Architecture East",
        "floors": 10,
        "height_m": 32.0,
        "base_elevation_msl": 7.5,
        "roof_elevation_msl": 39.5,
        "structure_type": "university",
        "centroid": [
          174.769657,
          -36.854094
        ]
      },
      "geometry": {
        "type": "Polygon",
        "coordinates": [
          [
            [
              174.7698333,
              -36.8537546
            ],
            [
              174.76977,
              -36.8538197
            ],
            [
              174.7697331,
              -36.8538772
            ],
            [
              174.7698057,
              -36.8539204
            ],
            [
              174.7698116,
              -36.8539157
            ],
            [
              174.7698702,
              -36.8539533
            ],
            [
              174.7697557,
              -36.8540631
            ],
            [
              174.769678,
              -36.8541378
            ],
            [
              174.7695814,
              -36.8541478
            ],
            [
              174.7695287,
              -36.8541532
            ],
            [
              174.7695074,
              -36.8541554
            ],
            [
              174.7694795,
              -36.8541583
            ],
            [
              174.7694433,
              -36.8541953
            ],
            [
              174.7693349,
              -36.8542034
            ],
            [
              174.7692434,
              -36.8542102
            ],
            [
              174.7692024,
              -36.8541845
            ],
            [
              174.769071,
              -36.8543224
            ],
            [
              174.7691571,
              -36.8543777
            ],
            [
              174.7694936,
              -36.8543503
            ],
            [
              174.7695232,
              -36.8543202
            ],
            [
              174.7696132,
              -36.8543145
            ],
            [
              174.7696253,
              -36.8543133
            ],
            [
              174.7697727,
              -36.8542983
            ],
            [
              174.7699671,
              -36.8540989
            ],
            [
              174.769963,
              -36.8540727
            ],
            [
              174.7699424,
              -36.8540599
            ],
            [
              174.7700794,
              -36.8539248
            ],
            [
              174.7700763,
              -36.8539058
            ],
            [
              174.7700055,
              -36.8538661
            ],
            [
              174.7698333,
              -36.8537546
            ]
          ]
        ]
      }
    },
    {
      "type": "Feature",
      "properties": {
        "id": "b-auk-0041",
        "building_id": "B-AUK-0041",
        "ulpin": "NZ-AUK-CBD-BL-000042-8",
        "name": "Fale Office",
        "floors": 10,
        "height_m": 32.0,
        "base_elevation_msl": 7.5,
        "roof_elevation_msl": 39.5,
        "structure_type": "university",
        "centroid": [
          174.771874,
          -36.852273
        ]
      },
      "geometry": {
        "type": "Polygon",
        "coordinates": [
          [
            [
              174.7716381,
              -36.852249
            ],
            [
              174.7719634,
              -36.852517
            ],
            [
              174.7721047,
              -36.8524071
            ],
            [
              174.7719077,
              -36.8522448
            ],
            [
              174.771998,
              -36.8521745
            ],
            [
              174.7718698,
              -36.8520689
            ],
            [
              174.7716381,
              -36.852249
            ]
          ]
        ]
      }
    },
    {
      "type": "Feature",
      "properties": {
        "id": "b-auk-0042",
        "building_id": "B-AUK-0042",
        "ulpin": "NZ-AUK-CBD-BL-000043-8",
        "name": "Pullman Auckland Hotel And Apartments",
        "floors": 10,
        "height_m": 32.0,
        "base_elevation_msl": 7.5,
        "roof_elevation_msl": 39.5,
        "structure_type": "hotel",
        "centroid": [
          174.770743,
          -36.847981
        ]
      },
      "geometry": {
        "type": "Polygon",
        "coordinates": [
          [
            [
              174.7706893,
              -36.8484307
            ],
            [
              174.7707709,
              -36.8483406
            ],
            [
              174.770872,
              -36.8482132
            ],
            [
              174.7707645,
              -36.8481586
            ],
            [
              174.7708387,
              -36.8480748
            ],
            [
              174.7709062,
              -36.8481114
            ],
            [
              174.7709417,
              -36.8480645
            ],
            [
              174.7709657,
              -36.8480755
            ],
            [
              174.7710113,
              -36.8480187
            ],
            [
              174.7710976,
              -36.847911
            ],
            [
              174.7709309,
              -36.8477661
            ],
            [
              174.7709684,
              -36.8477192
            ],
            [
              174.7710092,
              -36.8476681
            ],
            [
              174.7710941,
              -36.8475618
            ],
            [
              174.7708676,
              -36.8474388
            ],
            [
              174.7707164,
              -36.8476322
            ],
            [
              174.7706753,
              -36.8476174
            ],
            [
              174.7704205,
              -36.8475259
            ],
            [
              174.7702671,
              -36.8478749
            ],
            [
              174.7701835,
              -36.8480454
            ],
            [
              174.7701173,
              -36.8481548
            ],
            [
              174.7704576,
              -36.8483229
            ],
            [
              174.7705695,
              -36.8483772
            ],
            [
              174.7706893,
              -36.8484307
            ]
          ]
        ]
      }
    },
    {
      "type": "Feature",
      "properties": {
        "id": "b-auk-0043",
        "building_id": "B-AUK-0043",
        "ulpin": "NZ-AUK-CBD-BL-000044-8",
        "name": "Princes Court",
        "floors": 10,
        "height_m": 32.0,
        "base_elevation_msl": 7.5,
        "roof_elevation_msl": 39.5,
        "structure_type": "yes",
        "centroid": [
          174.770674,
          -36.847474
        ]
      },
      "geometry": {
        "type": "Polygon",
        "coordinates": [
          [
            [
              174.7707214,
              -36.8476131
            ],
            [
              174.7708826,
              -36.8474047
            ],
            [
              174.7706023,
              -36.8472658
            ],
            [
              174.7704411,
              -36.8474742
            ],
            [
              174.7707214,
              -36.8476131
            ]
          ]
        ]
      }
    },
    {
      "type": "Feature",
      "properties": {
        "id": "b-auk-0044",
        "building_id": "B-AUK-0044",
        "ulpin": "NZ-AUK-CBD-BL-000045-8",
        "name": "Westminster Court",
        "floors": 6,
        "height_m": 19.2,
        "base_elevation_msl": 7.5,
        "roof_elevation_msl": 26.7,
        "structure_type": "apartments",
        "centroid": [
          174.772161,
          -36.849013
        ]
      },
      "geometry": {
        "type": "Polygon",
        "coordinates": [
          [
            [
              174.7723025,
              -36.8491387
            ],
            [
              174.772276,
              -36.8490733
            ],
            [
              174.7722561,
              -36.8490784
            ],
            [
              174.7721862,
              -36.8489043
            ],
            [
              174.7722046,
              -36.8488996
            ],
            [
              174.7721815,
              -36.8488422
            ],
            [
              174.772075,
              -36.8488696
            ],
            [
              174.7720784,
              -36.848878
            ],
            [
              174.7719934,
              -36.8488999
            ],
            [
              174.7720842,
              -36.8491256
            ],
            [
              174.7720621,
              -36.8491313
            ],
            [
              174.7720869,
              -36.8491932
            ],
            [
              174.7723025,
              -36.8491387
            ]
          ]
        ]
      }
    },
    {
      "type": "Feature",
      "properties": {
        "id": "b-auk-0045",
        "building_id": "B-AUK-0045",
        "ulpin": "NZ-AUK-CBD-BL-000046-8",
        "name": "Middle Courtville",
        "floors": 3,
        "height_m": 9.6,
        "base_elevation_msl": 7.5,
        "roof_elevation_msl": 17.1,
        "structure_type": "apartments",
        "centroid": [
          174.771819,
          -36.849206
        ]
      },
      "geometry": {
        "type": "Polygon",
        "coordinates": [
          [
            [
              174.7719275,
              -36.8492225
            ],
            [
              174.7718865,
              -36.8491218
            ],
            [
              174.7716573,
              -36.8491816
            ],
            [
              174.7716983,
              -36.8492823
            ],
            [
              174.7719275,
              -36.8492225
            ]
          ]
        ]
      }
    },
    {
      "type": "Feature",
      "properties": {
        "id": "b-auk-0046",
        "building_id": "B-AUK-0046",
        "ulpin": "NZ-AUK-CBD-BL-000047-8",
        "name": "Legal Research Foundation",
        "floors": 10,
        "height_m": 32.0,
        "base_elevation_msl": 7.5,
        "roof_elevation_msl": 39.5,
        "structure_type": "university",
        "centroid": [
          174.771463,
          -36.848168
        ]
      },
      "geometry": {
        "type": "Polygon",
        "coordinates": [
          [
            [
              174.7716437,
              -36.8480884
            ],
            [
              174.7714913,
              -36.8479797
            ],
            [
              174.7711957,
              -36.8482452
            ],
            [
              174.771348,
              -36.8483538
            ],
            [
              174.7714579,
              -36.8482551
            ],
            [
              174.7716437,
              -36.8480884
            ]
          ]
        ]
      }
    },
    {
      "type": "Feature",
      "properties": {
        "id": "b-auk-0047",
        "building_id": "B-AUK-0047",
        "ulpin": "NZ-AUK-CBD-BL-000048-8",
        "name": "Quay Park Medical Centre",
        "floors": 10,
        "height_m": 32.0,
        "base_elevation_msl": 7.5,
        "roof_elevation_msl": 39.5,
        "structure_type": "yes",
        "centroid": [
          174.774448,
          -36.847559
        ]
      },
      "geometry": {
        "type": "Polygon",
        "coordinates": [
          [
            [
              174.7747865,
              -36.84769
            ],
            [
              174.7747237,
              -36.8475854
            ],
            [
              174.774745,
              -36.847577
            ],
            [
              174.7745924,
              -36.8473324
            ],
            [
              174.7745704,
              -36.8473411
            ],
            [
              174.7745085,
              -36.847239
            ],
            [
              174.7743802,
              -36.8472891
            ],
            [
              174.7743857,
              -36.8472997
            ],
            [
              174.774333,
              -36.8473296
            ],
            [
              174.7742985,
              -36.8473598
            ],
            [
              174.7742741,
              -36.8473906
            ],
            [
              174.7742604,
              -36.8474173
            ],
            [
              174.7742431,
              -36.8474552
            ],
            [
              174.7742371,
              -36.8475033
            ],
            [
              174.774239,
              -36.8475385
            ],
            [
              174.7742465,
              -36.8475712
            ],
            [
              174.7743004,
              -36.8475574
            ],
            [
              174.7743227,
              -36.8475994
            ],
            [
              174.7742726,
              -36.8476204
            ],
            [
              174.7742984,
              -36.847652
            ],
            [
              174.7743291,
              -36.8476783
            ],
            [
              174.7743654,
              -36.8477014
            ],
            [
              174.7744115,
              -36.847724
            ],
            [
              174.7744477,
              -36.8477349
            ],
            [
              174.7744873,
              -36.8477419
            ],
            [
              174.7745349,
              -36.8477458
            ],
            [
              174.7745745,
              -36.8477444
            ],
            [
              174.7746174,
              -36.8477367
            ],
            [
              174.7746508,
              -36.8477272
            ],
            [
              174.7746587,
              -36.847741
            ],
            [
              174.7747865,
              -36.84769
            ]
          ]
        ]
      }
    },
    {
      "type": "Feature",
      "properties": {
        "id": "b-auk-0048",
        "building_id": "B-AUK-0048",
        "ulpin": "NZ-AUK-CBD-BL-000049-8",
        "name": "The Civic",
        "floors": 6,
        "height_m": 19.2,
        "base_elevation_msl": 7.5,
        "roof_elevation_msl": 26.7,
        "structure_type": "yes",
        "centroid": [
          174.763757,
          -36.851089
        ]
      },
      "geometry": {
        "type": "Polygon",
        "coordinates": [
          [
            [
              174.7640466,
              -36.8513564
            ],
            [
              174.7641029,
              -36.8512307
            ],
            [
              174.7641072,
              -36.85122
            ],
            [
              174.7642083,
              -36.8509841
            ],
            [
              174.7641898,
              -36.8509565
            ],
            [
              174.7641712,
              -36.8509289
            ],
            [
              174.7638776,
              -36.8508442
            ],
            [
              174.7637338,
              -36.8508063
            ],
            [
              174.7636966,
              -36.8508247
            ],
            [
              174.7636804,
              -36.8508638
            ],
            [
              174.7636734,
              -36.8508808
            ],
            [
              174.763667,
              -36.8508964
            ],
            [
              174.7636606,
              -36.8509118
            ],
            [
              174.7636541,
              -36.8509275
            ],
            [
              174.7636477,
              -36.8509431
            ],
            [
              174.7636305,
              -36.850984
            ],
            [
              174.763536,
              -36.8509595
            ],
            [
              174.7635071,
              -36.8509521
            ],
            [
              174.7634469,
              -36.8510808
            ],
            [
              174.7634455,
              -36.8511015
            ],
            [
              174.7635214,
              -36.8512366
            ],
            [
              174.7635482,
              -36.8512815
            ],
            [
              174.7635559,
              -36.8512944
            ],
            [
              174.7635607,
              -36.8513024
            ],
            [
              174.7635963,
              -36.8513622
            ],
            [
              174.7637728,
              -36.8512955
            ],
            [
              174.7637903,
              -36.8512995
            ],
            [
              174.7638091,
              -36.8513051
            ],
            [
              174.7638139,
              -36.8512937
            ],
            [
              174.7640466,
              -36.8513564
            ]
          ]
        ]
      }
    },
    {
      "type": "Feature",
      "properties": {
        "id": "b-auk-0049",
        "building_id": "B-AUK-0049",
        "ulpin": "NZ-AUK-CBD-BL-000050-8",
        "name": "Te Wharau o Horotiu / Bledisloe House",
        "floors": 10,
        "height_m": 32.0,
        "base_elevation_msl": 7.5,
        "roof_elevation_msl": 39.5,
        "structure_type": "yes",
        "centroid": [
          174.763102,
          -36.851219
        ]
      },
      "geometry": {
        "type": "Polygon",
        "coordinates": [
          [
            [
              174.7630733,
              -36.8515771
            ],
            [
              174.7634154,
              -36.8507851
            ],
            [
              174.7632355,
              -36.8507354
            ],
            [
              174.7632078,
              -36.8507993
            ],
            [
              174.7630127,
              -36.8512508
            ],
            [
              174.7629064,
              -36.8514968
            ],
            [
              174.7628933,
              -36.8515273
            ],
            [
              174.7630733,
              -36.8515771
            ]
          ]
        ]
      }
    },
    {
      "type": "Feature",
      "properties": {
        "id": "b-auk-0050",
        "building_id": "B-AUK-0050",
        "ulpin": "NZ-AUK-CBD-BL-000051-8",
        "name": "Sky World",
        "floors": 4,
        "height_m": 12.8,
        "base_elevation_msl": 7.5,
        "roof_elevation_msl": 20.3,
        "structure_type": "retail",
        "centroid": [
          174.763711,
          -36.851566
        ]
      },
      "geometry": {
        "type": "Polygon",
        "coordinates": [
          [
            [
              174.7630919,
              -36.8517242
            ],
            [
              174.7637051,
              -36.8518901
            ],
            [
              174.7637144,
              -36.851867
            ],
            [
              174.7637702,
              -36.8518816
            ],
            [
              174.7638108,
              -36.8518844
            ],
            [
              174.7638567,
              -36.8518726
            ],
            [
              174.7638903,
              -36.8518511
            ],
            [
              174.7639115,
              -36.8518229
            ],
            [
              174.7639235,
              -36.8517823
            ],
            [
              174.7639148,
              -36.8517489
            ],
            [
              174.7638942,
              -36.8517205
            ],
            [
              174.7638545,
              -36.8516995
            ],
            [
              174.763839,
              -36.8516524
            ],
            [
              174.7638306,
              -36.8516268
            ],
            [
              174.7638877,
              -36.8516402
            ],
            [
              174.7639319,
              -36.8516258
            ],
            [
              174.7640466,
              -36.8513564
            ],
            [
              174.7638139,
              -36.8512937
            ],
            [
              174.7638091,
              -36.8513051
            ],
            [
              174.7637903,
              -36.8512995
            ],
            [
              174.7637728,
              -36.8512955
            ],
            [
              174.7635963,
              -36.8513622
            ],
            [
              174.7635607,
              -36.8513024
            ],
            [
              174.7635559,
              -36.8512944
            ],
            [
              174.7635482,
              -36.8512815
            ],
            [
              174.7635214,
              -36.8512366
            ],
            [
              174.7633685,
              -36.8511964
            ],
            [
              174.7633209,
              -36.8511839
            ],
            [
              174.7630919,
              -36.8517242
            ]
          ]
        ]
      }
    },
    {
      "type": "Feature",
      "properties": {
        "id": "b-auk-0051",
        "building_id": "B-AUK-0051",
        "ulpin": "NZ-AUK-CBD-BL-000052-8",
        "name": "Auckland Central City Library",
        "floors": 4,
        "height_m": 12.8,
        "base_elevation_msl": 7.5,
        "roof_elevation_msl": 20.3,
        "structure_type": "yes",
        "centroid": [
          174.765377,
          -36.851765
        ]
      },
      "geometry": {
        "type": "Polygon",
        "coordinates": [
          [
            [
              174.7650893,
              -36.8520415
            ],
            [
              174.7655201,
              -36.8519898
            ],
            [
              174.7656405,
              -36.8519753
            ],
            [
              174.7656613,
              -36.8518858
            ],
            [
              174.7656753,
              -36.8518259
            ],
            [
              174.7656842,
              -36.8517875
            ],
            [
              174.7656898,
              -36.8517632
            ],
            [
              174.7657165,
              -36.8516484
            ],
            [
              174.7654019,
              -36.8513671
            ],
            [
              174.7654009,
              -36.8513582
            ],
            [
              174.7653342,
              -36.8513406
            ],
            [
              174.7652877,
              -36.8513283
            ],
            [
              174.765089,
              -36.8517792
            ],
            [
              174.7650084,
              -36.8519622
            ],
            [
              174.7650517,
              -36.8519742
            ],
            [
              174.7650688,
              -36.851939
            ],
            [
              174.7650893,
              -36.8520415
            ]
          ]
        ]
      }
    },
    {
      "type": "Feature",
      "properties": {
        "id": "b-auk-0052",
        "building_id": "B-AUK-0052",
        "ulpin": "NZ-AUK-CBD-BL-000053-8",
        "name": "The Elliott Hotel",
        "floors": 4,
        "height_m": 12.8,
        "base_elevation_msl": 7.5,
        "roof_elevation_msl": 20.3,
        "structure_type": "hotel",
        "centroid": [
          174.763367,
          -36.850264
        ]
      },
      "geometry": {
        "type": "Polygon",
        "coordinates": [
          [
            [
              174.7635774,
              -36.8504986
            ],
            [
              174.7636144,
              -36.8504165
            ],
            [
              174.7637109,
              -36.8502027
            ],
            [
              174.7633856,
              -36.8501087
            ],
            [
              174.7633645,
              -36.8501553
            ],
            [
              174.7633527,
              -36.8501814
            ],
            [
              174.7633281,
              -36.8501743
            ],
            [
              174.7633259,
              -36.8501793
            ],
            [
              174.7633161,
              -36.850201
            ],
            [
              174.7633128,
              -36.8502082
            ],
            [
              174.7632734,
              -36.8501968
            ],
            [
              174.7632425,
              -36.8501878
            ],
            [
              174.7632192,
              -36.8501811
            ],
            [
              174.7631774,
              -36.850169
            ],
            [
              174.7631427,
              -36.850159
            ],
            [
              174.7630572,
              -36.8503483
            ],
            [
              174.7634702,
              -36.8504677
            ],
            [
              174.7635238,
              -36.8504832
            ],
            [
              174.7635774,
              -36.8504986
            ]
          ]
        ]
      }
    },
    {
      "type": "Feature",
      "properties": {
        "id": "b-auk-0053",
        "building_id": "B-AUK-0053",
        "ulpin": "NZ-AUK-CBD-BL-000054-8",
        "name": "Hamurana",
        "floors": 10,
        "height_m": 32.0,
        "base_elevation_msl": 7.5,
        "roof_elevation_msl": 39.5,
        "structure_type": "university",
        "centroid": [
          174.768768,
          -36.84972
        ]
      },
      "geometry": {
        "type": "Polygon",
        "coordinates": [
          [
            [
              174.7688541,
              -36.8497985
            ],
            [
              174.7689073,
              -36.8496835
            ],
            [
              174.7687621,
              -36.8496405
            ],
            [
              174.7687316,
              -36.8497063
            ],
            [
              174.7686464,
              -36.849681
            ],
            [
              174.7686236,
              -36.8497302
            ],
            [
              174.7688541,
              -36.8497985
            ]
          ]
        ]
      }
    },
    {
      "type": "Feature",
      "properties": {
        "id": "b-auk-0054",
        "building_id": "B-AUK-0054",
        "ulpin": "NZ-AUK-CBD-BL-000055-8",
        "name": "Clearpoint",
        "floors": 10,
        "height_m": 32.0,
        "base_elevation_msl": 7.5,
        "roof_elevation_msl": 39.5,
        "structure_type": "office",
        "centroid": [
          174.760328,
          -36.845294
        ]
      },
      "geometry": {
        "type": "Polygon",
        "coordinates": [
          [
            [
              174.7602166,
              -36.8453935
            ],
            [
              174.7605448,
              -36.8453422
            ],
            [
              174.7604962,
              -36.8451427
            ],
            [
              174.7601669,
              -36.8451958
            ],
            [
              174.7602166,
              -36.8453935
            ]
          ]
        ]
      }
    },
    {
      "type": "Feature",
      "properties": {
        "id": "b-auk-0055",
        "building_id": "B-AUK-0055",
        "ulpin": "NZ-AUK-CBD-BL-000056-8",
        "name": "Woolworths",
        "floors": 10,
        "height_m": 32.0,
        "base_elevation_msl": 7.5,
        "roof_elevation_msl": 39.5,
        "structure_type": "yes",
        "centroid": [
          174.77287,
          -36.845279
        ]
      },
      "geometry": {
        "type": "Polygon",
        "coordinates": [
          [
            [
              174.773213,
              -36.8455922
            ],
            [
              174.7733043,
              -36.8453698
            ],
            [
              174.7733332,
              -36.8453748
            ],
            [
              174.7733477,
              -36.8453351
            ],
            [
              174.7733475,
              -36.8452695
            ],
            [
              174.7733472,
              -36.845132
            ],
            [
              174.7733043,
              -36.8451164
            ],
            [
              174.7733188,
              -36.8450899
            ],
            [
              174.7726966,
              -36.8449309
            ],
            [
              174.7726555,
              -36.8449196
            ],
            [
              174.7726224,
              -36.8449114
            ],
            [
              174.7724945,
              -36.8452238
            ],
            [
              174.7723173,
              -36.8451922
            ],
            [
              174.7723071,
              -36.8452174
            ],
            [
              174.772292,
              -36.8452533
            ],
            [
              174.7722831,
              -36.8452744
            ],
            [
              174.7722742,
              -36.8452955
            ],
            [
              174.7724474,
              -36.8453445
            ],
            [
              174.7725325,
              -36.8453674
            ],
            [
              174.7731074,
              -36.8455209
            ],
            [
              174.773137,
              -36.8455288
            ],
            [
              174.7731212,
              -36.8455696
            ],
            [
              174.773213,
              -36.8455922
            ]
          ]
        ]
      }
    },
    {
      "type": "Feature",
      "properties": {
        "id": "b-auk-0056",
        "building_id": "B-AUK-0056",
        "ulpin": "NZ-AUK-CBD-BL-000057-8",
        "name": "Scene Three",
        "floors": 15,
        "height_m": 48.0,
        "base_elevation_msl": 7.5,
        "roof_elevation_msl": 55.5,
        "structure_type": "apartments",
        "centroid": [
          174.772829,
          -36.845775
        ]
      },
      "geometry": {
        "type": "Polygon",
        "coordinates": [
          [
            [
              174.7729514,
              -36.8461613
            ],
            [
              174.7730345,
              -36.8461036
            ],
            [
              174.773079,
              -36.8459957
            ],
            [
              174.7731568,
              -36.8458072
            ],
            [
              174.7731618,
              -36.8457722
            ],
            [
              174.7731552,
              -36.8457457
            ],
            [
              174.7731287,
              -36.8457146
            ],
            [
              174.7730989,
              -36.8456934
            ],
            [
              174.7730385,
              -36.8456697
            ],
            [
              174.7729568,
              -36.8456482
            ],
            [
              174.772763,
              -36.845597
            ],
            [
              174.7726219,
              -36.8455598
            ],
            [
              174.7726323,
              -36.8455353
            ],
            [
              174.7725877,
              -36.8455285
            ],
            [
              174.7725064,
              -36.8455076
            ],
            [
              174.7725026,
              -36.8455169
            ],
            [
              174.7724955,
              -36.8455343
            ],
            [
              174.7724079,
              -36.8457494
            ],
            [
              174.7725562,
              -36.8458443
            ],
            [
              174.7726951,
              -36.8459428
            ],
            [
              174.7727881,
              -36.846015
            ],
            [
              174.7727963,
              -36.8460223
            ],
            [
              174.7729514,
              -36.8461613
            ]
          ]
        ]
      }
    },
    {
      "type": "Feature",
      "properties": {
        "id": "b-auk-0057",
        "building_id": "B-AUK-0057",
        "ulpin": "NZ-AUK-CBD-BL-000058-8",
        "name": "Customhouse",
        "floors": 14,
        "height_m": 44.8,
        "base_elevation_msl": 7.5,
        "roof_elevation_msl": 52.3,
        "structure_type": "commercial",
        "centroid": [
          174.772611,
          -36.847215
        ]
      },
      "geometry": {
        "type": "Polygon",
        "coordinates": [
          [
            [
              174.7728099,
              -36.8472629
            ],
            [
              174.7728203,
              -36.8472182
            ],
            [
              174.7726839,
              -36.8470569
            ],
            [
              174.7726158,
              -36.8470467
            ],
            [
              174.7724095,
              -36.8471535
            ],
            [
              174.7724007,
              -36.8471892
            ],
            [
              174.772395,
              -36.8472123
            ],
            [
              174.7725497,
              -36.8473686
            ],
            [
              174.7726108,
              -36.847377
            ],
            [
              174.7728099,
              -36.8472629
            ]
          ]
        ]
      }
    },
    {
      "type": "Feature",
      "properties": {
        "id": "b-auk-0058",
        "building_id": "B-AUK-0058",
        "ulpin": "NZ-AUK-CBD-BL-000059-8",
        "name": "O'Rorke Hall",
        "floors": 12,
        "height_m": 38.4,
        "base_elevation_msl": 7.5,
        "roof_elevation_msl": 45.9,
        "structure_type": "dormitory",
        "centroid": [
          174.766271,
          -36.854924
        ]
      },
      "geometry": {
        "type": "Polygon",
        "coordinates": [
          [
            [
              174.7658466,
              -36.8549002
            ],
            [
              174.7660538,
              -36.8552785
            ],
            [
              174.7662751,
              -36.8551994
            ],
            [
              174.7662534,
              -36.8551494
            ],
            [
              174.7663812,
              -36.8551057
            ],
            [
              174.7663693,
              -36.85508
            ],
            [
              174.7664349,
              -36.8550578
            ],
            [
              174.7664632,
              -36.8550309
            ],
            [
              174.7665681,
              -36.8549312
            ],
            [
              174.7664892,
              -36.8547611
            ],
            [
              174.7664404,
              -36.854746
            ],
            [
              174.7663641,
              -36.854775
            ],
            [
              174.766329,
              -36.8547187
            ],
            [
              174.7662874,
              -36.8547364
            ],
            [
              174.7662968,
              -36.8547552
            ],
            [
              174.7663136,
              -36.8547869
            ],
            [
              174.7663136,
              -36.8548185
            ],
            [
              174.7663102,
              -36.8548518
            ],
            [
              174.7662948,
              -36.8548899
            ],
            [
              174.766276,
              -36.8549183
            ],
            [
              174.7662666,
              -36.8549033
            ],
            [
              174.7661807,
              -36.8549366
            ],
            [
              174.7662029,
              -36.8549752
            ],
            [
              174.7661428,
              -36.8550022
            ],
            [
              174.7660391,
              -36.8548281
            ],
            [
              174.7658466,
              -36.8549002
            ]
          ]
        ]
      }
    },
    {
      "type": "Feature",
      "properties": {
        "id": "b-auk-0059",
        "building_id": "B-AUK-0059",
        "ulpin": "NZ-AUK-CBD-BL-000060-8",
        "name": "Davis Law Library",
        "floors": 10,
        "height_m": 32.0,
        "base_elevation_msl": 7.5,
        "roof_elevation_msl": 39.5,
        "structure_type": "university",
        "centroid": [
          174.771698,
          -36.848321
        ]
      },
      "geometry": {
        "type": "Polygon",
        "coordinates": [
          [
            [
              174.7719827,
              -36.8483411
            ],
            [
              174.7716437,
              -36.8480884
            ],
            [
              174.7714579,
              -36.8482551
            ],
            [
              174.7714972,
              -36.8482852
            ],
            [
              174.771588,
              -36.8483541
            ],
            [
              174.7716463,
              -36.8483985
            ],
            [
              174.7717874,
              -36.8485057
            ],
            [
              174.7719827,
              -36.8483411
            ]
          ]
        ]
      }
    },
    {
      "type": "Feature",
      "properties": {
        "id": "b-auk-0061",
        "building_id": "B-AUK-0061",
        "ulpin": "NZ-AUK-CBD-BL-000062-8",
        "name": "Fisher Building",
        "floors": 10,
        "height_m": 32.0,
        "base_elevation_msl": 7.5,
        "roof_elevation_msl": 39.5,
        "structure_type": "university",
        "centroid": [
          174.77141,
          -36.848902
        ]
      },
      "geometry": {
        "type": "Polygon",
        "coordinates": [
          [
            [
              174.7713341,
              -36.8490035
            ],
            [
              174.7714108,
              -36.8489694
            ],
            [
              174.77149,
              -36.8489666
            ],
            [
              174.7715532,
              -36.8489232
            ],
            [
              174.7715681,
              -36.8488669
            ],
            [
              174.7714885,
              -36.8487866
            ],
            [
              174.7714121,
              -36.8487854
            ],
            [
              174.7713387,
              -36.8488271
            ],
            [
              174.7713173,
              -36.8488852
            ],
            [
              174.7712674,
              -36.8489074
            ],
            [
              174.7713341,
              -36.8490035
            ]
          ]
        ]
      }
    },
    {
      "type": "Feature",
      "properties": {
        "id": "b-auk-0062",
        "building_id": "B-AUK-0062",
        "ulpin": "NZ-AUK-CBD-BL-000063-8",
        "name": "Newman Hall",
        "floors": 4,
        "height_m": 12.8,
        "base_elevation_msl": 7.5,
        "roof_elevation_msl": 20.3,
        "structure_type": "university",
        "centroid": [
          174.771087,
          -36.848799
        ]
      },
      "geometry": {
        "type": "Polygon",
        "coordinates": [
          [
            [
              174.7710552,
              -36.848898
            ],
            [
              174.7712504,
              -36.8487488
            ],
            [
              174.7711342,
              -36.8486514
            ],
            [
              174.770939,
              -36.8488006
            ],
            [
              174.7710552,
              -36.848898
            ]
          ]
        ]
      }
    },
    {
      "type": "Feature",
      "properties": {
        "id": "b-auk-0063",
        "building_id": "B-AUK-0063",
        "ulpin": "NZ-AUK-CBD-BL-000064-8",
        "name": "Kenneth Myers Centre (820)",
        "floors": 10,
        "height_m": 32.0,
        "base_elevation_msl": 7.5,
        "roof_elevation_msl": 39.5,
        "structure_type": "commercial",
        "centroid": [
          174.769337,
          -36.846771
        ]
      },
      "geometry": {
        "type": "Polygon",
        "coordinates": [
          [
            [
              174.7692164,
              -36.8468891
            ],
            [
              174.7695894,
              -36.8468087
            ],
            [
              174.7695169,
              -36.8465936
            ],
            [
              174.7691439,
              -36.8466741
            ],
            [
              174.7692164,
              -36.8468891
            ]
          ]
        ]
      }
    },
    {
      "type": "Feature",
      "properties": {
        "id": "b-auk-0064",
        "building_id": "B-AUK-0064",
        "ulpin": "NZ-AUK-CBD-BL-000065-8",
        "name": "Auckland University Press",
        "floors": 10,
        "height_m": 32.0,
        "base_elevation_msl": 7.5,
        "roof_elevation_msl": 39.5,
        "structure_type": "university",
        "centroid": [
          174.7717,
          -36.847571
        ]
      },
      "geometry": {
        "type": "Polygon",
        "coordinates": [
          [
            [
              174.7718017,
              -36.8474759
            ],
            [
              174.7717807,
              -36.8474578
            ],
            [
              174.771699,
              -36.8475186
            ],
            [
              174.7716824,
              -36.8475043
            ],
            [
              174.7716006,
              -36.8475652
            ],
            [
              174.7715819,
              -36.8475491
            ],
            [
              174.7714592,
              -36.8476404
            ],
            [
              174.7716388,
              -36.847795
            ],
            [
              174.7717407,
              -36.8477162
            ],
            [
              174.7719161,
              -36.8475812
            ],
            [
              174.7718017,
              -36.8474759
            ]
          ]
        ]
      }
    },
    {
      "type": "Feature",
      "properties": {
        "id": "b-auk-0065",
        "building_id": "B-AUK-0065",
        "ulpin": "NZ-AUK-CBD-BL-000066-8",
        "name": "Symphony House",
        "floors": 10,
        "height_m": 32.0,
        "base_elevation_msl": 7.5,
        "roof_elevation_msl": 39.5,
        "structure_type": "commercial",
        "centroid": [
          174.7649,
          -36.851223
        ]
      },
      "geometry": {
        "type": "Polygon",
        "coordinates": [
          [
            [
              174.765143,
              -36.8512138
            ],
            [
              174.7646126,
              -36.8510628
            ],
            [
              174.7645357,
              -36.8512361
            ],
            [
              174.7650661,
              -36.8513869
            ],
            [
              174.765143,
              -36.8512138
            ]
          ]
        ]
      }
    },
    {
      "type": "Feature",
      "properties": {
        "id": "b-auk-0066",
        "building_id": "B-AUK-0066",
        "ulpin": "NZ-AUK-CBD-BL-000067-8",
        "name": "Formery East",
        "floors": 10,
        "height_m": 32.0,
        "base_elevation_msl": 7.5,
        "roof_elevation_msl": 39.5,
        "structure_type": "office",
        "centroid": [
          174.763366,
          -36.848008
        ]
      },
      "geometry": {
        "type": "Polygon",
        "coordinates": [
          [
            [
              174.7634942,
              -36.847924
            ],
            [
              174.7633621,
              -36.8478851
            ],
            [
              174.7633199,
              -36.8479016
            ],
            [
              174.7632362,
              -36.8479342
            ],
            [
              174.763231,
              -36.8479459
            ],
            [
              174.7632188,
              -36.8479732
            ],
            [
              174.7631858,
              -36.8480415
            ],
            [
              174.7632448,
              -36.8481473
            ],
            [
              174.7633858,
              -36.8481859
            ],
            [
              174.7635042,
              -36.8481374
            ],
            [
              174.7635274,
              -36.8480811
            ],
            [
              174.7635506,
              -36.8480248
            ],
            [
              174.7634942,
              -36.847924
            ]
          ]
        ]
      }
    },
    {
      "type": "Feature",
      "properties": {
        "id": "b-auk-0067",
        "building_id": "B-AUK-0067",
        "ulpin": "NZ-AUK-CBD-BL-000068-8",
        "name": "Masonic House",
        "floors": 10,
        "height_m": 32.0,
        "base_elevation_msl": 7.5,
        "roof_elevation_msl": 39.5,
        "structure_type": "yes",
        "centroid": [
          174.768643,
          -36.844972
        ]
      },
      "geometry": {
        "type": "Polygon",
        "coordinates": [
          [
            [
              174.7687493,
              -36.8449482
            ],
            [
              174.7686633,
              -36.8449259
            ],
            [
              174.7686512,
              -36.8449228
            ],
            [
              174.768536,
              -36.8448929
            ],
            [
              174.7684884,
              -36.8450164
            ],
            [
              174.7686025,
              -36.845046
            ],
            [
              174.7687027,
              -36.845072
            ],
            [
              174.7687493,
              -36.8449482
            ]
          ]
        ]
      }
    },
    {
      "type": "Feature",
      "properties": {
        "id": "b-auk-0068",
        "building_id": "B-AUK-0068",
        "ulpin": "NZ-AUK-CBD-BL-000069-8",
        "name": "R. & E. Tingey & Co. Ltd.",
        "floors": 3,
        "height_m": 9.6,
        "base_elevation_msl": 7.5,
        "roof_elevation_msl": 17.1,
        "structure_type": "commercial",
        "centroid": [
          174.770075,
          -36.845329
        ]
      },
      "geometry": {
        "type": "Polygon",
        "coordinates": [
          [
            [
              174.7699515,
              -36.8453716
            ],
            [
              174.7701652,
              -36.845405
            ],
            [
              174.7702887,
              -36.8452829
            ],
            [
              174.7700191,
              -36.8452142
            ],
            [
              174.7699515,
              -36.8453716
            ]
          ]
        ]
      }
    },
    {
      "type": "Feature",
      "properties": {
        "id": "b-auk-0069",
        "building_id": "B-AUK-0069",
        "ulpin": "NZ-AUK-CBD-BL-000070-8",
        "name": "Westpac",
        "floors": 6,
        "height_m": 19.2,
        "base_elevation_msl": 7.5,
        "roof_elevation_msl": 26.7,
        "structure_type": "yes",
        "centroid": [
          174.769786,
          -36.845173
        ]
      },
      "geometry": {
        "type": "Polygon",
        "coordinates": [
          [
            [
              174.7694861,
              -36.8452793
            ],
            [
              174.7696113,
              -36.8453203
            ],
            [
              174.7699515,
              -36.8453716
            ],
            [
              174.7700191,
              -36.8452142
            ],
            [
              174.7700491,
              -36.8451445
            ],
            [
              174.7699992,
              -36.8451289
            ],
            [
              174.76995,
              -36.8451164
            ],
            [
              174.7699201,
              -36.8451087
            ],
            [
              174.7697142,
              -36.8450556
            ],
            [
              174.7696523,
              -36.8450392
            ],
            [
              174.7695885,
              -36.8450218
            ],
            [
              174.7694861,
              -36.8452793
            ]
          ]
        ]
      }
    },
    {
      "type": "Feature",
      "properties": {
        "id": "b-auk-0070",
        "building_id": "B-AUK-0070",
        "ulpin": "NZ-AUK-CBD-BL-000071-8",
        "name": "Saint Patrick\u2019s Cathedral",
        "floors": 10,
        "height_m": 32.0,
        "base_elevation_msl": 7.5,
        "roof_elevation_msl": 39.5,
        "structure_type": "cathedral",
        "centroid": [
          174.76335,
          -36.846437
        ]
      },
      "geometry": {
        "type": "Polygon",
        "coordinates": [
          [
            [
              174.7635372,
              -36.8466487
            ],
            [
              174.7635704,
              -36.8465749
            ],
            [
              174.7635882,
              -36.8465353
            ],
            [
              174.7636104,
              -36.8465417
            ],
            [
              174.7636274,
              -36.8465037
            ],
            [
              174.7636039,
              -36.8464969
            ],
            [
              174.7636235,
              -36.8464533
            ],
            [
              174.7636664,
              -36.8463577
            ],
            [
              174.7636221,
              -36.8463449
            ],
            [
              174.7634678,
              -36.8463005
            ],
            [
              174.7633962,
              -36.8462799
            ],
            [
              174.7633539,
              -36.8463742
            ],
            [
              174.7632318,
              -36.8463391
            ],
            [
              174.7632416,
              -36.8463172
            ],
            [
              174.7631897,
              -36.8463023
            ],
            [
              174.7631803,
              -36.846323
            ],
            [
              174.763178,
              -36.8463282
            ],
            [
              174.7631265,
              -36.8463133
            ],
            [
              174.7631129,
              -36.8463435
            ],
            [
              174.7630702,
              -36.8463312
            ],
            [
              174.7630479,
              -36.8463808
            ],
            [
              174.7630903,
              -36.846393
            ],
            [
              174.7630764,
              -36.8464239
            ],
            [
              174.7631293,
              -36.8464392
            ],
            [
              174.7631255,
              -36.8464476
            ],
            [
              174.7632951,
              -36.8464964
            ],
            [
              174.7633717,
              -36.8465185
            ],
            [
              174.7633554,
              -36.8465542
            ],
            [
              174.7633388,
              -36.8465916
            ],
            [
              174.7634909,
              -36.8466354
            ],
            [
              174.7635372,
              -36.8466487
            ]
          ]
        ]
      }
    },
    {
      "type": "Feature",
      "properties": {
        "id": "b-auk-0071",
        "building_id": "B-AUK-0071",
        "ulpin": "NZ-AUK-CBD-BL-000072-8",
        "name": "Dilworth Building",
        "floors": 10,
        "height_m": 32.0,
        "base_elevation_msl": 7.5,
        "roof_elevation_msl": 39.5,
        "structure_type": "commercial",
        "centroid": [
          174.76684,
          -36.844937
        ]
      },
      "geometry": {
        "type": "Polygon",
        "coordinates": [
          [
            [
              174.7667302,
              -36.8448381
            ],
            [
              174.7666937,
              -36.8448611
            ],
            [
              174.7666376,
              -36.8450501
            ],
            [
              174.7670677,
              -36.8451572
            ],
            [
              174.7671496,
              -36.8449413
            ],
            [
              174.7668739,
              -36.8448734
            ],
            [
              174.7667302,
              -36.8448381
            ]
          ]
        ]
      }
    },
    {
      "type": "Feature",
      "properties": {
        "id": "b-auk-0072",
        "building_id": "B-AUK-0072",
        "ulpin": "NZ-AUK-CBD-BL-000073-8",
        "name": "Queen's Arcade Building",
        "floors": 10,
        "height_m": 32.0,
        "base_elevation_msl": 7.5,
        "roof_elevation_msl": 39.5,
        "structure_type": "yes",
        "centroid": [
          174.767228,
          -36.845096
        ]
      },
      "geometry": {
        "type": "Polygon",
        "coordinates": [
          [
            [
              174.7672934,
              -36.8452126
            ],
            [
              174.7673566,
              -36.8449947
            ],
            [
              174.76725,
              -36.8449673
            ],
            [
              174.7671496,
              -36.8449413
            ],
            [
              174.7670677,
              -36.8451572
            ],
            [
              174.7671841,
              -36.8451858
            ],
            [
              174.7672934,
              -36.8452126
            ]
          ]
        ]
      }
    },
    {
      "type": "Feature",
      "properties": {
        "id": "b-auk-0073",
        "building_id": "B-AUK-0073",
        "ulpin": "NZ-AUK-CBD-BL-000074-8",
        "name": "AMI Building",
        "floors": 10,
        "height_m": 32.0,
        "base_elevation_msl": 7.5,
        "roof_elevation_msl": 39.5,
        "structure_type": "commercial",
        "centroid": [
          174.763856,
          -36.847059
        ]
      },
      "geometry": {
        "type": "Polygon",
        "coordinates": [
          [
            [
              174.7639382,
              -36.8471577
            ],
            [
              174.7639846,
              -36.847057
            ],
            [
              174.7639257,
              -36.8469595
            ],
            [
              174.7637961,
              -36.8469251
            ],
            [
              174.763704,
              -36.8469597
            ],
            [
              174.7636469,
              -36.8470872
            ],
            [
              174.7639167,
              -36.847165
            ],
            [
              174.7639382,
              -36.8471577
            ]
          ]
        ]
      }
    },
    {
      "type": "Feature",
      "properties": {
        "id": "b-auk-0074",
        "building_id": "B-AUK-0074",
        "ulpin": "NZ-AUK-CBD-BL-000075-8",
        "name": "The Lister Building",
        "floors": 10,
        "height_m": 32.0,
        "base_elevation_msl": 7.5,
        "roof_elevation_msl": 39.5,
        "structure_type": "apartments",
        "centroid": [
          174.765838,
          -36.849427
        ]
      },
      "geometry": {
        "type": "Polygon",
        "coordinates": [
          [
            [
              174.765891,
              -36.8495132
            ],
            [
              174.7659606,
              -36.8493544
            ],
            [
              174.7657581,
              -36.849298
            ],
            [
              174.7656889,
              -36.8494561
            ],
            [
              174.765891,
              -36.8495132
            ]
          ]
        ]
      }
    },
    {
      "type": "Feature",
      "properties": {
        "id": "b-auk-0076",
        "building_id": "B-AUK-0076",
        "ulpin": "NZ-AUK-CBD-BL-000077-8",
        "name": "NZI",
        "floors": 5,
        "height_m": 16.0,
        "base_elevation_msl": 7.5,
        "roof_elevation_msl": 23.5,
        "structure_type": "office",
        "centroid": [
          174.760934,
          -36.845089
        ]
      },
      "geometry": {
        "type": "Polygon",
        "coordinates": [
          [
            [
              174.7611428,
              -36.8447907
            ],
            [
              174.7611417,
              -36.8447899
            ],
            [
              174.7607195,
              -36.844677
            ],
            [
              174.7606259,
              -36.8449154
            ],
            [
              174.7606692,
              -36.8451137
            ],
            [
              174.7607175,
              -36.8453151
            ],
            [
              174.7607205,
              -36.8453261
            ],
            [
              174.7607559,
              -36.8453202
            ],
            [
              174.7607656,
              -36.8453601
            ],
            [
              174.76089,
              -36.8453383
            ],
            [
              174.7609212,
              -36.8453311
            ],
            [
              174.7609641,
              -36.845312
            ],
            [
              174.7609952,
              -36.8452859
            ],
            [
              174.76101,
              -36.8452669
            ],
            [
              174.7610234,
              -36.8452441
            ],
            [
              174.7611816,
              -36.8448613
            ],
            [
              174.761183,
              -36.8448441
            ],
            [
              174.7611756,
              -36.8448162
            ],
            [
              174.7611428,
              -36.8447907
            ]
          ]
        ]
      }
    },
    {
      "type": "Feature",
      "properties": {
        "id": "b-auk-0078",
        "building_id": "B-AUK-0078",
        "ulpin": "NZ-AUK-CBD-BL-000079-8",
        "name": "One Nelson",
        "floors": 3,
        "height_m": 9.6,
        "base_elevation_msl": 7.5,
        "roof_elevation_msl": 17.1,
        "structure_type": "commercial",
        "centroid": [
          174.76055,
          -36.84598
        ]
      },
      "geometry": {
        "type": "Polygon",
        "coordinates": [
          [
            [
              174.760571,
              -36.8462646
            ],
            [
              174.7607453,
              -36.8458743
            ],
            [
              174.7607631,
              -36.8458344
            ],
            [
              174.7606608,
              -36.8457371
            ],
            [
              174.7605632,
              -36.8457506
            ],
            [
              174.7604901,
              -36.8457607
            ],
            [
              174.7604572,
              -36.8458555
            ],
            [
              174.7603385,
              -36.8462022
            ],
            [
              174.7603438,
              -36.846253
            ],
            [
              174.760571,
              -36.8462646
            ]
          ]
        ]
      }
    },
    {
      "type": "Feature",
      "properties": {
        "id": "b-auk-0080",
        "building_id": "B-AUK-0080",
        "ulpin": "NZ-AUK-CBD-BL-000081-8",
        "name": "First Presbyterian Church of Saint Andrew",
        "floors": 10,
        "height_m": 32.0,
        "base_elevation_msl": 7.5,
        "roof_elevation_msl": 39.5,
        "structure_type": "church",
        "centroid": [
          174.772435,
          -36.850551
        ]
      },
      "geometry": {
        "type": "Polygon",
        "coordinates": [
          [
            [
              174.7723748,
              -36.8507542
            ],
            [
              174.7725803,
              -36.8505918
            ],
            [
              174.7725439,
              -36.8505613
            ],
            [
              174.7725775,
              -36.8505359
            ],
            [
              174.77249,
              -36.8504696
            ],
            [
              174.7724603,
              -36.8504941
            ],
            [
              174.7724457,
              -36.850481
            ],
            [
              174.7724534,
              -36.8504748
            ],
            [
              174.7724,
              -36.8504318
            ],
            [
              174.7723468,
              -36.8504744
            ],
            [
              174.7723842,
              -36.8505037
            ],
            [
              174.7722249,
              -36.8506326
            ],
            [
              174.7723748,
              -36.8507542
            ]
          ]
        ]
      }
    },
    {
      "type": "Feature",
      "properties": {
        "id": "b-auk-0081",
        "building_id": "B-AUK-0081",
        "ulpin": "NZ-AUK-CBD-BL-000082-8",
        "name": "Maclaurin Chapel",
        "floors": 10,
        "height_m": 32.0,
        "base_elevation_msl": 7.5,
        "roof_elevation_msl": 39.5,
        "structure_type": "university",
        "centroid": [
          174.769967,
          -36.849036
        ]
      },
      "geometry": {
        "type": "Polygon",
        "coordinates": [
          [
            [
              174.7699743,
              -36.8492157
            ],
            [
              174.7700762,
              -36.8489785
            ],
            [
              174.7700647,
              -36.8489184
            ],
            [
              174.7700451,
              -36.8489123
            ],
            [
              174.7699904,
              -36.8488955
            ],
            [
              174.7699287,
              -36.8489335
            ],
            [
              174.7699146,
              -36.8489297
            ],
            [
              174.769811,
              -36.8491708
            ],
            [
              174.7698948,
              -36.8491939
            ],
            [
              174.7699743,
              -36.8492157
            ]
          ]
        ]
      }
    },
    {
      "type": "Feature",
      "properties": {
        "id": "b-auk-0082",
        "building_id": "B-AUK-0082",
        "ulpin": "NZ-AUK-CBD-BL-000083-8",
        "name": "Windsor Towers",
        "floors": 6,
        "height_m": 19.2,
        "base_elevation_msl": 7.5,
        "roof_elevation_msl": 26.7,
        "structure_type": "apartments",
        "centroid": [
          174.772474,
          -36.849043
        ]
      },
      "geometry": {
        "type": "Polygon",
        "coordinates": [
          [
            [
              174.7724016,
              -36.8491129
            ],
            [
              174.7726293,
              -36.8490539
            ],
            [
              174.7725819,
              -36.8489378
            ],
            [
              174.7723548,
              -36.8489976
            ],
            [
              174.7724016,
              -36.8491129
            ]
          ]
        ]
      }
    },
    {
      "type": "Feature",
      "properties": {
        "id": "b-auk-0083",
        "building_id": "B-AUK-0083",
        "ulpin": "NZ-AUK-CBD-BL-000084-8",
        "name": "Auckland High Court",
        "floors": 2,
        "height_m": 6.4,
        "base_elevation_msl": 7.5,
        "roof_elevation_msl": 13.9,
        "structure_type": "yes",
        "centroid": [
          174.77255,
          -36.849582
        ]
      },
      "geometry": {
        "type": "Polygon",
        "coordinates": [
          [
            [
              174.7722241,
              -36.8497364
            ],
            [
              174.772262,
              -36.8497657
            ],
            [
              174.7723027,
              -36.8497995
            ],
            [
              174.7723271,
              -36.8498188
            ],
            [
              174.77237,
              -36.8497845
            ],
            [
              174.7724473,
              -36.8498463
            ],
            [
              174.7726664,
              -36.8496712
            ],
            [
              174.7727283,
              -36.8497202
            ],
            [
              174.7727329,
              -36.8497627
            ],
            [
              174.7727548,
              -36.8497611
            ],
            [
              174.7727766,
              -36.8497595
            ],
            [
              174.7729604,
              -36.8496095
            ],
            [
              174.773012,
              -36.8495695
            ],
            [
              174.7729951,
              -36.8495582
            ],
            [
              174.7730213,
              -36.8495278
            ],
            [
              174.7730285,
              -36.8494985
            ],
            [
              174.7730209,
              -36.8494575
            ],
            [
              174.7729967,
              -36.849424
            ],
            [
              174.7729246,
              -36.8493687
            ],
            [
              174.7728776,
              -36.8493332
            ],
            [
              174.7728433,
              -36.849307
            ],
            [
              174.7728057,
              -36.8492783
            ],
            [
              174.7727775,
              -36.8492088
            ],
            [
              174.772541,
              -36.8492702
            ],
            [
              174.7720266,
              -36.8494036
            ],
            [
              174.7720738,
              -36.8495201
            ],
            [
              174.7722313,
              -36.8494792
            ],
            [
              174.7725471,
              -36.8493973
            ],
            [
              174.772551,
              -36.8494071
            ],
            [
              174.7724939,
              -36.8494491
            ],
            [
              174.7723141,
              -36.8495774
            ],
            [
              174.7722052,
              -36.8496547
            ],
            [
              174.7722427,
              -36.8496879
            ],
            [
              174.7722377,
              -36.8496901
            ],
            [
              174.7722251,
              -36.8496984
            ],
            [
              174.7722251,
              -36.8497121
            ],
            [
              174.7722346,
              -36.8497196
            ],
            [
              174.7722383,
              -36.8497242
            ],
            [
              174.7722241,
              -36.8497364
            ]
          ]
        ]
      }
    },
    {
      "type": "Feature",
      "properties": {
        "id": "b-auk-0084",
        "building_id": "B-AUK-0084",
        "ulpin": "NZ-AUK-CBD-BL-000085-8",
        "name": "Mayoral Drive Exchange",
        "floors": 10,
        "height_m": 32.0,
        "base_elevation_msl": 7.5,
        "roof_elevation_msl": 39.5,
        "structure_type": "office",
        "centroid": [
          174.764117,
          -36.854235
        ]
      },
      "geometry": {
        "type": "Polygon",
        "coordinates": [
          [
            [
              174.7643337,
              -36.8542712
            ],
            [
              174.7641325,
              -36.8539249
            ],
            [
              174.7637017,
              -36.8540833
            ],
            [
              174.7639089,
              -36.8544409
            ],
            [
              174.7640703,
              -36.8543773
            ],
            [
              174.7643389,
              -36.8542789
            ],
            [
              174.7643337,
              -36.8542712
            ]
          ]
        ]
      }
    },
    {
      "type": "Feature",
      "properties": {
        "id": "b-auk-0085",
        "building_id": "B-AUK-0085",
        "ulpin": "NZ-AUK-CBD-BL-000086-8",
        "name": "The Wiltshire on Victoria",
        "floors": 10,
        "height_m": 32.0,
        "base_elevation_msl": 7.5,
        "roof_elevation_msl": 39.5,
        "structure_type": "apartments",
        "centroid": [
          174.762198,
          -36.847903
        ]
      },
      "geometry": {
        "type": "Polygon",
        "coordinates": [
          [
            [
              174.7622806,
              -36.8478905
            ],
            [
              174.7622451,
              -36.8478106
            ],
            [
              174.762213,
              -36.8478019
            ],
            [
              174.7621263,
              -36.8478485
            ],
            [
              174.7620936,
              -36.8479209
            ],
            [
              174.7621314,
              -36.8479931
            ],
            [
              174.7621636,
              -36.8480019
            ],
            [
              174.7622474,
              -36.8479654
            ],
            [
              174.7622806,
              -36.8478905
            ]
          ]
        ]
      }
    },
    {
      "type": "Feature",
      "properties": {
        "id": "b-auk-0086",
        "building_id": "B-AUK-0086",
        "ulpin": "NZ-AUK-CBD-BL-000087-8",
        "name": "The CAB",
        "floors": 20,
        "height_m": 64.0,
        "base_elevation_msl": 7.5,
        "roof_elevation_msl": 71.5,
        "structure_type": "apartments",
        "centroid": [
          174.76198,
          -36.852813
        ]
      },
      "geometry": {
        "type": "Polygon",
        "coordinates": [
          [
            [
              174.7619928,
              -36.8530193
            ],
            [
              174.7620211,
              -36.8529536
            ],
            [
              174.7620631,
              -36.8528561
            ],
            [
              174.7621092,
              -36.8527491
            ],
            [
              174.7621405,
              -36.8526764
            ],
            [
              174.7619583,
              -36.8526261
            ],
            [
              174.7619468,
              -36.8526529
            ],
            [
              174.7619404,
              -36.8526676
            ],
            [
              174.7619341,
              -36.8526824
            ],
            [
              174.7618497,
              -36.8528786
            ],
            [
              174.7618107,
              -36.8529691
            ],
            [
              174.7619928,
              -36.8530193
            ]
          ]
        ]
      }
    },
    {
      "type": "Feature",
      "properties": {
        "id": "b-auk-0088",
        "building_id": "B-AUK-0088",
        "ulpin": "NZ-AUK-CBD-BL-000089-8",
        "name": "Huawei Centre",
        "floors": 24,
        "height_m": 76.8,
        "base_elevation_msl": 7.5,
        "roof_elevation_msl": 84.3,
        "structure_type": "yes",
        "centroid": [
          174.763555,
          -36.849455
        ]
      },
      "geometry": {
        "type": "Polygon",
        "coordinates": [
          [
            [
              174.7634874,
              -36.8493092
            ],
            [
              174.7634371,
              -36.849424
            ],
            [
              174.7633893,
              -36.849533
            ],
            [
              174.7634371,
              -36.8495464
            ],
            [
              174.7637745,
              -36.8496443
            ],
            [
              174.7638718,
              -36.8494172
            ],
            [
              174.7634874,
              -36.8493092
            ]
          ]
        ]
      }
    },
    {
      "type": "Feature",
      "properties": {
        "id": "b-auk-0089",
        "building_id": "B-AUK-0089",
        "ulpin": "NZ-AUK-CBD-BL-000090-8",
        "name": "The AA Centre",
        "floors": 18,
        "height_m": 57.6,
        "base_elevation_msl": 7.5,
        "roof_elevation_msl": 65.1,
        "structure_type": "commercial",
        "centroid": [
          174.762939,
          -36.848764
        ]
      },
      "geometry": {
        "type": "Polygon",
        "coordinates": [
          [
            [
              174.7633183,
              -36.8485908
            ],
            [
              174.7631267,
              -36.8485366
            ],
            [
              174.7630866,
              -36.8486274
            ],
            [
              174.7630772,
              -36.8486487
            ],
            [
              174.7630849,
              -36.8486509
            ],
            [
              174.7630544,
              -36.8487216
            ],
            [
              174.7630399,
              -36.8487551
            ],
            [
              174.7630325,
              -36.8487723
            ],
            [
              174.7627831,
              -36.8487013
            ],
            [
              174.7627878,
              -36.8486904
            ],
            [
              174.7625371,
              -36.8486208
            ],
            [
              174.7625154,
              -36.8486709
            ],
            [
              174.7624559,
              -36.8488083
            ],
            [
              174.7624414,
              -36.8488438
            ],
            [
              174.7626914,
              -36.8489128
            ],
            [
              174.7627238,
              -36.8489217
            ],
            [
              174.7628455,
              -36.8489534
            ],
            [
              174.7629968,
              -36.8489947
            ],
            [
              174.7630724,
              -36.8490166
            ],
            [
              174.7631172,
              -36.8490294
            ],
            [
              174.7632208,
              -36.8488055
            ],
            [
              174.7632687,
              -36.8487029
            ],
            [
              174.7633183,
              -36.8485908
            ]
          ]
        ]
      }
    },
    {
      "type": "Feature",
      "properties": {
        "id": "b-auk-0090",
        "building_id": "B-AUK-0090",
        "ulpin": "NZ-AUK-CBD-BL-000091-8",
        "name": "WZ Building",
        "floors": 10,
        "height_m": 32.0,
        "base_elevation_msl": 7.5,
        "roof_elevation_msl": 39.5,
        "structure_type": "university",
        "centroid": [
          174.767376,
          -36.854286
        ]
      },
      "geometry": {
        "type": "Polygon",
        "coordinates": [
          [
            [
              174.7670947,
              -36.8543264
            ],
            [
              174.7670921,
              -36.8543377
            ],
            [
              174.7672135,
              -36.8543535
            ],
            [
              174.7673492,
              -36.8543712
            ],
            [
              174.7673322,
              -36.854442
            ],
            [
              174.7673709,
              -36.8544603
            ],
            [
              174.7675627,
              -36.8545483
            ],
            [
              174.7677433,
              -36.8543319
            ],
            [
              174.7676371,
              -36.8542737
            ],
            [
              174.7675986,
              -36.854255
            ],
            [
              174.7674893,
              -36.8542411
            ],
            [
              174.7675002,
              -36.8541978
            ],
            [
              174.7675236,
              -36.8540625
            ],
            [
              174.7672662,
              -36.854031
            ],
            [
              174.7671537,
              -36.8540173
            ],
            [
              174.7670947,
              -36.8543264
            ]
          ]
        ]
      }
    },
    {
      "type": "Feature",
      "properties": {
        "id": "b-auk-0091",
        "building_id": "B-AUK-0091",
        "ulpin": "NZ-AUK-CBD-BL-000092-8",
        "name": "82 Wyndham",
        "floors": 7,
        "height_m": 22.4,
        "base_elevation_msl": 7.5,
        "roof_elevation_msl": 29.9,
        "structure_type": "office",
        "centroid": [
          174.761011,
          -36.846385
        ]
      },
      "geometry": {
        "type": "Polygon",
        "coordinates": [
          [
            [
              174.7607597,
              -36.8465693
            ],
            [
              174.7610699,
              -36.8466629
            ],
            [
              174.761138,
              -36.8465181
            ],
            [
              174.7613014,
              -36.846179
            ],
            [
              174.7610688,
              -36.8461103
            ],
            [
              174.7609815,
              -36.8460874
            ],
            [
              174.7607597,
              -36.8465693
            ]
          ]
        ]
      }
    },
    {
      "type": "Feature",
      "properties": {
        "id": "b-auk-0092",
        "building_id": "B-AUK-0092",
        "ulpin": "NZ-AUK-CBD-BL-000093-8",
        "name": "Heritage Hotel",
        "floors": 7,
        "height_m": 22.4,
        "base_elevation_msl": 7.5,
        "roof_elevation_msl": 29.9,
        "structure_type": "yes",
        "centroid": [
          174.761595,
          -36.846649
        ]
      },
      "geometry": {
        "type": "Polygon",
        "coordinates": [
          [
            [
              174.7615641,
              -36.8462534
            ],
            [
              174.7614104,
              -36.8465998
            ],
            [
              174.761138,
              -36.8465181
            ],
            [
              174.7610699,
              -36.8466629
            ],
            [
              174.7611197,
              -36.846678
            ],
            [
              174.7611344,
              -36.8466824
            ],
            [
              174.7611533,
              -36.8466881
            ],
            [
              174.7613565,
              -36.8467494
            ],
            [
              174.7613675,
              -36.8467287
            ],
            [
              174.7614693,
              -36.8467582
            ],
            [
              174.7614592,
              -36.8467804
            ],
            [
              174.7615037,
              -36.8467939
            ],
            [
              174.7615132,
              -36.8467711
            ],
            [
              174.7616626,
              -36.8468143
            ],
            [
              174.761651,
              -36.8468383
            ],
            [
              174.7617316,
              -36.8468627
            ],
            [
              174.7618508,
              -36.8468986
            ],
            [
              174.7619994,
              -36.8469435
            ],
            [
              174.7621356,
              -36.8466349
            ],
            [
              174.7622152,
              -36.8464544
            ],
            [
              174.762213,
              -36.8464499
            ],
            [
              174.762211,
              -36.8464458
            ],
            [
              174.7617924,
              -36.8463213
            ],
            [
              174.7615641,
              -36.8462534
            ]
          ]
        ]
      }
    },
    {
      "type": "Feature",
      "properties": {
        "id": "b-auk-0093",
        "building_id": "B-AUK-0093",
        "ulpin": "NZ-AUK-CBD-BL-000094-8",
        "name": "Heritage Tower",
        "floors": 15,
        "height_m": 48.0,
        "base_elevation_msl": 7.5,
        "roof_elevation_msl": 55.5,
        "structure_type": "yes",
        "centroid": [
          174.76092,
          -36.846937
        ]
      },
      "geometry": {
        "type": "Polygon",
        "coordinates": [
          [
            [
              174.7606928,
              -36.8467161
            ],
            [
              174.7606413,
              -36.8468331
            ],
            [
              174.7606174,
              -36.8468814
            ],
            [
              174.7605953,
              -36.8469285
            ],
            [
              174.7605748,
              -36.8469748
            ],
            [
              174.7606592,
              -36.8469997
            ],
            [
              174.7606351,
              -36.8470498
            ],
            [
              174.7607439,
              -36.8470812
            ],
            [
              174.760768,
              -36.8470256
            ],
            [
              174.7611791,
              -36.8471424
            ],
            [
              174.7611917,
              -36.8471127
            ],
            [
              174.7612268,
              -36.8471221
            ],
            [
              174.7612661,
              -36.8470316
            ],
            [
              174.7612523,
              -36.8470274
            ],
            [
              174.7613336,
              -36.8468428
            ],
            [
              174.7611121,
              -36.8467772
            ],
            [
              174.7610873,
              -36.8468307
            ],
            [
              174.7610691,
              -36.8468253
            ],
            [
              174.7610546,
              -36.846821
            ],
            [
              174.7606928,
              -36.8467161
            ]
          ]
        ]
      }
    },
    {
      "type": "Feature",
      "properties": {
        "id": "b-auk-0094",
        "building_id": "B-AUK-0094",
        "ulpin": "NZ-AUK-CBD-BL-000095-8",
        "name": "The Landings",
        "floors": 10,
        "height_m": 32.0,
        "base_elevation_msl": 7.5,
        "roof_elevation_msl": 39.5,
        "structure_type": "apartments",
        "centroid": [
          174.775578,
          -36.848879
        ]
      },
      "geometry": {
        "type": "Polygon",
        "coordinates": [
          [
            [
              174.7749042,
              -36.8489455
            ],
            [
              174.7748356,
              -36.8490879
            ],
            [
              174.775188,
              -36.8491914
            ],
            [
              174.7751849,
              -36.8492096
            ],
            [
              174.7752925,
              -36.8492394
            ],
            [
              174.7753018,
              -36.8492246
            ],
            [
              174.7753614,
              -36.8492419
            ],
            [
              174.7753591,
              -36.8492563
            ],
            [
              174.7754575,
              -36.8492871
            ],
            [
              174.7756194,
              -36.8489417
            ],
            [
              174.775653,
              -36.8489477
            ],
            [
              174.7756636,
              -36.8489071
            ],
            [
              174.7757763,
              -36.8488769
            ],
            [
              174.7757516,
              -36.8488243
            ],
            [
              174.7758159,
              -36.8488055
            ],
            [
              174.7758126,
              -36.8487937
            ],
            [
              174.7760073,
              -36.8487378
            ],
            [
              174.776026,
              -36.8487732
            ],
            [
              174.7761171,
              -36.8487437
            ],
            [
              174.7760832,
              -36.8486704
            ],
            [
              174.7760706,
              -36.8486431
            ],
            [
              174.7760272,
              -36.8485492
            ],
            [
              174.7759982,
              -36.8485575
            ],
            [
              174.7758767,
              -36.8485922
            ],
            [
              174.7757889,
              -36.8486173
            ],
            [
              174.7757094,
              -36.84864
            ],
            [
              174.7756255,
              -36.848664
            ],
            [
              174.7755372,
              -36.8486892
            ],
            [
              174.7755666,
              -36.8487488
            ],
            [
              174.7754857,
              -36.848774
            ],
            [
              174.7754031,
              -36.8487998
            ],
            [
              174.7753202,
              -36.8488257
            ],
            [
              174.7753649,
              -36.8489226
            ],
            [
              174.7754961,
              -36.8488867
            ],
            [
              174.7754055,
              -36.8490862
            ],
            [
              174.7749042,
              -36.8489455
            ]
          ]
        ]
      }
    },
    {
      "type": "Feature",
      "properties": {
        "id": "b-auk-0095",
        "building_id": "B-AUK-0095",
        "ulpin": "NZ-AUK-CBD-BL-000096-8",
        "name": "Kate Edger Information Commons",
        "floors": 3,
        "height_m": 9.6,
        "base_elevation_msl": 7.5,
        "roof_elevation_msl": 17.1,
        "structure_type": "university",
        "centroid": [
          174.769467,
          -36.852139
        ]
      },
      "geometry": {
        "type": "Polygon",
        "coordinates": [
          [
            [
              174.7697326,
              -36.8520172
            ],
            [
              174.7697298,
              -36.8520157
            ],
            [
              174.7696895,
              -36.8519938
            ],
            [
              174.7696681,
              -36.852007
            ],
            [
              174.7697953,
              -36.8518112
            ],
            [
              174.7696697,
              -36.8517717
            ],
            [
              174.7695066,
              -36.8519337
            ],
            [
              174.7694918,
              -36.8519227
            ],
            [
              174.7694749,
              -36.8519101
            ],
            [
              174.769398,
              -36.8518869
            ],
            [
              174.7693728,
              -36.8519447
            ],
            [
              174.7693785,
              -36.8519463
            ],
            [
              174.769305,
              -36.852019
            ],
            [
              174.7692957,
              -36.8520285
            ],
            [
              174.76928,
              -36.8520445
            ],
            [
              174.7692685,
              -36.8520557
            ],
            [
              174.7692615,
              -36.8520522
            ],
            [
              174.7691455,
              -36.8521675
            ],
            [
              174.7691539,
              -36.8521711
            ],
            [
              174.7691267,
              -36.8521942
            ],
            [
              174.7691367,
              -36.8522006
            ],
            [
              174.7691428,
              -36.852196
            ],
            [
              174.7692055,
              -36.8522336
            ],
            [
              174.7692015,
              -36.8522379
            ],
            [
              174.7692404,
              -36.8522639
            ],
            [
              174.7693348,
              -36.8522106
            ],
            [
              174.7693619,
              -36.8522288
            ],
            [
              174.769386,
              -36.852245
            ],
            [
              174.7692947,
              -36.8523343
            ],
            [
              174.7693009,
              -36.8523389
            ],
            [
              174.7692865,
              -36.8523538
            ],
            [
              174.7693852,
              -36.8524182
            ],
            [
              174.769401,
              -36.852404
            ],
            [
              174.7694281,
              -36.8524217
            ],
            [
              174.7694132,
              -36.8524355
            ],
            [
              174.7694244,
              -36.8524428
            ],
            [
              174.7695094,
              -36.852498
            ],
            [
              174.7695238,
              -36.8524847
            ],
            [
              174.7695331,
              -36.8524907
            ],
            [
              174.7699319,
              -36.8520806
            ],
            [
              174.7699438,
              -36.8520673
            ],
            [
              174.7698484,
              -36.852007
            ],
            [
              174.7698226,
              -36.8520326
            ],
            [
              174.7697909,
              -36.852012
            ],
            [
              174.7698135,
              -36.8519876
            ],
            [
              174.7698082,
              -36.8519836
            ],
            [
              174.7697326,
              -36.8520172
            ]
          ]
        ]
      }
    },
    {
      "type": "Feature",
      "properties": {
        "id": "b-auk-0096",
        "building_id": "B-AUK-0096",
        "ulpin": "NZ-AUK-CBD-BL-000097-8",
        "name": "Deloitte Tower",
        "floors": 23,
        "height_m": 73.6,
        "base_elevation_msl": 7.5,
        "roof_elevation_msl": 81.1,
        "structure_type": "commercial",
        "centroid": [
          174.76656,
          -36.846158
        ]
      },
      "geometry": {
        "type": "Polygon",
        "coordinates": [
          [
            [
              174.7669317,
              -36.8460615
            ],
            [
              174.7666897,
              -36.8460049
            ],
            [
              174.7666274,
              -36.8459904
            ],
            [
              174.7663825,
              -36.8459362
            ],
            [
              174.7662981,
              -36.8461787
            ],
            [
              174.7663855,
              -36.8461992
            ],
            [
              174.766357,
              -36.8462772
            ],
            [
              174.766384,
              -36.8462835
            ],
            [
              174.7663703,
              -36.8463208
            ],
            [
              174.7668004,
              -36.8464213
            ],
            [
              174.7669317,
              -36.8460615
            ]
          ]
        ]
      }
    },
    {
      "type": "Feature",
      "properties": {
        "id": "b-auk-0097",
        "building_id": "B-AUK-0097",
        "ulpin": "NZ-AUK-CBD-BL-000098-8",
        "name": "REO Carpark",
        "floors": 10,
        "height_m": 32.0,
        "base_elevation_msl": 7.5,
        "roof_elevation_msl": 39.5,
        "structure_type": "parking",
        "centroid": [
          174.763746,
          -36.844938
        ]
      },
      "geometry": {
        "type": "Polygon",
        "coordinates": [
          [
            [
              174.7636459,
              -36.8448044
            ],
            [
              174.763554,
              -36.8450361
            ],
            [
              174.7638936,
              -36.8451353
            ],
            [
              174.7639893,
              -36.8449101
            ],
            [
              174.7636459,
              -36.8448044
            ]
          ]
        ]
      }
    },
    {
      "type": "Feature",
      "properties": {
        "id": "b-auk-0098",
        "building_id": "B-AUK-0098",
        "ulpin": "NZ-AUK-CBD-BL-000099-8",
        "name": "Wilson Parking",
        "floors": 10,
        "height_m": 32.0,
        "base_elevation_msl": 7.5,
        "roof_elevation_msl": 39.5,
        "structure_type": "yes",
        "centroid": [
          174.76609,
          -36.850182
        ]
      },
      "geometry": {
        "type": "Polygon",
        "coordinates": [
          [
            [
              174.7664141,
              -36.8499771
            ],
            [
              174.766332,
              -36.8499554
            ],
            [
              174.7661842,
              -36.8499143
            ],
            [
              174.7660404,
              -36.8502478
            ],
            [
              174.7659891,
              -36.850231
            ],
            [
              174.765758,
              -36.8501679
            ],
            [
              174.765746,
              -36.8501953
            ],
            [
              174.7657348,
              -36.850221
            ],
            [
              174.7658895,
              -36.850263
            ],
            [
              174.7660178,
              -36.8503002
            ],
            [
              174.7659952,
              -36.8503527
            ],
            [
              174.7660425,
              -36.8503657
            ],
            [
              174.7662249,
              -36.8504161
            ],
            [
              174.7662628,
              -36.8503256
            ],
            [
              174.7664024,
              -36.8500066
            ],
            [
              174.7664141,
              -36.8499771
            ]
          ]
        ]
      }
    },
    {
      "type": "Feature",
      "properties": {
        "id": "b-auk-0099",
        "building_id": "B-AUK-0099",
        "ulpin": "NZ-AUK-CBD-BL-000100-8",
        "name": "AUSA House",
        "floors": 2,
        "height_m": 6.4,
        "base_elevation_msl": 7.5,
        "roof_elevation_msl": 13.9,
        "structure_type": "university",
        "centroid": [
          174.769414,
          -36.851816
        ]
      },
      "geometry": {
        "type": "Polygon",
        "coordinates": [
          [
            [
              174.7693941,
              -36.8517366
            ],
            [
              174.7693665,
              -36.8517932
            ],
            [
              174.7693312,
              -36.8518659
            ],
            [
              174.769398,
              -36.8518869
            ],
            [
              174.7694749,
              -36.8519101
            ],
            [
              174.7695397,
              -36.851783
            ],
            [
              174.7693941,
              -36.8517366
            ]
          ]
        ]
      }
    },
    {
      "type": "Feature",
      "properties": {
        "id": "b-auk-0100",
        "building_id": "B-AUK-0100",
        "ulpin": "NZ-AUK-CBD-BL-000101-8",
        "name": "Clock Tower East",
        "floors": 10,
        "height_m": 32.0,
        "base_elevation_msl": 7.5,
        "roof_elevation_msl": 39.5,
        "structure_type": "university",
        "centroid": [
          174.769715,
          -36.850607
        ]
      },
      "geometry": {
        "type": "Polygon",
        "coordinates": [
          [
            [
              174.7696407,
              -36.850697
            ],
            [
              174.7696753,
              -36.8506679
            ],
            [
              174.7697897,
              -36.850755
            ],
            [
              174.769756,
              -36.8507833
            ],
            [
              174.7698372,
              -36.8508451
            ],
            [
              174.7699752,
              -36.8507291
            ],
            [
              174.7699269,
              -36.8506923
            ],
            [
              174.7699453,
              -36.850677
            ],
            [
              174.7698921,
              -36.8506364
            ],
            [
              174.7698723,
              -36.8506531
            ],
            [
              174.7698005,
              -36.8505983
            ],
            [
              174.7698168,
              -36.8505846
            ],
            [
              174.7697718,
              -36.8505501
            ],
            [
              174.7697521,
              -36.8505666
            ],
            [
              174.7696029,
              -36.8504524
            ],
            [
              174.7695717,
              -36.8504291
            ],
            [
              174.7694521,
              -36.8503939
            ],
            [
              174.7694327,
              -36.8504303
            ],
            [
              174.7695213,
              -36.850457
            ],
            [
              174.7695691,
              -36.8504934
            ],
            [
              174.7696454,
              -36.8505515
            ],
            [
              174.7695524,
              -36.8506298
            ],
            [
              174.7696407,
              -36.850697
            ]
          ]
        ]
      }
    },
    {
      "type": "Feature",
      "properties": {
        "id": "b-auk-0101",
        "building_id": "B-AUK-0101",
        "ulpin": "NZ-AUK-CBD-BL-000102-8",
        "name": "Reipae",
        "floors": 10,
        "height_m": 32.0,
        "base_elevation_msl": 7.5,
        "roof_elevation_msl": 39.5,
        "structure_type": "university",
        "centroid": [
          174.773097,
          -36.851519
        ]
      },
      "geometry": {
        "type": "Polygon",
        "coordinates": [
          [
            [
              174.7731064,
              -36.8516259
            ],
            [
              174.7732218,
              -36.8515284
            ],
            [
              174.7732235,
              -36.8515056
            ],
            [
              174.7731712,
              -36.851463
            ],
            [
              174.7732267,
              -36.8514157
            ],
            [
              174.7731559,
              -36.8513577
            ],
            [
              174.7731282,
              -36.8513592
            ],
            [
              174.7729243,
              -36.8515179
            ],
            [
              174.7729344,
              -36.8515271
            ],
            [
              174.7729083,
              -36.8515468
            ],
            [
              174.773052,
              -36.8516539
            ],
            [
              174.7730959,
              -36.8516169
            ],
            [
              174.7731064,
              -36.8516259
            ]
          ]
        ]
      }
    },
    {
      "type": "Feature",
      "properties": {
        "id": "b-auk-0102",
        "building_id": "B-AUK-0102",
        "ulpin": "NZ-AUK-CBD-BL-000103-8",
        "name": "Northern Club",
        "floors": 10,
        "height_m": 32.0,
        "base_elevation_msl": 7.5,
        "roof_elevation_msl": 39.5,
        "structure_type": "yes",
        "centroid": [
          174.769681,
          -36.848045
        ]
      },
      "geometry": {
        "type": "Polygon",
        "coordinates": [
          [
            [
              174.7697915,
              -36.8481675
            ],
            [
              174.7698515,
              -36.8480164
            ],
            [
              174.7698129,
              -36.8480065
            ],
            [
              174.7696619,
              -36.8479614
            ],
            [
              174.7696377,
              -36.8479989
            ],
            [
              174.7694864,
              -36.8479523
            ],
            [
              174.7694111,
              -36.8480892
            ],
            [
              174.7697915,
              -36.8481675
            ]
          ]
        ]
      }
    },
    {
      "type": "Feature",
      "properties": {
        "id": "b-auk-0103",
        "building_id": "B-AUK-0103",
        "ulpin": "NZ-AUK-CBD-BL-000104-8",
        "name": "University House",
        "floors": 10,
        "height_m": 32.0,
        "base_elevation_msl": 7.5,
        "roof_elevation_msl": 39.5,
        "structure_type": "synagogue",
        "centroid": [
          174.769354,
          -36.848774
        ]
      },
      "geometry": {
        "type": "Polygon",
        "coordinates": [
          [
            [
              174.7691865,
              -36.8488104
            ],
            [
              174.7693703,
              -36.8488677
            ],
            [
              174.7693849,
              -36.8488341
            ],
            [
              174.7694229,
              -36.8488453
            ],
            [
              174.7694547,
              -36.848854
            ],
            [
              174.7694745,
              -36.848805
            ],
            [
              174.7694432,
              -36.8487961
            ],
            [
              174.7694898,
              -36.848687
            ],
            [
              174.769368,
              -36.8486544
            ],
            [
              174.7693519,
              -36.8486957
            ],
            [
              174.7692473,
              -36.8486655
            ],
            [
              174.7692157,
              -36.8487352
            ],
            [
              174.7691865,
              -36.8488104
            ]
          ]
        ]
      }
    },
    {
      "type": "Feature",
      "properties": {
        "id": "b-auk-0104",
        "building_id": "B-AUK-0104",
        "ulpin": "NZ-AUK-CBD-BL-000105-8",
        "name": "The Gateway Carpark",
        "floors": 10,
        "height_m": 32.0,
        "base_elevation_msl": 7.5,
        "roof_elevation_msl": 39.5,
        "structure_type": "parking",
        "centroid": [
          174.774815,
          -36.853487
        ]
      },
      "geometry": {
        "type": "Polygon",
        "coordinates": [
          [
            [
              174.7744856,
              -36.8530856
            ],
            [
              174.7742453,
              -36.8533345
            ],
            [
              174.7748999,
              -36.8537402
            ],
            [
              174.7749422,
              -36.8536965
            ],
            [
              174.7750474,
              -36.8537617
            ],
            [
              174.7751691,
              -36.8536359
            ],
            [
              174.7752458,
              -36.8535551
            ],
            [
              174.7744856,
              -36.8530856
            ]
          ]
        ]
      }
    },
    {
      "type": "Feature",
      "properties": {
        "id": "b-auk-0106",
        "building_id": "B-AUK-0106",
        "ulpin": "NZ-AUK-CBD-BL-000107-8",
        "name": "Atrium on Takutai",
        "floors": 13,
        "height_m": 41.6,
        "base_elevation_msl": 7.5,
        "roof_elevation_msl": 49.1,
        "structure_type": "commercial",
        "centroid": [
          174.770067,
          -36.844809
        ]
      },
      "geometry": {
        "type": "Polygon",
        "coordinates": [
          [
            [
              174.7696026,
              -36.8449262
            ],
            [
              174.769689,
              -36.8449504
            ],
            [
              174.7697509,
              -36.8449667
            ],
            [
              174.7699354,
              -36.845016
            ],
            [
              174.7699654,
              -36.845024
            ],
            [
              174.7704082,
              -36.8451422
            ],
            [
              174.7705535,
              -36.844983
            ],
            [
              174.7705771,
              -36.8449275
            ],
            [
              174.7705977,
              -36.8448773
            ],
            [
              174.7706692,
              -36.8446951
            ],
            [
              174.770598,
              -36.8446776
            ],
            [
              174.7703342,
              -36.8446113
            ],
            [
              174.7702197,
              -36.8445815
            ],
            [
              174.7699086,
              -36.8445044
            ],
            [
              174.7697816,
              -36.8444707
            ],
            [
              174.7697154,
              -36.8446436
            ],
            [
              174.7696951,
              -36.8446945
            ],
            [
              174.7696738,
              -36.8447478
            ],
            [
              174.7696026,
              -36.8449262
            ]
          ]
        ]
      }
    },
    {
      "type": "Feature",
      "properties": {
        "id": "b-auk-0107",
        "building_id": "B-AUK-0107",
        "ulpin": "NZ-AUK-CBD-BL-000108-8",
        "name": "OAKS.",
        "floors": 10,
        "height_m": 32.0,
        "base_elevation_msl": 7.5,
        "roof_elevation_msl": 39.5,
        "structure_type": "yes",
        "centroid": [
          174.773675,
          -36.846734
        ]
      },
      "geometry": {
        "type": "Polygon",
        "coordinates": [
          [
            [
              174.7733673,
              -36.8464741
            ],
            [
              174.7732954,
              -36.8465151
            ],
            [
              174.7737904,
              -36.8470792
            ],
            [
              174.7738091,
              -36.8471005
            ],
            [
              174.7738626,
              -36.8470707
            ],
            [
              174.77389,
              -36.8470077
            ],
            [
              174.7738717,
              -36.8469861
            ],
            [
              174.7738946,
              -36.8469715
            ],
            [
              174.7739185,
              -36.8469194
            ],
            [
              174.7739068,
              -36.8469059
            ],
            [
              174.7739005,
              -36.8468987
            ],
            [
              174.7737723,
              -36.8467511
            ],
            [
              174.7738262,
              -36.8467202
            ],
            [
              174.7737864,
              -36.8466766
            ],
            [
              174.7737466,
              -36.846633
            ],
            [
              174.7736914,
              -36.8466631
            ],
            [
              174.7735683,
              -36.8465266
            ],
            [
              174.7735089,
              -36.8465261
            ],
            [
              174.7734951,
              -36.8465057
            ],
            [
              174.7734441,
              -36.8465068
            ],
            [
              174.7734295,
              -36.8464887
            ],
            [
              174.7733799,
              -36.8464911
            ],
            [
              174.7733673,
              -36.8464741
            ]
          ]
        ]
      }
    },
    {
      "type": "Feature",
      "properties": {
        "id": "b-auk-0108",
        "building_id": "B-AUK-0108",
        "ulpin": "NZ-AUK-CBD-BL-000109-8",
        "name": "Fale Media Building",
        "floors": 10,
        "height_m": 32.0,
        "base_elevation_msl": 7.5,
        "roof_elevation_msl": 39.5,
        "structure_type": "university",
        "centroid": [
          174.772043,
          -36.852011
        ]
      },
      "geometry": {
        "type": "Polygon",
        "coordinates": [
          [
            [
              174.7719827,
              -36.8520158
            ],
            [
              174.7720461,
              -36.8520666
            ],
            [
              174.7720578,
              -36.8520572
            ],
            [
              174.772151,
              -36.8519827
            ],
            [
              174.7720876,
              -36.8519319
            ],
            [
              174.7719962,
              -36.852005
            ],
            [
              174.7719827,
              -36.8520158
            ]
          ]
        ]
      }
    },
    {
      "type": "Feature",
      "properties": {
        "id": "b-auk-0109",
        "building_id": "B-AUK-0109",
        "ulpin": "NZ-AUK-CBD-BL-000110-8",
        "name": "Fale Pasifika",
        "floors": 10,
        "height_m": 32.0,
        "base_elevation_msl": 7.5,
        "roof_elevation_msl": 39.5,
        "structure_type": "university",
        "centroid": [
          174.772154,
          -36.852232
        ]
      },
      "geometry": {
        "type": "Polygon",
        "coordinates": [
          [
            [
              174.7720449,
              -36.8522236
            ],
            [
              174.7720385,
              -36.8522309
            ],
            [
              174.7720271,
              -36.8522501
            ],
            [
              174.7720238,
              -36.852266
            ],
            [
              174.7720254,
              -36.8522821
            ],
            [
              174.7720316,
              -36.8522974
            ],
            [
              174.7720448,
              -36.8523136
            ],
            [
              174.7720632,
              -36.8523261
            ],
            [
              174.7720852,
              -36.8523339
            ],
            [
              174.7721085,
              -36.8523365
            ],
            [
              174.7721317,
              -36.8523338
            ],
            [
              174.7721506,
              -36.8523273
            ],
            [
              174.7721669,
              -36.8523174
            ],
            [
              174.7722752,
              -36.8522341
            ],
            [
              174.7722903,
              -36.8522208
            ],
            [
              174.7723006,
              -36.8522049
            ],
            [
              174.7723056,
              -36.8521874
            ],
            [
              174.7723036,
              -36.8521647
            ],
            [
              174.7722926,
              -36.8521438
            ],
            [
              174.772273,
              -36.8521263
            ],
            [
              174.7722473,
              -36.852115
            ],
            [
              174.7722186,
              -36.8521111
            ],
            [
              174.7721899,
              -36.8521151
            ],
            [
              174.7721675,
              -36.8521245
            ],
            [
              174.7720449,
              -36.8522236
            ]
          ]
        ]
      }
    },
    {
      "type": "Feature",
      "properties": {
        "id": "b-auk-0110",
        "building_id": "B-AUK-0110",
        "ulpin": "NZ-AUK-CBD-BL-000111-8",
        "name": "Rehutai",
        "floors": 10,
        "height_m": 32.0,
        "base_elevation_msl": 7.5,
        "roof_elevation_msl": 39.5,
        "structure_type": "university",
        "centroid": [
          174.772661,
          -36.851758
        ]
      },
      "geometry": {
        "type": "Polygon",
        "coordinates": [
          [
            [
              174.7725286,
              -36.851659
            ],
            [
              174.7724629,
              -36.8517105
            ],
            [
              174.7724043,
              -36.8516626
            ],
            [
              174.772323,
              -36.8517264
            ],
            [
              174.7725643,
              -36.8519233
            ],
            [
              174.7725828,
              -36.8519087
            ],
            [
              174.7726166,
              -36.8519363
            ],
            [
              174.7726623,
              -36.8519004
            ],
            [
              174.7726284,
              -36.8518728
            ],
            [
              174.7726709,
              -36.8518394
            ],
            [
              174.7727155,
              -36.8518758
            ],
            [
              174.772997,
              -36.8516549
            ],
            [
              174.7729289,
              -36.8515994
            ],
            [
              174.7729027,
              -36.85162
            ],
            [
              174.7728737,
              -36.8515963
            ],
            [
              174.7727206,
              -36.8517164
            ],
            [
              174.7727543,
              -36.8517438
            ],
            [
              174.7726922,
              -36.8517925
            ],
            [
              174.7725286,
              -36.851659
            ]
          ]
        ]
      }
    },
    {
      "type": "Feature",
      "properties": {
        "id": "b-auk-0111",
        "building_id": "B-AUK-0111",
        "ulpin": "NZ-AUK-CBD-BL-000112-8",
        "name": "Waipapa Marae",
        "floors": 10,
        "height_m": 32.0,
        "base_elevation_msl": 7.5,
        "roof_elevation_msl": 39.5,
        "structure_type": "university",
        "centroid": [
          174.772666,
          -36.85152
        ]
      },
      "geometry": {
        "type": "Polygon",
        "coordinates": [
          [
            [
              174.7727112,
              -36.8514369
            ],
            [
              174.7725185,
              -36.851573
            ],
            [
              174.7725978,
              -36.8516449
            ],
            [
              174.7727904,
              -36.8515087
            ],
            [
              174.7727112,
              -36.8514369
            ]
          ]
        ]
      }
    },
    {
      "type": "Feature",
      "properties": {
        "id": "b-auk-0112",
        "building_id": "B-AUK-0112",
        "ulpin": "NZ-AUK-CBD-BL-000113-8",
        "name": "The Chancery Car Park",
        "floors": 3,
        "height_m": 9.6,
        "base_elevation_msl": 7.5,
        "roof_elevation_msl": 17.1,
        "structure_type": "parking",
        "centroid": [
          174.768541,
          -36.847958
        ]
      },
      "geometry": {
        "type": "Polygon",
        "coordinates": [
          [
            [
              174.7690577,
              -36.8480812
            ],
            [
              174.769129,
              -36.8479095
            ],
            [
              174.7691528,
              -36.8478477
            ],
            [
              174.7692008,
              -36.8477299
            ],
            [
              174.7692361,
              -36.847632
            ],
            [
              174.7685835,
              -36.8476732
            ],
            [
              174.7685854,
              -36.8476872
            ],
            [
              174.7685178,
              -36.8476918
            ],
            [
              174.7685216,
              -36.847773
            ],
            [
              174.7682741,
              -36.8477847
            ],
            [
              174.7680949,
              -36.8479533
            ],
            [
              174.7680997,
              -36.848006
            ],
            [
              174.7680581,
              -36.84801
            ],
            [
              174.7680496,
              -36.8480108
            ],
            [
              174.7680588,
              -36.848135
            ],
            [
              174.7680628,
              -36.8481889
            ],
            [
              174.7681655,
              -36.8481848
            ],
            [
              174.76817,
              -36.8482105
            ],
            [
              174.7683447,
              -36.8481554
            ],
            [
              174.7685049,
              -36.8481196
            ],
            [
              174.7686861,
              -36.8480948
            ],
            [
              174.7688215,
              -36.8480841
            ],
            [
              174.7690577,
              -36.8480812
            ]
          ]
        ]
      }
    },
    {
      "type": "Feature",
      "properties": {
        "id": "b-auk-0114",
        "building_id": "B-AUK-0114",
        "ulpin": "NZ-AUK-CBD-BL-000115-8",
        "name": "The Band Rotunda",
        "floors": 10,
        "height_m": 32.0,
        "base_elevation_msl": 7.5,
        "roof_elevation_msl": 39.5,
        "structure_type": "gazebo",
        "centroid": [
          174.767433,
          -36.851655
        ]
      },
      "geometry": {
        "type": "Polygon",
        "coordinates": [
          [
            [
              174.7674344,
              -36.8516933
            ],
            [
              174.7674717,
              -36.8516799
            ],
            [
              174.7674863,
              -36.851649
            ],
            [
              174.7674691,
              -36.8516189
            ],
            [
              174.7674309,
              -36.8516075
            ],
            [
              174.7673937,
              -36.851621
            ],
            [
              174.767379,
              -36.8516519
            ],
            [
              174.7673962,
              -36.851682
            ],
            [
              174.7674344,
              -36.8516933
            ]
          ]
        ]
      }
    },
    {
      "type": "Feature",
      "properties": {
        "id": "b-auk-0116",
        "building_id": "B-AUK-0116",
        "ulpin": "NZ-AUK-CBD-BL-000117-8",
        "name": "The Quadrant Hotel and Suites",
        "floors": 5,
        "height_m": 16.0,
        "base_elevation_msl": 7.5,
        "roof_elevation_msl": 23.5,
        "structure_type": "hotel",
        "centroid": [
          174.771031,
          -36.848247
        ]
      },
      "geometry": {
        "type": "Polygon",
        "coordinates": [
          [
            [
              174.7713913,
              -36.8479444
            ],
            [
              174.7712354,
              -36.8478585
            ],
            [
              174.7712004,
              -36.8478992
            ],
            [
              174.7708553,
              -36.8482998
            ],
            [
              174.7706169,
              -36.8485611
            ],
            [
              174.7707624,
              -36.8486525
            ],
            [
              174.7708421,
              -36.8485715
            ],
            [
              174.7707617,
              -36.8485225
            ],
            [
              174.770939,
              -36.848346
            ],
            [
              174.7710113,
              -36.8483858
            ],
            [
              174.7713652,
              -36.8479747
            ],
            [
              174.7713913,
              -36.8479444
            ]
          ]
        ]
      }
    },
    {
      "type": "Feature",
      "properties": {
        "id": "b-auk-0117",
        "building_id": "B-AUK-0117",
        "ulpin": "NZ-AUK-CBD-BL-000118-8",
        "name": "WB Building",
        "floors": 10,
        "height_m": 32.0,
        "base_elevation_msl": 7.5,
        "roof_elevation_msl": 39.5,
        "structure_type": "university",
        "centroid": [
          174.767355,
          -36.853408
        ]
      },
      "geometry": {
        "type": "Polygon",
        "coordinates": [
          [
            [
              174.7672014,
              -36.8533161
            ],
            [
              174.7672926,
              -36.8534253
            ],
            [
              174.7674657,
              -36.8536328
            ],
            [
              174.7675493,
              -36.8535881
            ],
            [
              174.7675685,
              -36.8535779
            ],
            [
              174.7675861,
              -36.8535685
            ],
            [
              174.7676828,
              -36.8535168
            ],
            [
              174.7673529,
              -36.8531214
            ],
            [
              174.7671514,
              -36.8532239
            ],
            [
              174.7670721,
              -36.8532642
            ],
            [
              174.7671357,
              -36.8533492
            ],
            [
              174.7672014,
              -36.8533161
            ]
          ]
        ]
      }
    },
    {
      "type": "Feature",
      "properties": {
        "id": "b-auk-0118",
        "building_id": "B-AUK-0118",
        "ulpin": "NZ-AUK-CBD-BL-000119-8",
        "name": "Sir Paul Reeves Building",
        "floors": 10,
        "height_m": 32.0,
        "base_elevation_msl": 7.5,
        "roof_elevation_msl": 39.5,
        "structure_type": "university",
        "centroid": [
          174.765905,
          -36.853217
        ]
      },
      "geometry": {
        "type": "Polygon",
        "coordinates": [
          [
            [
              174.7655479,
              -36.8531931
            ],
            [
              174.7656241,
              -36.853327
            ],
            [
              174.7656384,
              -36.8533521
            ],
            [
              174.7656574,
              -36.8533459
            ],
            [
              174.7658026,
              -36.8535998
            ],
            [
              174.7660027,
              -36.8535253
            ],
            [
              174.7662149,
              -36.8535536
            ],
            [
              174.766233,
              -36.8535507
            ],
            [
              174.7662501,
              -36.8535419
            ],
            [
              174.7662597,
              -36.8535311
            ],
            [
              174.7662661,
              -36.8535186
            ],
            [
              174.7662824,
              -36.8534281
            ],
            [
              174.766289,
              -36.8533911
            ],
            [
              174.7662719,
              -36.8533883
            ],
            [
              174.7662609,
              -36.853384
            ],
            [
              174.7662506,
              -36.853376
            ],
            [
              174.7661023,
              -36.8530955
            ],
            [
              174.7661117,
              -36.8530413
            ],
            [
              174.7660559,
              -36.8530336
            ],
            [
              174.7660835,
              -36.8528884
            ],
            [
              174.7660399,
              -36.8528808
            ],
            [
              174.7660031,
              -36.8528743
            ],
            [
              174.7659937,
              -36.8529011
            ],
            [
              174.7657609,
              -36.8528069
            ],
            [
              174.7656844,
              -36.8529172
            ],
            [
              174.7656657,
              -36.8529435
            ],
            [
              174.7655788,
              -36.853049
            ],
            [
              174.7655653,
              -36.853065
            ],
            [
              174.7655513,
              -36.8530911
            ],
            [
              174.7655433,
              -36.8531156
            ],
            [
              174.7655402,
              -36.8531357
            ],
            [
              174.7655402,
              -36.8531567
            ],
            [
              174.7655421,
              -36.8531743
            ],
            [
              174.7655479,
              -36.8531931
            ]
          ]
        ]
      }
    },
    {
      "type": "Feature",
      "properties": {
        "id": "b-auk-0119",
        "building_id": "B-AUK-0119",
        "ulpin": "NZ-AUK-CBD-BL-000120-8",
        "name": "Te Wai Ngutu K\u0101k\u0101 Gallery",
        "floors": 10,
        "height_m": 32.0,
        "base_elevation_msl": 7.5,
        "roof_elevation_msl": 39.5,
        "structure_type": "university",
        "centroid": [
          174.766074,
          -36.854106
        ]
      },
      "geometry": {
        "type": "Polygon",
        "coordinates": [
          [
            [
              174.7658853,
              -36.8540469
            ],
            [
              174.7659691,
              -36.8541877
            ],
            [
              174.7659957,
              -36.8542325
            ],
            [
              174.7661514,
              -36.8542492
            ],
            [
              174.7661528,
              -36.8542411
            ],
            [
              174.7662498,
              -36.8542515
            ],
            [
              174.766304,
              -36.8542574
            ],
            [
              174.7663462,
              -36.8540062
            ],
            [
              174.766077,
              -36.8539756
            ],
            [
              174.766089,
              -36.8539083
            ],
            [
              174.7657828,
              -36.8538745
            ],
            [
              174.7658853,
              -36.8540469
            ]
          ]
        ]
      }
    },
    {
      "type": "Feature",
      "properties": {
        "id": "b-auk-0120",
        "building_id": "B-AUK-0120",
        "ulpin": "NZ-AUK-CBD-BL-000121-8",
        "name": "WC Building",
        "floors": 10,
        "height_m": 32.0,
        "base_elevation_msl": 7.5,
        "roof_elevation_msl": 39.5,
        "structure_type": "university",
        "centroid": [
          174.767107,
          -36.853618
        ]
      },
      "geometry": {
        "type": "Polygon",
        "coordinates": [
          [
            [
              174.7667475,
              -36.8535277
            ],
            [
              174.7667439,
              -36.8535447
            ],
            [
              174.7667387,
              -36.8535748
            ],
            [
              174.7667199,
              -36.8536605
            ],
            [
              174.7667743,
              -36.8536657
            ],
            [
              174.7670935,
              -36.8536996
            ],
            [
              174.7671808,
              -36.8536518
            ],
            [
              174.7672023,
              -36.8536766
            ],
            [
              174.7671881,
              -36.8536856
            ],
            [
              174.7672439,
              -36.8537456
            ],
            [
              174.7672607,
              -36.8537637
            ],
            [
              174.7674466,
              -36.8536656
            ],
            [
              174.767433,
              -36.8536495
            ],
            [
              174.7674493,
              -36.8536411
            ],
            [
              174.7674657,
              -36.8536328
            ],
            [
              174.7672926,
              -36.8534253
            ],
            [
              174.7672593,
              -36.8534439
            ],
            [
              174.7670478,
              -36.8535623
            ],
            [
              174.7667475,
              -36.8535277
            ]
          ]
        ]
      }
    },
    {
      "type": "Feature",
      "properties": {
        "id": "b-auk-0121",
        "building_id": "B-AUK-0121",
        "ulpin": "NZ-AUK-CBD-BL-000122-8",
        "name": "WE Building",
        "floors": 10,
        "height_m": 32.0,
        "base_elevation_msl": 7.5,
        "roof_elevation_msl": 39.5,
        "structure_type": "university",
        "centroid": [
          174.76651,
          -36.853599
        ]
      },
      "geometry": {
        "type": "Polygon",
        "coordinates": [
          [
            [
              174.7666924,
              -36.8536611
            ],
            [
              174.7665365,
              -36.8536431
            ],
            [
              174.7665463,
              -36.8535886
            ],
            [
              174.7666284,
              -36.8535981
            ],
            [
              174.7666352,
              -36.8535635
            ],
            [
              174.7666403,
              -36.8535335
            ],
            [
              174.7666504,
              -36.8534763
            ],
            [
              174.7666037,
              -36.8534709
            ],
            [
              174.7665104,
              -36.8534602
            ],
            [
              174.7664941,
              -36.8535798
            ],
            [
              174.7665108,
              -36.8535817
            ],
            [
              174.7665088,
              -36.8535927
            ],
            [
              174.7665009,
              -36.8536366
            ],
            [
              174.7659447,
              -36.8535723
            ],
            [
              174.7659148,
              -36.8537378
            ],
            [
              174.7666629,
              -36.8538242
            ],
            [
              174.7666924,
              -36.8536611
            ]
          ]
        ]
      }
    },
    {
      "type": "Feature",
      "properties": {
        "id": "b-auk-0122",
        "building_id": "B-AUK-0122",
        "ulpin": "NZ-AUK-CBD-BL-000123-8",
        "name": "WF Building",
        "floors": 10,
        "height_m": 32.0,
        "base_elevation_msl": 7.5,
        "roof_elevation_msl": 39.5,
        "structure_type": "university",
        "centroid": [
          174.765239,
          -36.853443
        ]
      },
      "geometry": {
        "type": "Polygon",
        "coordinates": [
          [
            [
              174.7650694,
              -36.8536479
            ],
            [
              174.7651101,
              -36.8537207
            ],
            [
              174.7651506,
              -36.8537058
            ],
            [
              174.7652347,
              -36.8536746
            ],
            [
              174.7653439,
              -36.853634
            ],
            [
              174.7655773,
              -36.8535474
            ],
            [
              174.7655319,
              -36.8534698
            ],
            [
              174.7654769,
              -36.8534904
            ],
            [
              174.7654675,
              -36.8534722
            ],
            [
              174.7654197,
              -36.8534947
            ],
            [
              174.7653432,
              -36.8534314
            ],
            [
              174.7654087,
              -36.8533704
            ],
            [
              174.7653967,
              -36.8533611
            ],
            [
              174.7654449,
              -36.8533219
            ],
            [
              174.7653713,
              -36.8532648
            ],
            [
              174.7653693,
              -36.8532632
            ],
            [
              174.7653636,
              -36.8532689
            ],
            [
              174.7653558,
              -36.8532623
            ],
            [
              174.7653446,
              -36.8532805
            ],
            [
              174.7653376,
              -36.853277
            ],
            [
              174.7653218,
              -36.8532986
            ],
            [
              174.7653154,
              -36.8532959
            ],
            [
              174.7653003,
              -36.8533182
            ],
            [
              174.7652954,
              -36.8533102
            ],
            [
              174.7652816,
              -36.853334
            ],
            [
              174.7652736,
              -36.8533297
            ],
            [
              174.7652594,
              -36.8533504
            ],
            [
              174.7652531,
              -36.8533457
            ],
            [
              174.7652385,
              -36.8533694
            ],
            [
              174.7652309,
              -36.8533643
            ],
            [
              174.7652172,
              -36.8533865
            ],
            [
              174.7652104,
              -36.8533803
            ],
            [
              174.7651969,
              -36.8534036
            ],
            [
              174.7651896,
              -36.853398
            ],
            [
              174.7651758,
              -36.8534223
            ],
            [
              174.7651689,
              -36.8534162
            ],
            [
              174.7651539,
              -36.85344
            ],
            [
              174.7651465,
              -36.8534343
            ],
            [
              174.7651333,
              -36.8534573
            ],
            [
              174.7651264,
              -36.8534531
            ],
            [
              174.7651135,
              -36.8534743
            ],
            [
              174.765105,
              -36.853469
            ],
            [
              174.7650922,
              -36.8534917
            ],
            [
              174.7650845,
              -36.8534861
            ],
            [
              174.7650708,
              -36.8535085
            ],
            [
              174.7650635,
              -36.8535034
            ],
            [
              174.7650487,
              -36.8535264
            ],
            [
              174.7650423,
              -36.8535206
            ],
            [
              174.7650276,
              -36.8535481
            ],
            [
              174.7651041,
              -36.8536075
            ],
            [
              174.765112,
              -36.8535988
            ],
            [
              174.765126,
              -36.8536257
            ],
            [
              174.7650694,
              -36.8536479
            ]
          ]
        ]
      }
    },
    {
      "type": "Feature",
      "properties": {
        "id": "b-auk-0123",
        "building_id": "B-AUK-0123",
        "ulpin": "NZ-AUK-CBD-BL-000124-8",
        "name": "Te P\u016brengi",
        "floors": 10,
        "height_m": 32.0,
        "base_elevation_msl": 7.5,
        "roof_elevation_msl": 39.5,
        "structure_type": "university",
        "centroid": [
          174.767571,
          -36.853875
        ]
      },
      "geometry": {
        "type": "Polygon",
        "coordinates": [
          [
            [
              174.7676793,
              -36.8539378
            ],
            [
              174.767685,
              -36.8539024
            ],
            [
              174.7676949,
              -36.8538408
            ],
            [
              174.7675834,
              -36.8538294
            ],
            [
              174.7674223,
              -36.8538128
            ],
            [
              174.7674198,
              -36.8538284
            ],
            [
              174.7674067,
              -36.8539098
            ],
            [
              174.7676793,
              -36.8539378
            ]
          ]
        ]
      }
    },
    {
      "type": "Feature",
      "properties": {
        "id": "b-auk-0124",
        "building_id": "B-AUK-0124",
        "ulpin": "NZ-AUK-CBD-BL-000125-8",
        "name": "WS Building",
        "floors": 6,
        "height_m": 19.2,
        "base_elevation_msl": 7.5,
        "roof_elevation_msl": 26.7,
        "structure_type": "university",
        "centroid": [
          174.76662,
          -36.854078
        ]
      },
      "geometry": {
        "type": "Polygon",
        "coordinates": [
          [
            [
              174.7663842,
              -36.853942
            ],
            [
              174.7663723,
              -36.8540092
            ],
            [
              174.766333,
              -36.854232
            ],
            [
              174.7670947,
              -36.8543264
            ],
            [
              174.7671537,
              -36.8540173
            ],
            [
              174.7663842,
              -36.853942
            ]
          ]
        ]
      }
    },
    {
      "type": "Feature",
      "properties": {
        "id": "b-auk-0125",
        "building_id": "B-AUK-0125",
        "ulpin": "NZ-AUK-CBD-BL-000126-8",
        "name": "AUT Library",
        "floors": 10,
        "height_m": 32.0,
        "base_elevation_msl": 7.5,
        "roof_elevation_msl": 39.5,
        "structure_type": "university",
        "centroid": [
          174.766422,
          -36.853225
        ]
      },
      "geometry": {
        "type": "Polygon",
        "coordinates": [
          [
            [
              174.7667219,
              -36.8534389
            ],
            [
              174.7667793,
              -36.8531055
            ],
            [
              174.766799,
              -36.8529804
            ],
            [
              174.7666176,
              -36.8529571
            ],
            [
              174.7660835,
              -36.8528884
            ],
            [
              174.7660559,
              -36.8530336
            ],
            [
              174.7661117,
              -36.8530413
            ],
            [
              174.7661023,
              -36.8530955
            ],
            [
              174.7662506,
              -36.853376
            ],
            [
              174.7662609,
              -36.853384
            ],
            [
              174.7662719,
              -36.8533883
            ],
            [
              174.766289,
              -36.8533911
            ],
            [
              174.7666124,
              -36.8534268
            ],
            [
              174.7666592,
              -36.853432
            ],
            [
              174.7667219,
              -36.8534389
            ]
          ]
        ]
      }
    },
    {
      "type": "Feature",
      "properties": {
        "id": "b-auk-0126",
        "building_id": "B-AUK-0126",
        "ulpin": "NZ-AUK-CBD-BL-000127-8",
        "name": "Ng\u0101 Wai o Horotiu Marae",
        "floors": 10,
        "height_m": 32.0,
        "base_elevation_msl": 7.5,
        "roof_elevation_msl": 39.5,
        "structure_type": "university",
        "centroid": [
          174.76768,
          -36.853742
        ]
      },
      "geometry": {
        "type": "Polygon",
        "coordinates": [
          [
            [
              174.7676067,
              -36.8538009
            ],
            [
              174.7676743,
              -36.8537626
            ],
            [
              174.7677603,
              -36.85386
            ],
            [
              174.7678841,
              -36.8537899
            ],
            [
              174.7677319,
              -36.8536177
            ],
            [
              174.7677052,
              -36.8536328
            ],
            [
              174.7676106,
              -36.8536863
            ],
            [
              174.7675404,
              -36.853726
            ],
            [
              174.7676067,
              -36.8538009
            ]
          ]
        ]
      }
    },
    {
      "type": "Feature",
      "properties": {
        "id": "b-auk-0127",
        "building_id": "B-AUK-0127",
        "ulpin": "NZ-AUK-CBD-BL-000128-8",
        "name": "WD Building",
        "floors": 10,
        "height_m": 32.0,
        "base_elevation_msl": 7.5,
        "roof_elevation_msl": 39.5,
        "structure_type": "university",
        "centroid": [
          174.767155,
          -36.853777
        ]
      },
      "geometry": {
        "type": "Polygon",
        "coordinates": [
          [
            [
              174.7667576,
              -36.8537439
            ],
            [
              174.7667416,
              -36.8538376
            ],
            [
              174.7673889,
              -36.8539084
            ],
            [
              174.7674027,
              -36.8538278
            ],
            [
              174.7674045,
              -36.8538171
            ],
            [
              174.7673566,
              -36.8538118
            ],
            [
              174.7672723,
              -36.8538026
            ],
            [
              174.7672763,
              -36.853779
            ],
            [
              174.7672375,
              -36.8537748
            ],
            [
              174.7672225,
              -36.8537565
            ],
            [
              174.7671733,
              -36.8536964
            ],
            [
              174.7671278,
              -36.8536915
            ],
            [
              174.7671258,
              -36.8537034
            ],
            [
              174.7671173,
              -36.853753
            ],
            [
              174.7671123,
              -36.8537827
            ],
            [
              174.7667576,
              -36.8537439
            ]
          ]
        ]
      }
    },
    {
      "type": "Feature",
      "properties": {
        "id": "b-auk-0128",
        "building_id": "B-AUK-0128",
        "ulpin": "NZ-AUK-CBD-BL-000129-8",
        "name": "WO Building",
        "floors": 17,
        "height_m": 54.4,
        "base_elevation_msl": 7.5,
        "roof_elevation_msl": 61.9,
        "structure_type": "university",
        "centroid": [
          174.765751,
          -36.854273
        ]
      },
      "geometry": {
        "type": "Polygon",
        "coordinates": [
          [
            [
              174.7658853,
              -36.8540469
            ],
            [
              174.7658753,
              -36.8540507
            ],
            [
              174.7657431,
              -36.8541005
            ],
            [
              174.7654084,
              -36.8542267
            ],
            [
              174.7654869,
              -36.8543587
            ],
            [
              174.7655234,
              -36.85442
            ],
            [
              174.7655321,
              -36.8544347
            ],
            [
              174.7656901,
              -36.854377
            ],
            [
              174.7657204,
              -36.8543794
            ],
            [
              174.7657423,
              -36.8543777
            ],
            [
              174.765765,
              -36.8543731
            ],
            [
              174.7657954,
              -36.8543622
            ],
            [
              174.7658237,
              -36.8543419
            ],
            [
              174.7658497,
              -36.8543161
            ],
            [
              174.7658581,
              -36.8542974
            ],
            [
              174.7658646,
              -36.8542607
            ],
            [
              174.7658577,
              -36.8542276
            ],
            [
              174.7659691,
              -36.8541877
            ],
            [
              174.7658853,
              -36.8540469
            ]
          ]
        ]
      }
    },
    {
      "type": "Feature",
      "properties": {
        "id": "b-auk-0129",
        "building_id": "B-AUK-0129",
        "ulpin": "NZ-AUK-CBD-BL-000130-8",
        "name": "Okareta",
        "floors": 2,
        "height_m": 6.4,
        "base_elevation_msl": 7.5,
        "roof_elevation_msl": 13.9,
        "structure_type": "university",
        "centroid": [
          174.771108,
          -36.851604
        ]
      },
      "geometry": {
        "type": "Polygon",
        "coordinates": [
          [
            [
              174.7711802,
              -36.8515901
            ],
            [
              174.7711186,
              -36.8515408
            ],
            [
              174.7710618,
              -36.8515861
            ],
            [
              174.7710468,
              -36.8515741
            ],
            [
              174.7709954,
              -36.8516151
            ],
            [
              174.7710864,
              -36.851688
            ],
            [
              174.7711573,
              -36.8516314
            ],
            [
              174.7711429,
              -36.8516199
            ],
            [
              174.7711802,
              -36.8515901
            ]
          ]
        ]
      }
    },
    {
      "type": "Feature",
      "properties": {
        "id": "b-auk-0132",
        "building_id": "B-AUK-0132",
        "ulpin": "NZ-AUK-CBD-BL-000133-8",
        "name": "Bayreuth / Public Policy Institute",
        "floors": 10,
        "height_m": 32.0,
        "base_elevation_msl": 7.5,
        "roof_elevation_msl": 39.5,
        "structure_type": "university",
        "centroid": [
          174.770843,
          -36.852592
        ]
      },
      "geometry": {
        "type": "Polygon",
        "coordinates": [
          [
            [
              174.7708592,
              -36.8525012
            ],
            [
              174.7708173,
              -36.8525357
            ],
            [
              174.7708093,
              -36.8525423
            ],
            [
              174.7707541,
              -36.8525938
            ],
            [
              174.7707568,
              -36.8526105
            ],
            [
              174.7707864,
              -36.8526362
            ],
            [
              174.770772,
              -36.852648
            ],
            [
              174.7708077,
              -36.8526758
            ],
            [
              174.7708433,
              -36.8527035
            ],
            [
              174.7709774,
              -36.8525931
            ],
            [
              174.7709705,
              -36.8525877
            ],
            [
              174.770943,
              -36.8525664
            ],
            [
              174.7708592,
              -36.8525012
            ]
          ]
        ]
      }
    },
    {
      "type": "Feature",
      "properties": {
        "id": "b-auk-0133",
        "building_id": "B-AUK-0133",
        "ulpin": "NZ-AUK-CBD-BL-000134-8",
        "name": "Whybin/TBWA",
        "floors": 10,
        "height_m": 32.0,
        "base_elevation_msl": 7.5,
        "roof_elevation_msl": 39.5,
        "structure_type": "retail",
        "centroid": [
          174.762192,
          -36.850706
        ]
      },
      "geometry": {
        "type": "Polygon",
        "coordinates": [
          [
            [
              174.7623987,
              -36.8506513
            ],
            [
              174.7622583,
              -36.8506113
            ],
            [
              174.7622407,
              -36.8506508
            ],
            [
              174.7620951,
              -36.8506092
            ],
            [
              174.7620435,
              -36.8505938
            ],
            [
              174.7619794,
              -36.8507395
            ],
            [
              174.762029,
              -36.8507537
            ],
            [
              174.7620441,
              -36.8507198
            ],
            [
              174.7621888,
              -36.8507611
            ],
            [
              174.7621727,
              -36.8507973
            ],
            [
              174.7623156,
              -36.850838
            ],
            [
              174.7623299,
              -36.8508057
            ],
            [
              174.7623987,
              -36.8506513
            ]
          ]
        ]
      }
    },
    {
      "type": "Feature",
      "properties": {
        "id": "b-auk-0134",
        "building_id": "B-AUK-0134",
        "ulpin": "NZ-AUK-CBD-BL-000135-8",
        "name": "Hampton Court",
        "floors": 9,
        "height_m": 28.8,
        "base_elevation_msl": 7.5,
        "roof_elevation_msl": 36.3,
        "structure_type": "apartments",
        "centroid": [
          174.761869,
          -36.850403
        ]
      },
      "geometry": {
        "type": "Polygon",
        "coordinates": [
          [
            [
              174.7617298,
              -36.8504573
            ],
            [
              174.7618821,
              -36.8505009
            ],
            [
              174.7618861,
              -36.8504918
            ],
            [
              174.7619011,
              -36.8504584
            ],
            [
              174.7619123,
              -36.8504334
            ],
            [
              174.7618496,
              -36.8504154
            ],
            [
              174.7618572,
              -36.8503984
            ],
            [
              174.7618884,
              -36.8504074
            ],
            [
              174.7619025,
              -36.8503759
            ],
            [
              174.7618762,
              -36.8503684
            ],
            [
              174.7618815,
              -36.8503566
            ],
            [
              174.7619443,
              -36.8503746
            ],
            [
              174.7619774,
              -36.8503007
            ],
            [
              174.76182,
              -36.8502556
            ],
            [
              174.7617298,
              -36.8504573
            ]
          ]
        ]
      }
    },
    {
      "type": "Feature",
      "properties": {
        "id": "b-auk-0135",
        "building_id": "B-AUK-0135",
        "ulpin": "NZ-AUK-CBD-BL-000136-8",
        "name": "Wellesley Centre",
        "floors": 12,
        "height_m": 38.4,
        "base_elevation_msl": 7.5,
        "roof_elevation_msl": 45.9,
        "structure_type": "commercial",
        "centroid": [
          174.762206,
          -36.85053
        ]
      },
      "geometry": {
        "type": "Polygon",
        "coordinates": [
          [
            [
              174.7623987,
              -36.8506513
            ],
            [
              174.762487,
              -36.8504458
            ],
            [
              174.7621581,
              -36.8503517
            ],
            [
              174.7621477,
              -36.8503487
            ],
            [
              174.7621145,
              -36.8504251
            ],
            [
              174.7620532,
              -36.8505715
            ],
            [
              174.7620435,
              -36.8505938
            ],
            [
              174.7620951,
              -36.8506092
            ],
            [
              174.7621141,
              -36.8505686
            ],
            [
              174.7622583,
              -36.8506113
            ],
            [
              174.7623987,
              -36.8506513
            ]
          ]
        ]
      }
    },
    {
      "type": "Feature",
      "properties": {
        "id": "b-auk-0136",
        "building_id": "B-AUK-0136",
        "ulpin": "NZ-AUK-CBD-BL-000137-8",
        "name": "Yoga Academy",
        "floors": 10,
        "height_m": 32.0,
        "base_elevation_msl": 7.5,
        "roof_elevation_msl": 39.5,
        "structure_type": "yes",
        "centroid": [
          174.761813,
          -36.85059
        ]
      },
      "geometry": {
        "type": "Polygon",
        "coordinates": [
          [
            [
              174.7617095,
              -36.8505045
            ],
            [
              174.7616542,
              -36.8506318
            ],
            [
              174.761969,
              -36.8507193
            ],
            [
              174.7620243,
              -36.8505921
            ],
            [
              174.7617095,
              -36.8505045
            ]
          ]
        ]
      }
    },
    {
      "type": "Feature",
      "properties": {
        "id": "b-auk-0137",
        "building_id": "B-AUK-0137",
        "ulpin": "NZ-AUK-CBD-BL-000138-8",
        "name": "City Gardens Apartments",
        "floors": 10,
        "height_m": 32.0,
        "base_elevation_msl": 7.5,
        "roof_elevation_msl": 39.5,
        "structure_type": "apartments",
        "centroid": [
          174.764251,
          -36.847689
        ]
      },
      "geometry": {
        "type": "Polygon",
        "coordinates": [
          [
            [
              174.7640165,
              -36.8477382
            ],
            [
              174.7640639,
              -36.8477518
            ],
            [
              174.7645184,
              -36.8478825
            ],
            [
              174.764597,
              -36.8479051
            ],
            [
              174.764703,
              -36.8476689
            ],
            [
              174.7642996,
              -36.847553
            ],
            [
              174.7643177,
              -36.8475126
            ],
            [
              174.7641406,
              -36.8474617
            ],
            [
              174.7640464,
              -36.8476716
            ],
            [
              174.7640365,
              -36.8476937
            ],
            [
              174.7640165,
              -36.8477382
            ]
          ]
        ]
      }
    },
    {
      "type": "Feature",
      "properties": {
        "id": "b-auk-0138",
        "building_id": "B-AUK-0138",
        "ulpin": "NZ-AUK-CBD-BL-000139-8",
        "name": "Lodge",
        "floors": 10,
        "height_m": 32.0,
        "base_elevation_msl": 7.5,
        "roof_elevation_msl": 39.5,
        "structure_type": "university",
        "centroid": [
          174.770058,
          -36.848644
        ]
      },
      "geometry": {
        "type": "Polygon",
        "coordinates": [
          [
            [
              174.7700337,
              -36.8486392
            ],
            [
              174.7700334,
              -36.8487252
            ],
            [
              174.7700995,
              -36.8487254
            ],
            [
              174.7700993,
              -36.8486392
            ],
            [
              174.7701126,
              -36.8486333
            ],
            [
              174.7700854,
              -36.8486145
            ],
            [
              174.7700758,
              -36.8486216
            ],
            [
              174.7700549,
              -36.8486216
            ],
            [
              174.7700456,
              -36.848615
            ],
            [
              174.7700015,
              -36.84862
            ],
            [
              174.7700246,
              -36.848632
            ],
            [
              174.7700337,
              -36.8486392
            ]
          ]
        ]
      }
    },
    {
      "type": "Feature",
      "properties": {
        "id": "b-auk-0140",
        "building_id": "B-AUK-0140",
        "ulpin": "NZ-AUK-CBD-BL-000141-8",
        "name": "Z",
        "floors": 10,
        "height_m": 32.0,
        "base_elevation_msl": 7.5,
        "roof_elevation_msl": 39.5,
        "structure_type": "yes",
        "centroid": [
          174.774876,
          -36.849705
        ]
      },
      "geometry": {
        "type": "Polygon",
        "coordinates": [
          [
            [
              174.774793,
              -36.8497455
            ],
            [
              174.7750655,
              -36.8497626
            ],
            [
              174.7750858,
              -36.8496806
            ],
            [
              174.7749624,
              -36.8496742
            ],
            [
              174.7748365,
              -36.8496678
            ],
            [
              174.7748205,
              -36.849673
            ],
            [
              174.7748074,
              -36.8496831
            ],
            [
              174.7747989,
              -36.8496963
            ],
            [
              174.7747949,
              -36.8497166
            ],
            [
              174.774793,
              -36.8497455
            ]
          ]
        ]
      }
    },
    {
      "type": "Feature",
      "properties": {
        "id": "b-auk-0141",
        "building_id": "B-AUK-0141",
        "ulpin": "NZ-AUK-CBD-BL-000142-8",
        "name": "Sonoma",
        "floors": 10,
        "height_m": 32.0,
        "base_elevation_msl": 7.5,
        "roof_elevation_msl": 39.5,
        "structure_type": "yes",
        "centroid": [
          174.769152,
          -36.848949
        ]
      },
      "geometry": {
        "type": "Polygon",
        "coordinates": [
          [
            [
              174.7691449,
              -36.8488787
            ],
            [
              174.7691139,
              -36.848944
            ],
            [
              174.7690278,
              -36.8489179
            ],
            [
              174.7690065,
              -36.8489627
            ],
            [
              174.7690757,
              -36.8489837
            ],
            [
              174.7690642,
              -36.849008
            ],
            [
              174.7692499,
              -36.8490645
            ],
            [
              174.769305,
              -36.8489484
            ],
            [
              174.7692659,
              -36.8489366
            ],
            [
              174.7692747,
              -36.8489182
            ],
            [
              174.7691449,
              -36.8488787
            ]
          ]
        ]
      }
    },
    {
      "type": "Feature",
      "properties": {
        "id": "b-auk-0142",
        "building_id": "B-AUK-0142",
        "ulpin": "NZ-AUK-CBD-BL-000143-8",
        "name": "AIG Building",
        "floors": 1,
        "height_m": 3.2,
        "base_elevation_msl": 7.5,
        "roof_elevation_msl": 10.7,
        "structure_type": "office",
        "centroid": [
          174.767723,
          -36.847211
        ]
      },
      "geometry": {
        "type": "Polygon",
        "coordinates": [
          [
            [
              174.7677873,
              -36.8469526
            ],
            [
              174.7677765,
              -36.8469511
            ],
            [
              174.7677785,
              -36.8469419
            ],
            [
              174.7677429,
              -36.8469368
            ],
            [
              174.7677061,
              -36.8469314
            ],
            [
              174.767703,
              -36.8469452
            ],
            [
              174.7676002,
              -36.84693
            ],
            [
              174.7675418,
              -36.8471829
            ],
            [
              174.7676448,
              -36.8471981
            ],
            [
              174.7676447,
              -36.847214
            ],
            [
              174.767651,
              -36.8472333
            ],
            [
              174.7676584,
              -36.8472437
            ],
            [
              174.7676684,
              -36.8472528
            ],
            [
              174.7676807,
              -36.8472603
            ],
            [
              174.7676964,
              -36.8472661
            ],
            [
              174.7676942,
              -36.8472778
            ],
            [
              174.767531,
              -36.8472531
            ],
            [
              174.767508,
              -36.8473491
            ],
            [
              174.7674709,
              -36.8475042
            ],
            [
              174.7675638,
              -36.8475178
            ],
            [
              174.7675696,
              -36.8474931
            ],
            [
              174.7676001,
              -36.8474977
            ],
            [
              174.7678823,
              -36.8475397
            ],
            [
              174.7679258,
              -36.8475462
            ],
            [
              174.7679771,
              -36.8473254
            ],
            [
              174.767948,
              -36.8473211
            ],
            [
              174.7679678,
              -36.8472333
            ],
            [
              174.7679023,
              -36.8472238
            ],
            [
              174.7677956,
              -36.8472113
            ],
            [
              174.7677936,
              -36.8471945
            ],
            [
              174.7677871,
              -36.8471806
            ],
            [
              174.767775,
              -36.847167
            ],
            [
              174.7677573,
              -36.8471559
            ],
            [
              174.7677361,
              -36.8471495
            ],
            [
              174.7677387,
              -36.8471386
            ],
            [
              174.7677451,
              -36.8471396
            ],
            [
              174.7677873,
              -36.8469526
            ]
          ]
        ]
      }
    },
    {
      "type": "Feature",
      "properties": {
        "id": "b-auk-0143",
        "building_id": "B-AUK-0143",
        "ulpin": "NZ-AUK-CBD-BL-000144-8",
        "name": "Pembridge",
        "floors": 10,
        "height_m": 32.0,
        "base_elevation_msl": 7.5,
        "roof_elevation_msl": 39.5,
        "structure_type": "university",
        "centroid": [
          174.768717,
          -36.850004
        ]
      },
      "geometry": {
        "type": "Polygon",
        "coordinates": [
          [
            [
              174.7685729,
              -36.8499265
            ],
            [
              174.7685211,
              -36.8500681
            ],
            [
              174.768623,
              -36.850092
            ],
            [
              174.7686286,
              -36.8500784
            ],
            [
              174.7687522,
              -36.8501064
            ],
            [
              174.7687683,
              -36.8500603
            ],
            [
              174.7688021,
              -36.8500689
            ],
            [
              174.7688179,
              -36.8500273
            ],
            [
              174.7687833,
              -36.8500177
            ],
            [
              174.7687986,
              -36.849974
            ],
            [
              174.7687897,
              -36.8499722
            ],
            [
              174.7687915,
              -36.8499636
            ],
            [
              174.7687811,
              -36.8499471
            ],
            [
              174.7687426,
              -36.8499374
            ],
            [
              174.7687247,
              -36.8499479
            ],
            [
              174.7687167,
              -36.8499567
            ],
            [
              174.7685729,
              -36.8499265
            ]
          ]
        ]
      }
    },
    {
      "type": "Feature",
      "properties": {
        "id": "b-auk-0144",
        "building_id": "B-AUK-0144",
        "ulpin": "NZ-AUK-CBD-BL-000145-8",
        "name": "The Shortland Centre",
        "floors": 5,
        "height_m": 16.0,
        "base_elevation_msl": 7.5,
        "roof_elevation_msl": 23.5,
        "structure_type": "commercial",
        "centroid": [
          174.7685,
          -36.84727
        ]
      },
      "geometry": {
        "type": "Polygon",
        "coordinates": [
          [
            [
              174.7688461,
              -36.8471072
            ],
            [
              174.7687088,
              -36.847115
            ],
            [
              174.768667,
              -36.8470903
            ],
            [
              174.7685601,
              -36.8470987
            ],
            [
              174.7685268,
              -36.8470791
            ],
            [
              174.7684164,
              -36.8470805
            ],
            [
              174.7683726,
              -36.8470608
            ],
            [
              174.7681501,
              -36.8470819
            ],
            [
              174.7681308,
              -36.8471057
            ],
            [
              174.7681429,
              -36.847267
            ],
            [
              174.768091,
              -36.8472694
            ],
            [
              174.7680975,
              -36.8473567
            ],
            [
              174.7680747,
              -36.847382
            ],
            [
              174.7680887,
              -36.8475741
            ],
            [
              174.7681288,
              -36.8475985
            ],
            [
              174.7683586,
              -36.8475769
            ],
            [
              174.7683884,
              -36.8475489
            ],
            [
              174.7689004,
              -36.8475043
            ],
            [
              174.7688721,
              -36.8473284
            ],
            [
              174.7689432,
              -36.8473211
            ],
            [
              174.7689395,
              -36.8472897
            ],
            [
              174.7688765,
              -36.8472962
            ],
            [
              174.7688681,
              -36.8472442
            ],
            [
              174.7688461,
              -36.8471072
            ]
          ]
        ]
      }
    },
    {
      "type": "Feature",
      "properties": {
        "id": "b-auk-0145",
        "building_id": "B-AUK-0145",
        "ulpin": "NZ-AUK-CBD-BL-000146-8",
        "name": "Victoria City Apartments",
        "floors": 10,
        "height_m": 32.0,
        "base_elevation_msl": 7.5,
        "roof_elevation_msl": 39.5,
        "structure_type": "apartments",
        "centroid": [
          174.762413,
          -36.847986
        ]
      },
      "geometry": {
        "type": "Polygon",
        "coordinates": [
          [
            [
              174.7623419,
              -36.8479067
            ],
            [
              174.7623207,
              -36.8479526
            ],
            [
              174.7622818,
              -36.8480402
            ],
            [
              174.7625652,
              -36.848122
            ],
            [
              174.7626265,
              -36.847986
            ],
            [
              174.7623419,
              -36.8479067
            ]
          ]
        ]
      }
    },
    {
      "type": "Feature",
      "properties": {
        "id": "b-auk-0148",
        "building_id": "B-AUK-0148",
        "ulpin": "NZ-AUK-CBD-BL-000149-8",
        "name": "Claymore House",
        "floors": 3,
        "height_m": 9.6,
        "base_elevation_msl": 7.5,
        "roof_elevation_msl": 17.1,
        "structure_type": "yes",
        "centroid": [
          174.769337,
          -36.846416
        ]
      },
      "geometry": {
        "type": "Polygon",
        "coordinates": [
          [
            [
              174.7694658,
              -36.8464801
            ],
            [
              174.7693086,
              -36.8462863
            ],
            [
              174.7691887,
              -36.8462965
            ],
            [
              174.7692321,
              -36.8463549
            ],
            [
              174.7693315,
              -36.8464843
            ],
            [
              174.7693683,
              -36.8465308
            ],
            [
              174.7694658,
              -36.8464801
            ]
          ]
        ]
      }
    },
    {
      "type": "Feature",
      "properties": {
        "id": "b-auk-0149",
        "building_id": "B-AUK-0149",
        "ulpin": "NZ-AUK-CBD-BL-000150-8",
        "name": "Delta Insurance",
        "floors": 12,
        "height_m": 38.4,
        "base_elevation_msl": 7.5,
        "roof_elevation_msl": 45.9,
        "structure_type": "yes",
        "centroid": [
          174.769049,
          -36.846393
        ]
      },
      "geometry": {
        "type": "Polygon",
        "coordinates": [
          [
            [
              174.768932,
              -36.8463254
            ],
            [
              174.7690266,
              -36.8465354
            ],
            [
              174.7692176,
              -36.8464785
            ],
            [
              174.7691364,
              -36.8463028
            ],
            [
              174.768932,
              -36.8463254
            ]
          ]
        ]
      }
    },
    {
      "type": "Feature",
      "properties": {
        "id": "b-auk-0151",
        "building_id": "B-AUK-0151",
        "ulpin": "NZ-AUK-CBD-BL-000152-8",
        "name": "Ellesmere",
        "floors": 10,
        "height_m": 32.0,
        "base_elevation_msl": 7.5,
        "roof_elevation_msl": 39.5,
        "structure_type": "university",
        "centroid": [
          174.76906,
          -36.849143
        ]
      },
      "geometry": {
        "type": "Polygon",
        "coordinates": [
          [
            [
              174.7689479,
              -36.8490468
            ],
            [
              174.7689378,
              -36.8490439
            ],
            [
              174.7689125,
              -36.8491005
            ],
            [
              174.7689213,
              -36.849103
            ],
            [
              174.7688929,
              -36.8491665
            ],
            [
              174.7690119,
              -36.8492006
            ],
            [
              174.7690064,
              -36.8492129
            ],
            [
              174.7690705,
              -36.8492312
            ],
            [
              174.7690753,
              -36.8492204
            ],
            [
              174.7691434,
              -36.8492399
            ],
            [
              174.7691617,
              -36.849199
            ],
            [
              174.7691829,
              -36.849205
            ],
            [
              174.7691887,
              -36.8491921
            ],
            [
              174.769195,
              -36.8491781
            ],
            [
              174.7691716,
              -36.8491714
            ],
            [
              174.7691952,
              -36.8491187
            ],
            [
              174.7691076,
              -36.8490936
            ],
            [
              174.769111,
              -36.849086
            ],
            [
              174.7690388,
              -36.8490653
            ],
            [
              174.7690358,
              -36.849072
            ],
            [
              174.7689479,
              -36.8490468
            ]
          ]
        ]
      }
    },
    {
      "type": "Feature",
      "properties": {
        "id": "b-auk-0153",
        "building_id": "B-AUK-0153",
        "ulpin": "NZ-AUK-CBD-BL-000154-8",
        "name": "Hush Hush",
        "floors": 2,
        "height_m": 6.4,
        "base_elevation_msl": 7.5,
        "roof_elevation_msl": 13.9,
        "structure_type": "yes",
        "centroid": [
          174.76204,
          -36.847758
        ]
      },
      "geometry": {
        "type": "Polygon",
        "coordinates": [
          [
            [
              174.7619467,
              -36.8477553
            ],
            [
              174.7619993,
              -36.8477708
            ],
            [
              174.762044,
              -36.8477839
            ],
            [
              174.7620872,
              -36.8477966
            ],
            [
              174.7621335,
              -36.8478102
            ],
            [
              174.7621733,
              -36.8477235
            ],
            [
              174.7619865,
              -36.8476687
            ],
            [
              174.7619467,
              -36.8477553
            ]
          ]
        ]
      }
    },
    {
      "type": "Feature",
      "properties": {
        "id": "b-auk-0154",
        "building_id": "B-AUK-0154",
        "ulpin": "NZ-AUK-CBD-BL-000155-8",
        "name": "Walker Wayland Centre",
        "floors": 11,
        "height_m": 35.2,
        "base_elevation_msl": 7.5,
        "roof_elevation_msl": 42.7,
        "structure_type": "yes",
        "centroid": [
          174.768736,
          -36.846464
        ]
      },
      "geometry": {
        "type": "Polygon",
        "coordinates": [
          [
            [
              174.7686663,
              -36.8463481
            ],
            [
              174.7686843,
              -36.846491
            ],
            [
              174.7686915,
              -36.8465364
            ],
            [
              174.7687037,
              -36.8465352
            ],
            [
              174.7687153,
              -36.846534
            ],
            [
              174.7687287,
              -36.8465326
            ],
            [
              174.7689015,
              -36.8465149
            ],
            [
              174.768869,
              -36.8463324
            ],
            [
              174.7686663,
              -36.8463481
            ]
          ]
        ]
      }
    },
    {
      "type": "Feature",
      "properties": {
        "id": "b-auk-0155",
        "building_id": "B-AUK-0155",
        "ulpin": "NZ-AUK-CBD-BL-000156-8",
        "name": "General Buildings",
        "floors": 10,
        "height_m": 32.0,
        "base_elevation_msl": 7.5,
        "roof_elevation_msl": 39.5,
        "structure_type": "yes",
        "centroid": [
          174.767417,
          -36.846989
        ]
      },
      "geometry": {
        "type": "Polygon",
        "coordinates": [
          [
            [
              174.7673443,
              -36.846822
            ],
            [
              174.7672715,
              -36.8471063
            ],
            [
              174.7674181,
              -36.847132
            ],
            [
              174.7675328,
              -36.8471547
            ],
            [
              174.7675924,
              -36.8468988
            ],
            [
              174.7673443,
              -36.846822
            ]
          ]
        ]
      }
    },
    {
      "type": "Feature",
      "properties": {
        "id": "b-auk-0156",
        "building_id": "B-AUK-0156",
        "ulpin": "NZ-AUK-CBD-BL-000157-8",
        "name": "Club Tower",
        "floors": 16,
        "height_m": 51.2,
        "base_elevation_msl": 7.5,
        "roof_elevation_msl": 58.7,
        "structure_type": "yes",
        "centroid": [
          174.767741,
          -36.846545
        ]
      },
      "geometry": {
        "type": "Polygon",
        "coordinates": [
          [
            [
              174.767904,
              -36.846368
            ],
            [
              174.7677097,
              -36.8463249
            ],
            [
              174.7676944,
              -36.8463215
            ],
            [
              174.7676887,
              -36.84632
            ],
            [
              174.7676183,
              -36.8465198
            ],
            [
              174.7676393,
              -36.8465238
            ],
            [
              174.7676613,
              -36.8465295
            ],
            [
              174.7676087,
              -36.84667
            ],
            [
              174.7676221,
              -36.8466842
            ],
            [
              174.7676845,
              -36.8466979
            ],
            [
              174.7676932,
              -36.8467132
            ],
            [
              174.7677361,
              -36.8467226
            ],
            [
              174.7677525,
              -36.8467124
            ],
            [
              174.767885,
              -36.8467434
            ],
            [
              174.7679361,
              -36.8465323
            ],
            [
              174.7678527,
              -36.8465169
            ],
            [
              174.767904,
              -36.846368
            ]
          ]
        ]
      }
    },
    {
      "type": "Feature",
      "properties": {
        "id": "b-auk-0157",
        "building_id": "B-AUK-0157",
        "ulpin": "NZ-AUK-CBD-BL-000158-8",
        "name": "Vero Centre",
        "floors": 6,
        "height_m": 19.2,
        "base_elevation_msl": 7.5,
        "roof_elevation_msl": 26.7,
        "structure_type": "yes",
        "centroid": [
          174.76835,
          -36.846591
        ]
      },
      "geometry": {
        "type": "Polygon",
        "coordinates": [
          [
            [
              174.7680889,
              -36.8468189
            ],
            [
              174.7680992,
              -36.8467758
            ],
            [
              174.7683939,
              -36.8468301
            ],
            [
              174.7684538,
              -36.8468411
            ],
            [
              174.7685057,
              -36.8467978
            ],
            [
              174.7684899,
              -36.8468825
            ],
            [
              174.7688291,
              -36.8469116
            ],
            [
              174.7687597,
              -36.8466339
            ],
            [
              174.7687102,
              -36.8466399
            ],
            [
              174.7687071,
              -36.8466227
            ],
            [
              174.7686915,
              -36.8465364
            ],
            [
              174.7686843,
              -36.846491
            ],
            [
              174.7686663,
              -36.8463481
            ],
            [
              174.7686022,
              -36.8463528
            ],
            [
              174.7685431,
              -36.8463582
            ],
            [
              174.7684954,
              -36.8463626
            ],
            [
              174.7683212,
              -36.8463785
            ],
            [
              174.7683063,
              -36.8463785
            ],
            [
              174.7682694,
              -36.846369
            ],
            [
              174.7679322,
              -36.8462771
            ],
            [
              174.767904,
              -36.846368
            ],
            [
              174.7678527,
              -36.8465169
            ],
            [
              174.7679361,
              -36.8465323
            ],
            [
              174.767885,
              -36.8467434
            ],
            [
              174.767876,
              -36.8467791
            ],
            [
              174.7680889,
              -36.8468189
            ]
          ]
        ]
      }
    },
    {
      "type": "Feature",
      "properties": {
        "id": "b-auk-0158",
        "building_id": "B-AUK-0158",
        "ulpin": "NZ-AUK-CBD-BL-000159-8",
        "name": "George Fraser Gallery",
        "floors": 10,
        "height_m": 32.0,
        "base_elevation_msl": 7.5,
        "roof_elevation_msl": 39.5,
        "structure_type": "yes",
        "centroid": [
          174.76879,
          -36.849253
        ]
      },
      "geometry": {
        "type": "Polygon",
        "coordinates": [
          [
            [
              174.7687642,
              -36.8491825
            ],
            [
              174.768716,
              -36.849293
            ],
            [
              174.7687769,
              -36.84931
            ],
            [
              174.7687874,
              -36.8492861
            ],
            [
              174.7688426,
              -36.8493016
            ],
            [
              174.7688804,
              -36.849215
            ],
            [
              174.7687642,
              -36.8491825
            ]
          ]
        ]
      }
    },
    {
      "type": "Feature",
      "properties": {
        "id": "b-auk-0161",
        "building_id": "B-AUK-0161",
        "ulpin": "NZ-AUK-CBD-BL-000162-8",
        "name": "Chancery Chambers",
        "floors": 6,
        "height_m": 19.2,
        "base_elevation_msl": 7.5,
        "roof_elevation_msl": 26.7,
        "structure_type": "yes",
        "centroid": [
          174.767245,
          -36.847614
        ]
      },
      "geometry": {
        "type": "Polygon",
        "coordinates": [
          [
            [
              174.7674575,
              -36.8474628
            ],
            [
              174.7671982,
              -36.8474215
            ],
            [
              174.7671488,
              -36.8476308
            ],
            [
              174.7671478,
              -36.8476443
            ],
            [
              174.7671516,
              -36.8476576
            ],
            [
              174.7671624,
              -36.8476719
            ],
            [
              174.7671787,
              -36.8476825
            ],
            [
              174.7671932,
              -36.8476871
            ],
            [
              174.7672087,
              -36.8476885
            ],
            [
              174.7672241,
              -36.8476868
            ],
            [
              174.7674099,
              -36.8476676
            ],
            [
              174.7674575,
              -36.8474628
            ]
          ]
        ]
      }
    },
    {
      "type": "Feature",
      "properties": {
        "id": "b-auk-0164",
        "building_id": "B-AUK-0164",
        "ulpin": "NZ-AUK-CBD-BL-000165-8",
        "name": "Shortland Street Carpark",
        "floors": 10,
        "height_m": 32.0,
        "base_elevation_msl": 7.5,
        "roof_elevation_msl": 39.5,
        "structure_type": "parking",
        "centroid": [
          174.769223,
          -36.847287
        ]
      },
      "geometry": {
        "type": "Polygon",
        "coordinates": [
          [
            [
              174.7695275,
              -36.8471868
            ],
            [
              174.7695208,
              -36.8471453
            ],
            [
              174.7695188,
              -36.8471327
            ],
            [
              174.7695105,
              -36.847081
            ],
            [
              174.7689159,
              -36.8471424
            ],
            [
              174.7689395,
              -36.8472897
            ],
            [
              174.7689432,
              -36.8473211
            ],
            [
              174.7688721,
              -36.8473284
            ],
            [
              174.7689004,
              -36.8475043
            ],
            [
              174.768905,
              -36.847533
            ],
            [
              174.7693906,
              -36.847483
            ],
            [
              174.7694307,
              -36.8473963
            ],
            [
              174.7695275,
              -36.8471868
            ]
          ]
        ]
      }
    },
    {
      "type": "Feature",
      "properties": {
        "id": "b-auk-0165",
        "building_id": "B-AUK-0165",
        "ulpin": "NZ-AUK-CBD-BL-000166-8",
        "name": "Bankside Waldorf Apartments",
        "floors": 10,
        "height_m": 32.0,
        "base_elevation_msl": 7.5,
        "roof_elevation_msl": 39.5,
        "structure_type": "yes",
        "centroid": [
          174.769719,
          -36.847344
        ]
      },
      "geometry": {
        "type": "Polygon",
        "coordinates": [
          [
            [
              174.7696079,
              -36.8472664
            ],
            [
              174.7695719,
              -36.8473431
            ],
            [
              174.7698015,
              -36.847412
            ],
            [
              174.7698458,
              -36.8474253
            ],
            [
              174.7698818,
              -36.8473487
            ],
            [
              174.7696079,
              -36.8472664
            ]
          ]
        ]
      }
    },
    {
      "type": "Feature",
      "properties": {
        "id": "b-auk-0166",
        "building_id": "B-AUK-0166",
        "ulpin": "NZ-AUK-CBD-BL-000167-8",
        "name": "Princes Chambers",
        "floors": 2,
        "height_m": 6.4,
        "base_elevation_msl": 7.5,
        "roof_elevation_msl": 13.9,
        "structure_type": "yes",
        "centroid": [
          174.770055,
          -36.847313
        ]
      },
      "geometry": {
        "type": "Polygon",
        "coordinates": [
          [
            [
              174.7701948,
              -36.8472882
            ],
            [
              174.7700785,
              -36.8472558
            ],
            [
              174.7699445,
              -36.8472158
            ],
            [
              174.7698818,
              -36.8473487
            ],
            [
              174.7699607,
              -36.8473714
            ],
            [
              174.7701317,
              -36.8474225
            ],
            [
              174.7701948,
              -36.8472882
            ]
          ]
        ]
      }
    },
    {
      "type": "Feature",
      "properties": {
        "id": "b-auk-0167",
        "building_id": "B-AUK-0167",
        "ulpin": "NZ-AUK-CBD-BL-000168-8",
        "name": "The International",
        "floors": 10,
        "height_m": 32.0,
        "base_elevation_msl": 7.5,
        "roof_elevation_msl": 39.5,
        "structure_type": "apartments",
        "centroid": [
          174.769804,
          -36.847585
        ]
      },
      "geometry": {
        "type": "Polygon",
        "coordinates": [
          [
            [
              174.7693972,
              -36.8477612
            ],
            [
              174.7698694,
              -36.8478893
            ],
            [
              174.7699252,
              -36.847776
            ],
            [
              174.7699626,
              -36.8477857
            ],
            [
              174.770046,
              -36.847603
            ],
            [
              174.7700153,
              -36.8475889
            ],
            [
              174.7700651,
              -36.8474847
            ],
            [
              174.7700368,
              -36.8474763
            ],
            [
              174.7698458,
              -36.8474253
            ],
            [
              174.7698015,
              -36.847412
            ],
            [
              174.7697784,
              -36.8474583
            ],
            [
              174.7697179,
              -36.8474475
            ],
            [
              174.7696569,
              -36.8474711
            ],
            [
              174.7695408,
              -36.8474374
            ],
            [
              174.7693972,
              -36.8477612
            ]
          ]
        ]
      }
    },
    {
      "type": "Feature",
      "properties": {
        "id": "b-auk-0168",
        "building_id": "B-AUK-0168",
        "ulpin": "NZ-AUK-CBD-BL-000169-8",
        "name": "Connect Apartments",
        "floors": 15,
        "height_m": 48.0,
        "base_elevation_msl": 7.5,
        "roof_elevation_msl": 55.5,
        "structure_type": "apartments",
        "centroid": [
          174.772858,
          -36.84755
        ]
      },
      "geometry": {
        "type": "Polygon",
        "coordinates": [
          [
            [
              174.7727073,
              -36.8475482
            ],
            [
              174.7727701,
              -36.8476184
            ],
            [
              174.7727816,
              -36.8476118
            ],
            [
              174.7728666,
              -36.8477068
            ],
            [
              174.7731237,
              -36.8475596
            ],
            [
              174.7729774,
              -36.8473911
            ],
            [
              174.7729325,
              -36.8474169
            ],
            [
              174.7727073,
              -36.8475482
            ]
          ]
        ]
      }
    },
    {
      "type": "Feature",
      "properties": {
        "id": "b-auk-0171",
        "building_id": "B-AUK-0171",
        "ulpin": "NZ-AUK-CBD-BL-000172-8",
        "name": "Worldwide School of English",
        "floors": 3,
        "height_m": 9.6,
        "base_elevation_msl": 7.5,
        "roof_elevation_msl": 17.1,
        "structure_type": "yes",
        "centroid": [
          174.77304,
          -36.847693
        ]
      },
      "geometry": {
        "type": "Polygon",
        "coordinates": [
          [
            [
              174.7728685,
              -36.8477245
            ],
            [
              174.7729673,
              -36.8478065
            ],
            [
              174.773195,
              -36.8476698
            ],
            [
              174.7732111,
              -36.8476602
            ],
            [
              174.7731322,
              -36.8475747
            ],
            [
              174.7728685,
              -36.8477245
            ]
          ]
        ]
      }
    },
    {
      "type": "Feature",
      "properties": {
        "id": "b-auk-0172",
        "building_id": "B-AUK-0172",
        "ulpin": "NZ-AUK-CBD-BL-000173-8",
        "name": "80 Anzac",
        "floors": 10,
        "height_m": 32.0,
        "base_elevation_msl": 7.5,
        "roof_elevation_msl": 39.5,
        "structure_type": "yes",
        "centroid": [
          174.773174,
          -36.847794
        ]
      },
      "geometry": {
        "type": "Polygon",
        "coordinates": [
          [
            [
              174.773195,
              -36.8476698
            ],
            [
              174.7729673,
              -36.8478065
            ],
            [
              174.7731545,
              -36.8479675
            ],
            [
              174.773356,
              -36.8478546
            ],
            [
              174.773195,
              -36.8476698
            ]
          ]
        ]
      }
    },
    {
      "type": "Feature",
      "properties": {
        "id": "b-auk-0174",
        "building_id": "B-AUK-0174",
        "ulpin": "NZ-AUK-CBD-BL-000175-8",
        "name": "Jade House",
        "floors": 9,
        "height_m": 28.8,
        "base_elevation_msl": 7.5,
        "roof_elevation_msl": 36.3,
        "structure_type": "apartments",
        "centroid": [
          174.77411,
          -36.848601
        ]
      },
      "geometry": {
        "type": "Polygon",
        "coordinates": [
          [
            [
              174.7741852,
              -36.848533
            ],
            [
              174.7739559,
              -36.84859
            ],
            [
              174.7739964,
              -36.8487002
            ],
            [
              174.7742287,
              -36.8486477
            ],
            [
              174.7741852,
              -36.848533
            ]
          ]
        ]
      }
    },
    {
      "type": "Feature",
      "properties": {
        "id": "b-auk-0177",
        "building_id": "B-AUK-0177",
        "ulpin": "NZ-AUK-CBD-BL-000178-8",
        "name": "The Beach",
        "floors": 12,
        "height_m": 38.4,
        "base_elevation_msl": 7.5,
        "roof_elevation_msl": 45.9,
        "structure_type": "apartments",
        "centroid": [
          174.773564,
          -36.847704
        ]
      },
      "geometry": {
        "type": "Polygon",
        "coordinates": [
          [
            [
              174.7735381,
              -36.8474797
            ],
            [
              174.7735359,
              -36.8474809
            ],
            [
              174.7733367,
              -36.8475924
            ],
            [
              174.7735006,
              -36.8477799
            ],
            [
              174.7734835,
              -36.8477894
            ],
            [
              174.7735222,
              -36.8478337
            ],
            [
              174.7735325,
              -36.8478279
            ],
            [
              174.7735664,
              -36.8478666
            ],
            [
              174.7736789,
              -36.8478037
            ],
            [
              174.7737573,
              -36.8477598
            ],
            [
              174.7737745,
              -36.8477502
            ],
            [
              174.7735381,
              -36.8474797
            ]
          ]
        ]
      }
    },
    {
      "type": "Feature",
      "properties": {
        "id": "b-auk-0178",
        "building_id": "B-AUK-0178",
        "ulpin": "NZ-AUK-CBD-BL-000179-8",
        "name": "Shortlands Apartments",
        "floors": 14,
        "height_m": 44.8,
        "base_elevation_msl": 7.5,
        "roof_elevation_msl": 52.3,
        "structure_type": "yes",
        "centroid": [
          174.769978,
          -36.84716
        ]
      },
      "geometry": {
        "type": "Polygon",
        "coordinates": [
          [
            [
              174.7699218,
              -36.8470784
            ],
            [
              174.769869,
              -36.8471937
            ],
            [
              174.7699445,
              -36.8472158
            ],
            [
              174.7700785,
              -36.8472558
            ],
            [
              174.7701304,
              -36.847137
            ],
            [
              174.7699218,
              -36.8470784
            ]
          ]
        ]
      }
    },
    {
      "type": "Feature",
      "properties": {
        "id": "b-auk-0180",
        "building_id": "B-AUK-0180",
        "ulpin": "NZ-AUK-CBD-BL-000181-8",
        "name": "Shortland Flats",
        "floors": 6,
        "height_m": 19.2,
        "base_elevation_msl": 7.5,
        "roof_elevation_msl": 26.7,
        "structure_type": "yes",
        "centroid": [
          174.769784,
          -36.847124
        ]
      },
      "geometry": {
        "type": "Polygon",
        "coordinates": [
          [
            [
              174.7697095,
              -36.8470267
            ],
            [
              174.769643,
              -36.8471839
            ],
            [
              174.7698484,
              -36.8472352
            ],
            [
              174.769869,
              -36.8471937
            ],
            [
              174.7699218,
              -36.8470784
            ],
            [
              174.7697095,
              -36.8470267
            ]
          ]
        ]
      }
    },
    {
      "type": "Feature",
      "properties": {
        "id": "b-auk-0182",
        "building_id": "B-AUK-0182",
        "ulpin": "NZ-AUK-CBD-BL-000183-8",
        "name": "Britomart Car Park",
        "floors": 10,
        "height_m": 32.0,
        "base_elevation_msl": 7.5,
        "roof_elevation_msl": 39.5,
        "structure_type": "yes",
        "centroid": [
          174.772048,
          -36.845017
        ]
      },
      "geometry": {
        "type": "Polygon",
        "coordinates": [
          [
            [
              174.7722268,
              -36.8451911
            ],
            [
              174.7722302,
              -36.8451751
            ],
            [
              174.7723173,
              -36.8451922
            ],
            [
              174.7724945,
              -36.8452238
            ],
            [
              174.7726224,
              -36.8449114
            ],
            [
              174.7726363,
              -36.8448728
            ],
            [
              174.7718739,
              -36.8446743
            ],
            [
              174.7713193,
              -36.8445299
            ],
            [
              174.7711712,
              -36.8449373
            ],
            [
              174.7717266,
              -36.845082
            ],
            [
              174.7717698,
              -36.8450927
            ],
            [
              174.7720065,
              -36.8451514
            ],
            [
              174.7722268,
              -36.8451911
            ]
          ]
        ]
      }
    },
    {
      "type": "Feature",
      "properties": {
        "id": "b-auk-0184",
        "building_id": "B-AUK-0184",
        "ulpin": "NZ-AUK-CBD-BL-000185-8",
        "name": "Harbour Royal",
        "floors": 8,
        "height_m": 25.6,
        "base_elevation_msl": 7.5,
        "roof_elevation_msl": 33.1,
        "structure_type": "apartments",
        "centroid": [
          174.773391,
          -36.848015
        ]
      },
      "geometry": {
        "type": "Polygon",
        "coordinates": [
          [
            [
              174.7733872,
              -36.8478666
            ],
            [
              174.7731973,
              -36.847977
            ],
            [
              174.7733274,
              -36.8481203
            ],
            [
              174.7733826,
              -36.8480883
            ],
            [
              174.7733969,
              -36.848104
            ],
            [
              174.7734698,
              -36.8480616
            ],
            [
              174.7734549,
              -36.8480452
            ],
            [
              174.7735167,
              -36.8480093
            ],
            [
              174.7733872,
              -36.8478666
            ]
          ]
        ]
      }
    },
    {
      "type": "Feature",
      "properties": {
        "id": "b-auk-0186",
        "building_id": "B-AUK-0186",
        "ulpin": "NZ-AUK-CBD-BL-000187-8",
        "name": "John Reid Co Ltd",
        "floors": 10,
        "height_m": 32.0,
        "base_elevation_msl": 7.5,
        "roof_elevation_msl": 39.5,
        "structure_type": "yes",
        "centroid": [
          174.772773,
          -36.847442
        ]
      },
      "geometry": {
        "type": "Polygon",
        "coordinates": [
          [
            [
              174.7728511,
              -36.8473275
            ],
            [
              174.7726066,
              -36.8474701
            ],
            [
              174.7726879,
              -36.8475595
            ],
            [
              174.7727073,
              -36.8475482
            ],
            [
              174.7729325,
              -36.8474169
            ],
            [
              174.7728511,
              -36.8473275
            ]
          ]
        ]
      }
    },
    {
      "type": "Feature",
      "properties": {
        "id": "b-auk-0187",
        "building_id": "B-AUK-0187",
        "ulpin": "NZ-AUK-CBD-BL-000188-8",
        "name": "Centur on Anzac",
        "floors": 16,
        "height_m": 51.2,
        "base_elevation_msl": 7.5,
        "roof_elevation_msl": 58.7,
        "structure_type": "apartments",
        "centroid": [
          174.773671,
          -36.848426
        ]
      },
      "geometry": {
        "type": "Polygon",
        "coordinates": [
          [
            [
              174.7735453,
              -36.8483833
            ],
            [
              174.7736201,
              -36.8485557
            ],
            [
              174.7738598,
              -36.8484891
            ],
            [
              174.773785,
              -36.8483167
            ],
            [
              174.7735453,
              -36.8483833
            ]
          ]
        ]
      }
    },
    {
      "type": "Feature",
      "properties": {
        "id": "b-auk-0188",
        "building_id": "B-AUK-0188",
        "ulpin": "NZ-AUK-CBD-BL-000189-8",
        "name": "Copthorne Hotel",
        "floors": 7,
        "height_m": 22.4,
        "base_elevation_msl": 7.5,
        "roof_elevation_msl": 29.9,
        "structure_type": "yes",
        "centroid": [
          174.773664,
          -36.849652
        ]
      },
      "geometry": {
        "type": "Polygon",
        "coordinates": [
          [
            [
              174.7736026,
              -36.849468
            ],
            [
              174.7735678,
              -36.8495679
            ],
            [
              174.7735551,
              -36.8496024
            ],
            [
              174.7735437,
              -36.8496335
            ],
            [
              174.7734894,
              -36.8497954
            ],
            [
              174.7736234,
              -36.8498265
            ],
            [
              174.7736529,
              -36.8498334
            ],
            [
              174.7736782,
              -36.8497738
            ],
            [
              174.7737288,
              -36.8497871
            ],
            [
              174.7737854,
              -36.8497204
            ],
            [
              174.7738046,
              -36.8496544
            ],
            [
              174.7738065,
              -36.84958
            ],
            [
              174.773752,
              -36.8495669
            ],
            [
              174.7737721,
              -36.8495056
            ],
            [
              174.7736026,
              -36.849468
            ]
          ]
        ]
      }
    },
    {
      "type": "Feature",
      "properties": {
        "id": "b-auk-0193",
        "building_id": "B-AUK-0193",
        "ulpin": "NZ-AUK-CBD-BL-000194-8",
        "name": "Berrisville Flats",
        "floors": 3,
        "height_m": 9.6,
        "base_elevation_msl": 7.5,
        "roof_elevation_msl": 17.1,
        "structure_type": "residential",
        "centroid": [
          174.773256,
          -36.849811
        ]
      },
      "geometry": {
        "type": "Polygon",
        "coordinates": [
          [
            [
              174.7733064,
              -36.849701
            ],
            [
              174.7731386,
              -36.8498292
            ],
            [
              174.7731742,
              -36.849859
            ],
            [
              174.773187,
              -36.8498492
            ],
            [
              174.7732161,
              -36.8498736
            ],
            [
              174.7732439,
              -36.8498524
            ],
            [
              174.77326,
              -36.8498659
            ],
            [
              174.7733139,
              -36.8498248
            ],
            [
              174.7732959,
              -36.8498097
            ],
            [
              174.7733693,
              -36.8497537
            ],
            [
              174.7733064,
              -36.849701
            ]
          ]
        ]
      }
    },
    {
      "type": "Feature",
      "properties": {
        "id": "b-auk-0196",
        "building_id": "B-AUK-0196",
        "ulpin": "NZ-AUK-CBD-BL-000197-8",
        "name": "Te Tirohanga o te T\u014dangaroa",
        "floors": 21,
        "height_m": 67.2,
        "base_elevation_msl": 7.5,
        "roof_elevation_msl": 74.7,
        "structure_type": "yes",
        "centroid": [
          174.774005,
          -36.849067
        ]
      },
      "geometry": {
        "type": "Polygon",
        "coordinates": [
          [
            [
              174.7743304,
              -36.8489925
            ],
            [
              174.7742658,
              -36.8489965
            ],
            [
              174.7741507,
              -36.8490036
            ],
            [
              174.7740656,
              -36.8490088
            ],
            [
              174.7737066,
              -36.8490295
            ],
            [
              174.7737086,
              -36.8490511
            ],
            [
              174.7737105,
              -36.8490727
            ],
            [
              174.7736946,
              -36.8490742
            ],
            [
              174.7736985,
              -36.8491433
            ],
            [
              174.7738279,
              -36.849131
            ],
            [
              174.773825,
              -36.8491094
            ],
            [
              174.7739462,
              -36.8491001
            ],
            [
              174.7739489,
              -36.8491227
            ],
            [
              174.7740008,
              -36.8491191
            ],
            [
              174.7742001,
              -36.8491074
            ],
            [
              174.7743406,
              -36.8490988
            ],
            [
              174.7743355,
              -36.8490457
            ],
            [
              174.7743304,
              -36.8489925
            ]
          ]
        ]
      }
    },
    {
      "type": "Feature",
      "properties": {
        "id": "b-auk-0197",
        "building_id": "B-AUK-0197",
        "ulpin": "NZ-AUK-CBD-BL-000198-8",
        "name": "UniLodge Beach",
        "floors": 10,
        "height_m": 32.0,
        "base_elevation_msl": 7.5,
        "roof_elevation_msl": 39.5,
        "structure_type": "yes",
        "centroid": [
          174.774212,
          -36.849268
        ]
      },
      "geometry": {
        "type": "Polygon",
        "coordinates": [
          [
            [
              174.7743471,
              -36.8491066
            ],
            [
              174.7741983,
              -36.8491089
            ],
            [
              174.7741998,
              -36.8491703
            ],
            [
              174.7742145,
              -36.8491701
            ],
            [
              174.7742152,
              -36.8492011
            ],
            [
              174.7740927,
              -36.849203
            ],
            [
              174.7740939,
              -36.8492535
            ],
            [
              174.7740941,
              -36.8492627
            ],
            [
              174.7740943,
              -36.8492705
            ],
            [
              174.7740956,
              -36.8493246
            ],
            [
              174.7741663,
              -36.8493235
            ],
            [
              174.774166,
              -36.8493142
            ],
            [
              174.774217,
              -36.8493134
            ],
            [
              174.7742177,
              -36.8493422
            ],
            [
              174.7742073,
              -36.8493423
            ],
            [
              174.7742096,
              -36.8494366
            ],
            [
              174.7743549,
              -36.8494344
            ],
            [
              174.774354,
              -36.8493958
            ],
            [
              174.7743512,
              -36.8492793
            ],
            [
              174.7743471,
              -36.8491066
            ]
          ]
        ]
      }
    },
    {
      "type": "Feature",
      "properties": {
        "id": "b-auk-0199",
        "building_id": "B-AUK-0199",
        "ulpin": "NZ-AUK-CBD-BL-000200-8",
        "name": "Saint Paul's",
        "floors": 10,
        "height_m": 32.0,
        "base_elevation_msl": 7.5,
        "roof_elevation_msl": 39.5,
        "structure_type": "church",
        "centroid": [
          174.768306,
          -36.854432
        ]
      },
      "geometry": {
        "type": "Polygon",
        "coordinates": [
          [
            [
              174.7681938,
              -36.8543125
            ],
            [
              174.7681739,
              -36.8543335
            ],
            [
              174.7681574,
              -36.8543232
            ],
            [
              174.7681206,
              -36.8543608
            ],
            [
              174.7681376,
              -36.8543715
            ],
            [
              174.7681089,
              -36.8544016
            ],
            [
              174.7680902,
              -36.8544226
            ],
            [
              174.7683372,
              -36.8545721
            ],
            [
              174.7683288,
              -36.854581
            ],
            [
              174.7683757,
              -36.8546092
            ],
            [
              174.7684128,
              -36.8545698
            ],
            [
              174.7684813,
              -36.8546116
            ],
            [
              174.7685487,
              -36.8545408
            ],
            [
              174.7685003,
              -36.8545113
            ],
            [
              174.7685398,
              -36.8544706
            ],
            [
              174.768476,
              -36.854431
            ],
            [
              174.7684654,
              -36.8544421
            ],
            [
              174.768268,
              -36.8543221
            ],
            [
              174.7682833,
              -36.8543044
            ],
            [
              174.7682308,
              -36.8542735
            ],
            [
              174.7681938,
              -36.8543125
            ]
          ]
        ]
      }
    },
    {
      "type": "Feature",
      "properties": {
        "id": "b-auk-0200",
        "building_id": "B-AUK-0200",
        "ulpin": "NZ-AUK-CBD-BL-000201-8",
        "name": "Waikohanga House",
        "floors": 5,
        "height_m": 16.0,
        "base_elevation_msl": 7.5,
        "roof_elevation_msl": 23.5,
        "structure_type": "dormitory",
        "centroid": [
          174.767582,
          -36.855188
        ]
      },
      "geometry": {
        "type": "Polygon",
        "coordinates": [
          [
            [
              174.7676066,
              -36.8549774
            ],
            [
              174.7674898,
              -36.8550832
            ],
            [
              174.7674748,
              -36.8550963
            ],
            [
              174.7674598,
              -36.8551095
            ],
            [
              174.7673459,
              -36.8552131
            ],
            [
              174.7674409,
              -36.8552804
            ],
            [
              174.7675249,
              -36.8552046
            ],
            [
              174.7675451,
              -36.8552189
            ],
            [
              174.7675381,
              -36.8552252
            ],
            [
              174.767676,
              -36.8553229
            ],
            [
              174.7676721,
              -36.8553264
            ],
            [
              174.767672,
              -36.8553309
            ],
            [
              174.7677099,
              -36.8553578
            ],
            [
              174.7677966,
              -36.8552794
            ],
            [
              174.7676354,
              -36.8551652
            ],
            [
              174.7676027,
              -36.8551948
            ],
            [
              174.7675648,
              -36.8551679
            ],
            [
              174.7677014,
              -36.8550446
            ],
            [
              174.7676066,
              -36.8549774
            ]
          ]
        ]
      }
    },
    {
      "type": "Feature",
      "properties": {
        "id": "b-auk-0201",
        "building_id": "B-AUK-0201",
        "ulpin": "NZ-AUK-CBD-BL-000202-8",
        "name": "Pembridge",
        "floors": 3,
        "height_m": 9.6,
        "base_elevation_msl": 7.5,
        "roof_elevation_msl": 17.1,
        "structure_type": "apartments",
        "centroid": [
          174.767707,
          -36.854931
        ]
      },
      "geometry": {
        "type": "Polygon",
        "coordinates": [
          [
            [
              174.7676043,
              -36.8549489
            ],
            [
              174.7677913,
              -36.8550809
            ],
            [
              174.7679167,
              -36.8549671
            ],
            [
              174.7677297,
              -36.8548352
            ],
            [
              174.767678,
              -36.8548821
            ],
            [
              174.7676697,
              -36.8548895
            ],
            [
              174.7676615,
              -36.854897
            ],
            [
              174.7676043,
              -36.8549489
            ]
          ]
        ]
      }
    },
    {
      "type": "Feature",
      "properties": {
        "id": "b-auk-0202",
        "building_id": "B-AUK-0202",
        "ulpin": "NZ-AUK-CBD-BL-000203-8",
        "name": "Link House",
        "floors": 3,
        "height_m": 9.6,
        "base_elevation_msl": 7.5,
        "roof_elevation_msl": 17.1,
        "structure_type": "yes",
        "centroid": [
          174.764823,
          -36.844972
        ]
      },
      "geometry": {
        "type": "Polygon",
        "coordinates": [
          [
            [
              174.7649038,
              -36.8449617
            ],
            [
              174.764735,
              -36.8449132
            ],
            [
              174.7647023,
              -36.8449864
            ],
            [
              174.76487,
              -36.8450363
            ],
            [
              174.7649038,
              -36.8449617
            ]
          ]
        ]
      }
    },
    {
      "type": "Feature",
      "properties": {
        "id": "b-auk-0203",
        "building_id": "B-AUK-0203",
        "ulpin": "NZ-AUK-CBD-BL-000204-8",
        "name": "Achilles House",
        "floors": 6,
        "height_m": 19.2,
        "base_elevation_msl": 7.5,
        "roof_elevation_msl": 26.7,
        "structure_type": "yes",
        "centroid": [
          174.768048,
          -36.845349
        ]
      },
      "geometry": {
        "type": "Polygon",
        "coordinates": [
          [
            [
              174.767984,
              -36.8451746
            ],
            [
              174.7678722,
              -36.845442
            ],
            [
              174.7680356,
              -36.8454858
            ],
            [
              174.7680524,
              -36.8454455
            ],
            [
              174.7681552,
              -36.8454731
            ],
            [
              174.7682503,
              -36.8452459
            ],
            [
              174.767984,
              -36.8451746
            ]
          ]
        ]
      }
    },
    {
      "type": "Feature",
      "properties": {
        "id": "b-auk-0205",
        "building_id": "B-AUK-0205",
        "ulpin": "NZ-AUK-CBD-BL-000206-8",
        "name": "Wright's Buildings",
        "floors": 10,
        "height_m": 32.0,
        "base_elevation_msl": 7.5,
        "roof_elevation_msl": 39.5,
        "structure_type": "retail",
        "centroid": [
          174.767387,
          -36.845771
        ]
      },
      "geometry": {
        "type": "Polygon",
        "coordinates": [
          [
            [
              174.7675552,
              -36.8456658
            ],
            [
              174.7672536,
              -36.8455926
            ],
            [
              174.767145,
              -36.8459336
            ],
            [
              174.7674254,
              -36.8459988
            ],
            [
              174.7675552,
              -36.8456658
            ]
          ]
        ]
      }
    },
    {
      "type": "Feature",
      "properties": {
        "id": "b-auk-0206",
        "building_id": "B-AUK-0206",
        "ulpin": "NZ-AUK-CBD-BL-000207-8",
        "name": "SO/ Auckland",
        "floors": 16,
        "height_m": 51.2,
        "base_elevation_msl": 7.5,
        "roof_elevation_msl": 58.7,
        "structure_type": "yes",
        "centroid": [
          174.76852,
          -36.845439
        ]
      },
      "geometry": {
        "type": "Polygon",
        "coordinates": [
          [
            [
              174.7684442,
              -36.8453054
            ],
            [
              174.7683371,
              -36.8455629
            ],
            [
              174.7686336,
              -36.8456423
            ],
            [
              174.7687403,
              -36.8453804
            ],
            [
              174.7684442,
              -36.8453054
            ]
          ]
        ]
      }
    },
    {
      "type": "Feature",
      "properties": {
        "id": "b-auk-0209",
        "building_id": "B-AUK-0209",
        "ulpin": "NZ-AUK-CBD-BL-000210-8",
        "name": "Tower Centre",
        "floors": 18,
        "height_m": 57.6,
        "base_elevation_msl": 7.5,
        "roof_elevation_msl": 65.1,
        "structure_type": "commercial",
        "centroid": [
          174.766152,
          -36.844866
        ]
      },
      "geometry": {
        "type": "Polygon",
        "coordinates": [
          [
            [
              174.7661868,
              -36.8447024
            ],
            [
              174.7659454,
              -36.8448032
            ],
            [
              174.7659215,
              -36.8448582
            ],
            [
              174.7660452,
              -36.8450521
            ],
            [
              174.7661088,
              -36.8450665
            ],
            [
              174.7663611,
              -36.8449683
            ],
            [
              174.766373,
              -36.8449192
            ],
            [
              174.7662432,
              -36.8447174
            ],
            [
              174.7661868,
              -36.8447024
            ]
          ]
        ]
      }
    },
    {
      "type": "Feature",
      "properties": {
        "id": "b-auk-0210",
        "building_id": "B-AUK-0210",
        "ulpin": "NZ-AUK-CBD-BL-000211-8",
        "name": "Auckland Harbour Suites",
        "floors": 37,
        "height_m": 118.4,
        "base_elevation_msl": 7.5,
        "roof_elevation_msl": 125.9,
        "structure_type": "apartments",
        "centroid": [
          174.76887,
          -36.845924
        ]
      },
      "geometry": {
        "type": "Polygon",
        "coordinates": [
          [
            [
              174.7688444,
              -36.8458013
            ],
            [
              174.7687415,
              -36.846067
            ],
            [
              174.7689076,
              -36.8461081
            ],
            [
              174.7690105,
              -36.8458424
            ],
            [
              174.7688444,
              -36.8458013
            ]
          ]
        ]
      }
    },
    {
      "type": "Feature",
      "properties": {
        "id": "b-auk-0213",
        "building_id": "B-AUK-0213",
        "ulpin": "NZ-AUK-CBD-BL-000214-8",
        "name": "Citigroup Centre",
        "floors": 10,
        "height_m": 32.0,
        "base_elevation_msl": 7.5,
        "roof_elevation_msl": 39.5,
        "structure_type": "yes",
        "centroid": [
          174.767508,
          -36.845291
        ]
      },
      "geometry": {
        "type": "Polygon",
        "coordinates": [
          [
            [
              174.7674444,
              -36.8450421
            ],
            [
              174.7673556,
              -36.8452913
            ],
            [
              174.7673203,
              -36.8453906
            ],
            [
              174.7673104,
              -36.8454182
            ],
            [
              174.767623,
              -36.8454905
            ],
            [
              174.7676334,
              -36.8454637
            ],
            [
              174.7676703,
              -36.845368
            ],
            [
              174.7677667,
              -36.8451164
            ],
            [
              174.7674444,
              -36.8450421
            ]
          ]
        ]
      }
    },
    {
      "type": "Feature",
      "properties": {
        "id": "b-auk-0214",
        "building_id": "B-AUK-0214",
        "ulpin": "NZ-AUK-CBD-BL-000215-8",
        "name": "The Pacifica Carpark",
        "floors": 3,
        "height_m": 9.6,
        "base_elevation_msl": 7.5,
        "roof_elevation_msl": 17.1,
        "structure_type": "yes",
        "centroid": [
          174.768285,
          -36.845888
        ]
      },
      "geometry": {
        "type": "Polygon",
        "coordinates": [
          [
            [
              174.7684727,
              -36.8459769
            ],
            [
              174.7685161,
              -36.845868
            ],
            [
              174.7682005,
              -36.8457877
            ],
            [
              174.7681813,
              -36.8458361
            ],
            [
              174.7681552,
              -36.8458295
            ],
            [
              174.7681311,
              -36.8458901
            ],
            [
              174.7681673,
              -36.8458993
            ],
            [
              174.7682691,
              -36.8459252
            ],
            [
              174.7684727,
              -36.8459769
            ]
          ]
        ]
      }
    },
    {
      "type": "Feature",
      "properties": {
        "id": "b-auk-0216",
        "building_id": "B-AUK-0216",
        "ulpin": "NZ-AUK-CBD-BL-000217-8",
        "name": "Queens Arcade",
        "floors": 10,
        "height_m": 32.0,
        "base_elevation_msl": 7.5,
        "roof_elevation_msl": 39.5,
        "structure_type": "yes",
        "centroid": [
          174.766946,
          -36.845211
        ]
      },
      "geometry": {
        "type": "Polygon",
        "coordinates": [
          [
            [
              174.7670677,
              -36.8451572
            ],
            [
              174.7666376,
              -36.8450501
            ],
            [
              174.7666131,
              -36.8451319
            ],
            [
              174.7665862,
              -36.8452243
            ],
            [
              174.7668479,
              -36.8452918
            ],
            [
              174.7669157,
              -36.8453093
            ],
            [
              174.7672419,
              -36.8453904
            ],
            [
              174.7672934,
              -36.8452126
            ],
            [
              174.7671841,
              -36.8451858
            ],
            [
              174.7670677,
              -36.8451572
            ]
          ]
        ]
      }
    },
    {
      "type": "Feature",
      "properties": {
        "id": "b-auk-0217",
        "building_id": "B-AUK-0217",
        "ulpin": "NZ-AUK-CBD-BL-000218-8",
        "name": "Ballantyne House",
        "floors": 10,
        "height_m": 32.0,
        "base_elevation_msl": 7.5,
        "roof_elevation_msl": 39.5,
        "structure_type": "yes",
        "centroid": [
          174.769775,
          -36.845721
        ]
      },
      "geometry": {
        "type": "Polygon",
        "coordinates": [
          [
            [
              174.7696292,
              -36.8456099
            ],
            [
              174.7695228,
              -36.8458711
            ],
            [
              174.7697885,
              -36.8459401
            ],
            [
              174.7698875,
              -36.8457142
            ],
            [
              174.7698897,
              -36.8457015
            ],
            [
              174.7698865,
              -36.8456902
            ],
            [
              174.7698781,
              -36.8456808
            ],
            [
              174.7698657,
              -36.8456724
            ],
            [
              174.7696292,
              -36.8456099
            ]
          ]
        ]
      }
    },
    {
      "type": "Feature",
      "properties": {
        "id": "b-auk-0222",
        "building_id": "B-AUK-0222",
        "ulpin": "NZ-AUK-CBD-BL-000223-8",
        "name": "WW Building",
        "floors": 10,
        "height_m": 32.0,
        "base_elevation_msl": 7.5,
        "roof_elevation_msl": 39.5,
        "structure_type": "ruins",
        "centroid": [
          174.76697,
          -36.854467
        ]
      },
      "geometry": {
        "type": "Polygon",
        "coordinates": [
          [
            [
              174.7669402,
              -36.8544471
            ],
            [
              174.7669514,
              -36.8543909
            ],
            [
              174.7667922,
              -36.8543707
            ],
            [
              174.7667593,
              -36.8545363
            ],
            [
              174.7671941,
              -36.8545915
            ],
            [
              174.7672158,
              -36.8544822
            ],
            [
              174.7669402,
              -36.8544471
            ]
          ]
        ]
      }
    },
    {
      "type": "Feature",
      "properties": {
        "id": "b-auk-0223",
        "building_id": "B-AUK-0223",
        "ulpin": "NZ-AUK-CBD-BL-000224-8",
        "name": "Oxford Apartments",
        "floors": 10,
        "height_m": 32.0,
        "base_elevation_msl": 7.5,
        "roof_elevation_msl": 39.5,
        "structure_type": "apartments",
        "centroid": [
          174.766509,
          -36.854414
        ]
      },
      "geometry": {
        "type": "Polygon",
        "coordinates": [
          [
            [
              174.7664504,
              -36.8542562
            ],
            [
              174.7664246,
              -36.8544009
            ],
            [
              174.7664741,
              -36.8544065
            ],
            [
              174.7664651,
              -36.8544574
            ],
            [
              174.7664212,
              -36.8544524
            ],
            [
              174.7663979,
              -36.8545837
            ],
            [
              174.7667174,
              -36.8546201
            ],
            [
              174.7667755,
              -36.8542933
            ],
            [
              174.7664504,
              -36.8542562
            ]
          ]
        ]
      }
    },
    {
      "type": "Feature",
      "properties": {
        "id": "b-auk-0224",
        "building_id": "B-AUK-0224",
        "ulpin": "NZ-AUK-CBD-BL-000225-8",
        "name": "Forte Apartments",
        "floors": 16,
        "height_m": 51.2,
        "base_elevation_msl": 7.5,
        "roof_elevation_msl": 58.7,
        "structure_type": "apartments",
        "centroid": [
          174.767319,
          -36.854568
        ]
      },
      "geometry": {
        "type": "Polygon",
        "coordinates": [
          [
            [
              174.7673322,
              -36.854442
            ],
            [
              174.7672681,
              -36.8544939
            ],
            [
              174.7672173,
              -36.8545609
            ],
            [
              174.7672389,
              -36.854572
            ],
            [
              174.7672194,
              -36.8545939
            ],
            [
              174.7672545,
              -36.8546148
            ],
            [
              174.7672407,
              -36.8546301
            ],
            [
              174.7673242,
              -36.8546763
            ],
            [
              174.7673477,
              -36.8546489
            ],
            [
              174.7674336,
              -36.8546941
            ],
            [
              174.7675627,
              -36.8545483
            ],
            [
              174.7673709,
              -36.8544603
            ],
            [
              174.7673322,
              -36.854442
            ]
          ]
        ]
      }
    },
    {
      "type": "Feature",
      "properties": {
        "id": "b-auk-0225",
        "building_id": "B-AUK-0225",
        "ulpin": "NZ-AUK-CBD-BL-000226-8",
        "name": "Forte Convenience",
        "floors": 1,
        "height_m": 3.2,
        "base_elevation_msl": 7.5,
        "roof_elevation_msl": 10.7,
        "structure_type": "yes",
        "centroid": [
          174.767271,
          -36.854628
        ]
      },
      "geometry": {
        "type": "Polygon",
        "coordinates": [
          [
            [
              174.7672133,
              -36.8545989
            ],
            [
              174.7671992,
              -36.8546732
            ],
            [
              174.7674278,
              -36.8546999
            ],
            [
              174.7674336,
              -36.8546941
            ],
            [
              174.7673477,
              -36.8546489
            ],
            [
              174.7673242,
              -36.8546763
            ],
            [
              174.7672407,
              -36.8546301
            ],
            [
              174.7672545,
              -36.8546148
            ],
            [
              174.7672194,
              -36.8545939
            ],
            [
              174.7672389,
              -36.854572
            ],
            [
              174.7672173,
              -36.8545609
            ],
            [
              174.7671983,
              -36.8545971
            ],
            [
              174.7672133,
              -36.8545989
            ]
          ]
        ]
      }
    },
    {
      "type": "Feature",
      "properties": {
        "id": "b-auk-0226",
        "building_id": "B-AUK-0226",
        "ulpin": "NZ-AUK-CBD-BL-000227-8",
        "name": "Mid City Mall",
        "floors": 4,
        "height_m": 12.8,
        "base_elevation_msl": 7.5,
        "roof_elevation_msl": 20.3,
        "structure_type": "retail",
        "centroid": [
          174.764382,
          -36.849956
        ]
      },
      "geometry": {
        "type": "Polygon",
        "coordinates": [
          [
            [
              174.7647423,
              -36.8500008
            ],
            [
              174.7646093,
              -36.849963
            ],
            [
              174.7645635,
              -36.84995
            ],
            [
              174.7645171,
              -36.8499368
            ],
            [
              174.7644688,
              -36.8499231
            ],
            [
              174.7644188,
              -36.8499089
            ],
            [
              174.7643738,
              -36.8498961
            ],
            [
              174.7642845,
              -36.8498707
            ],
            [
              174.7642342,
              -36.8498564
            ],
            [
              174.7641833,
              -36.849842
            ],
            [
              174.7641232,
              -36.8498249
            ],
            [
              174.7640429,
              -36.8498021
            ],
            [
              174.7639792,
              -36.84995
            ],
            [
              174.7639175,
              -36.8500902
            ],
            [
              174.7646095,
              -36.8502929
            ],
            [
              174.7646788,
              -36.8501417
            ],
            [
              174.7647423,
              -36.8500008
            ]
          ]
        ]
      }
    },
    {
      "type": "Feature",
      "properties": {
        "id": "b-auk-0227",
        "building_id": "B-AUK-0227",
        "ulpin": "NZ-AUK-CBD-BL-000228-8",
        "name": "Toi o T\u0101maki / Auckland Art Gallery",
        "floors": 3,
        "height_m": 9.6,
        "base_elevation_msl": 7.5,
        "roof_elevation_msl": 17.1,
        "structure_type": "civic",
        "centroid": [
          174.766301,
          -36.851374
        ]
      },
      "geometry": {
        "type": "Polygon",
        "coordinates": [
          [
            [
              174.7663495,
              -36.8517311
            ],
            [
              174.7663682,
              -36.8517164
            ],
            [
              174.7663903,
              -36.8517257
            ],
            [
              174.7664241,
              -36.8517265
            ],
            [
              174.766448,
              -36.8517176
            ],
            [
              174.7664617,
              -36.8517026
            ],
            [
              174.7664657,
              -36.8516847
            ],
            [
              174.7664664,
              -36.8516696
            ],
            [
              174.7664617,
              -36.8516578
            ],
            [
              174.7664544,
              -36.8516488
            ],
            [
              174.7664674,
              -36.8516386
            ],
            [
              174.7664255,
              -36.8516044
            ],
            [
              174.7664007,
              -36.8515841
            ],
            [
              174.766378,
              -36.8515663
            ],
            [
              174.7664472,
              -36.8515115
            ],
            [
              174.7665048,
              -36.8515259
            ],
            [
              174.7665334,
              -36.8515331
            ],
            [
              174.7667274,
              -36.8510361
            ],
            [
              174.7666849,
              -36.8510255
            ],
            [
              174.7667227,
              -36.8509315
            ],
            [
              174.7665914,
              -36.8508984
            ],
            [
              174.7666007,
              -36.8508746
            ],
            [
              174.7663827,
              -36.8508202
            ],
            [
              174.7663527,
              -36.8509016
            ],
            [
              174.7663365,
              -36.8509384
            ],
            [
              174.7663194,
              -36.8509824
            ],
            [
              174.7663004,
              -36.851031
            ],
            [
              174.7662808,
              -36.8510262
            ],
            [
              174.7661998,
              -36.8510065
            ],
            [
              174.7661681,
              -36.8509988
            ],
            [
              174.7661403,
              -36.8510719
            ],
            [
              174.766172,
              -36.8510796
            ],
            [
              174.7661408,
              -36.8511617
            ],
            [
              174.7661185,
              -36.8511562
            ],
            [
              174.7660956,
              -36.8512165
            ],
            [
              174.7661179,
              -36.8512219
            ],
            [
              174.7660848,
              -36.8513091
            ],
            [
              174.7660476,
              -36.8513001
            ],
            [
              174.766017,
              -36.8513806
            ],
            [
              174.7660481,
              -36.8513881
            ],
            [
              174.766035,
              -36.8514201
            ],
            [
              174.766047,
              -36.851441
            ],
            [
              174.7660862,
              -36.85145
            ],
            [
              174.7661107,
              -36.8514403
            ],
            [
              174.7661051,
              -36.8514542
            ],
            [
              174.7660879,
              -36.851482
            ],
            [
              174.7661158,
              -36.851499
            ],
            [
              174.7660907,
              -36.8515153
            ],
            [
              174.7661589,
              -36.8515708
            ],
            [
              174.7661698,
              -36.8515623
            ],
            [
              174.7662113,
              -36.8515961
            ],
            [
              174.7662967,
              -36.8516656
            ],
            [
              174.7662828,
              -36.8516765
            ],
            [
              174.7663495,
              -36.8517311
            ]
          ]
        ]
      }
    },
    {
      "type": "Feature",
      "properties": {
        "id": "b-auk-0228",
        "building_id": "B-AUK-0228",
        "ulpin": "NZ-AUK-CBD-BL-000229-8",
        "name": "Saint James Apartments",
        "floors": 10,
        "height_m": 32.0,
        "base_elevation_msl": 7.5,
        "roof_elevation_msl": 39.5,
        "structure_type": "apartments",
        "centroid": [
          174.765827,
          -36.85098
        ]
      },
      "geometry": {
        "type": "Polygon",
        "coordinates": [
          [
            [
              174.7657865,
              -36.8507987
            ],
            [
              174.7657405,
              -36.8509035
            ],
            [
              174.7657999,
              -36.8509201
            ],
            [
              174.7658313,
              -36.85093
            ],
            [
              174.7657759,
              -36.8510516
            ],
            [
              174.7657565,
              -36.8510459
            ],
            [
              174.7657243,
              -36.8511191
            ],
            [
              174.7659192,
              -36.8511752
            ],
            [
              174.7659247,
              -36.8511631
            ],
            [
              174.7660556,
              -36.8508759
            ],
            [
              174.7657865,
              -36.8507987
            ]
          ]
        ]
      }
    },
    {
      "type": "Feature",
      "properties": {
        "id": "b-auk-0235",
        "building_id": "B-AUK-0235",
        "ulpin": "NZ-AUK-CBD-BL-000236-8",
        "name": "Malcom Pacific Immigration",
        "floors": 10,
        "height_m": 32.0,
        "base_elevation_msl": 7.5,
        "roof_elevation_msl": 39.5,
        "structure_type": "yes",
        "centroid": [
          174.766082,
          -36.850531
        ]
      },
      "geometry": {
        "type": "Polygon",
        "coordinates": [
          [
            [
              174.7662249,
              -36.8504161
            ],
            [
              174.7660425,
              -36.8503657
            ],
            [
              174.7659952,
              -36.8503527
            ],
            [
              174.7658645,
              -36.8506466
            ],
            [
              174.7659858,
              -36.8506811
            ],
            [
              174.7660994,
              -36.8507134
            ],
            [
              174.7661164,
              -36.850673
            ],
            [
              174.7661826,
              -36.8505162
            ],
            [
              174.7662249,
              -36.8504161
            ]
          ]
        ]
      }
    },
    {
      "type": "Feature",
      "properties": {
        "id": "b-auk-0239",
        "building_id": "B-AUK-0239",
        "ulpin": "NZ-AUK-CBD-BL-000240-8",
        "name": "Science Centre 303",
        "floors": 10,
        "height_m": 32.0,
        "base_elevation_msl": 7.5,
        "roof_elevation_msl": 39.5,
        "structure_type": "university",
        "centroid": [
          174.768232,
          -36.852545
        ]
      },
      "geometry": {
        "type": "Polygon",
        "coordinates": [
          [
            [
              174.7684477,
              -36.8527956
            ],
            [
              174.7684557,
              -36.8527886
            ],
            [
              174.7684612,
              -36.8527838
            ],
            [
              174.7684661,
              -36.8527858
            ],
            [
              174.7686628,
              -36.8525912
            ],
            [
              174.7685345,
              -36.8525075
            ],
            [
              174.7683621,
              -36.8523952
            ],
            [
              174.7683544,
              -36.8524006
            ],
            [
              174.7682695,
              -36.8523451
            ],
            [
              174.7682329,
              -36.8523197
            ],
            [
              174.7682448,
              -36.8523091
            ],
            [
              174.7681554,
              -36.85225
            ],
            [
              174.768137,
              -36.8522387
            ],
            [
              174.7681325,
              -36.8522426
            ],
            [
              174.7681253,
              -36.8522504
            ],
            [
              174.7681015,
              -36.8522352
            ],
            [
              174.7679594,
              -36.852376
            ],
            [
              174.7675743,
              -36.8527575
            ],
            [
              174.7676952,
              -36.8527835
            ],
            [
              174.7678312,
              -36.8528761
            ],
            [
              174.7681515,
              -36.8525642
            ],
            [
              174.7683273,
              -36.8526694
            ],
            [
              174.7682646,
              -36.8527294
            ],
            [
              174.7684149,
              -36.852827
            ],
            [
              174.7684477,
              -36.8527956
            ]
          ]
        ]
      }
    },
    {
      "type": "Feature",
      "properties": {
        "id": "b-auk-0241",
        "building_id": "B-AUK-0241",
        "ulpin": "NZ-AUK-CBD-BL-000242-8",
        "name": "Glasshouse",
        "floors": 10,
        "height_m": 32.0,
        "base_elevation_msl": 7.5,
        "roof_elevation_msl": 39.5,
        "structure_type": "university",
        "centroid": [
          174.771477,
          -36.849686
        ]
      },
      "geometry": {
        "type": "Polygon",
        "coordinates": [
          [
            [
              174.77147,
              -36.849643
            ],
            [
              174.7714155,
              -36.8496762
            ],
            [
              174.7714869,
              -36.8497514
            ],
            [
              174.7715415,
              -36.8497182
            ],
            [
              174.77147,
              -36.849643
            ]
          ]
        ]
      }
    },
    {
      "type": "Feature",
      "properties": {
        "id": "b-auk-0242",
        "building_id": "B-AUK-0242",
        "ulpin": "NZ-AUK-CBD-BL-000243-8",
        "name": "Student Commons A-D",
        "floors": 4,
        "height_m": 12.8,
        "base_elevation_msl": 7.5,
        "roof_elevation_msl": 20.3,
        "structure_type": "university",
        "centroid": [
          174.769025,
          -36.85201
        ]
      },
      "geometry": {
        "type": "Polygon",
        "coordinates": [
          [
            [
              174.7691031,
              -36.8519279
            ],
            [
              174.7689456,
              -36.8520828
            ],
            [
              174.7689121,
              -36.852061
            ],
            [
              174.7687756,
              -36.8519721
            ],
            [
              174.7687645,
              -36.851983
            ],
            [
              174.7687518,
              -36.8519954
            ],
            [
              174.7688274,
              -36.8520447
            ],
            [
              174.7686716,
              -36.8521979
            ],
            [
              174.7687313,
              -36.8522368
            ],
            [
              174.7688201,
              -36.8522947
            ],
            [
              174.7688021,
              -36.8523124
            ],
            [
              174.7688459,
              -36.8523409
            ],
            [
              174.7688666,
              -36.8523205
            ],
            [
              174.7688996,
              -36.852342
            ],
            [
              174.7690518,
              -36.8521923
            ],
            [
              174.7689915,
              -36.8521528
            ],
            [
              174.7690043,
              -36.8521403
            ],
            [
              174.7690208,
              -36.8521241
            ],
            [
              174.7690787,
              -36.852162
            ],
            [
              174.7690897,
              -36.8521512
            ],
            [
              174.7692301,
              -36.852013
            ],
            [
              174.7691677,
              -36.8519737
            ],
            [
              174.7691828,
              -36.8519583
            ],
            [
              174.7691936,
              -36.8519473
            ],
            [
              174.7692008,
              -36.8519409
            ],
            [
              174.7693543,
              -36.8517899
            ],
            [
              174.7692808,
              -36.8517421
            ],
            [
              174.7692546,
              -36.8517679
            ],
            [
              174.7692123,
              -36.8517408
            ],
            [
              174.7691659,
              -36.8517101
            ],
            [
              174.7691917,
              -36.8516848
            ],
            [
              174.7691248,
              -36.8516413
            ],
            [
              174.7689682,
              -36.8517953
            ],
            [
              174.7690908,
              -36.8518751
            ],
            [
              174.7691306,
              -36.851901
            ],
            [
              174.7691151,
              -36.8519161
            ],
            [
              174.7691031,
              -36.8519279
            ]
          ]
        ]
      }
    },
    {
      "type": "Feature",
      "properties": {
        "id": "b-auk-0243",
        "building_id": "B-AUK-0243",
        "ulpin": "NZ-AUK-CBD-BL-000244-8",
        "name": "Student Commons E",
        "floors": 10,
        "height_m": 32.0,
        "base_elevation_msl": 7.5,
        "roof_elevation_msl": 39.5,
        "structure_type": "university",
        "centroid": [
          174.768614,
          -36.852075
        ]
      },
      "geometry": {
        "type": "Polygon",
        "coordinates": [
          [
            [
              174.7686716,
              -36.8521979
            ],
            [
              174.7688274,
              -36.8520447
            ],
            [
              174.7687518,
              -36.8519954
            ],
            [
              174.7687372,
              -36.8519827
            ],
            [
              174.7685705,
              -36.851869
            ],
            [
              174.7684592,
              -36.8519775
            ],
            [
              174.7684098,
              -36.8520257
            ],
            [
              174.7685402,
              -36.8521115
            ],
            [
              174.7685083,
              -36.8521414
            ],
            [
              174.7685933,
              -36.8521957
            ],
            [
              174.7686233,
              -36.8521661
            ],
            [
              174.7686716,
              -36.8521979
            ]
          ]
        ]
      }
    },
    {
      "type": "Feature",
      "properties": {
        "id": "b-auk-0245",
        "building_id": "B-AUK-0245",
        "ulpin": "NZ-AUK-CBD-BL-000246-8",
        "name": "BNZ Tower",
        "floors": 28,
        "height_m": 89.6,
        "base_elevation_msl": 7.5,
        "roof_elevation_msl": 97.1,
        "structure_type": "yes",
        "centroid": [
          174.765648,
          -36.84648
        ]
      },
      "geometry": {
        "type": "Polygon",
        "coordinates": [
          [
            [
              174.7655404,
              -36.8463753
            ],
            [
              174.7654839,
              -36.8465029
            ],
            [
              174.7655426,
              -36.8466042
            ],
            [
              174.7656728,
              -36.8466421
            ],
            [
              174.7658024,
              -36.846596
            ],
            [
              174.7658438,
              -36.8464932
            ],
            [
              174.7657856,
              -36.8463929
            ],
            [
              174.7656228,
              -36.8463426
            ],
            [
              174.7655404,
              -36.8463753
            ]
          ]
        ]
      }
    },
    {
      "type": "Feature",
      "properties": {
        "id": "b-auk-0246",
        "building_id": "B-AUK-0246",
        "ulpin": "NZ-AUK-CBD-BL-000247-8",
        "name": "205 Queen",
        "floors": 10,
        "height_m": 32.0,
        "base_elevation_msl": 7.5,
        "roof_elevation_msl": 39.5,
        "structure_type": "yes",
        "centroid": [
          174.764771,
          -36.849267
        ]
      },
      "geometry": {
        "type": "Polygon",
        "coordinates": [
          [
            [
              174.7649319,
              -36.8495825
            ],
            [
              174.7649676,
              -36.8494956
            ],
            [
              174.7650949,
              -36.849186
            ],
            [
              174.765097,
              -36.8491697
            ],
            [
              174.7650966,
              -36.8491549
            ],
            [
              174.7650906,
              -36.8491385
            ],
            [
              174.7650824,
              -36.8491249
            ],
            [
              174.7650685,
              -36.8491138
            ],
            [
              174.7650561,
              -36.8491061
            ],
            [
              174.7650406,
              -36.8491002
            ],
            [
              174.7650189,
              -36.8490898
            ],
            [
              174.7644859,
              -36.8489377
            ],
            [
              174.7644154,
              -36.8490893
            ],
            [
              174.7642809,
              -36.8493787
            ],
            [
              174.7642814,
              -36.849388
            ],
            [
              174.7642848,
              -36.8493962
            ],
            [
              174.764292,
              -36.8494026
            ],
            [
              174.7643053,
              -36.8494073
            ],
            [
              174.7645918,
              -36.8494874
            ],
            [
              174.7649319,
              -36.8495825
            ]
          ]
        ]
      }
    },
    {
      "type": "Feature",
      "properties": {
        "id": "b-auk-0248",
        "building_id": "B-AUK-0248",
        "ulpin": "NZ-AUK-CBD-BL-000249-8",
        "name": "QuBA",
        "floors": 10,
        "height_m": 32.0,
        "base_elevation_msl": 7.5,
        "roof_elevation_msl": 39.5,
        "structure_type": "yes",
        "centroid": [
          174.774161,
          -36.846242
        ]
      },
      "geometry": {
        "type": "Polygon",
        "coordinates": [
          [
            [
              174.7741298,
              -36.8466151
            ],
            [
              174.7742026,
              -36.8464324
            ],
            [
              174.774299,
              -36.8464581
            ],
            [
              174.7743861,
              -36.8462585
            ],
            [
              174.7744919,
              -36.8460161
            ],
            [
              174.7742455,
              -36.845954
            ],
            [
              174.7742254,
              -36.8459511
            ],
            [
              174.7741695,
              -36.8459363
            ],
            [
              174.7740128,
              -36.8458948
            ],
            [
              174.773871,
              -36.8462566
            ],
            [
              174.7737695,
              -36.8465157
            ],
            [
              174.7741298,
              -36.8466151
            ]
          ]
        ]
      }
    },
    {
      "type": "Feature",
      "properties": {
        "id": "b-auk-0249",
        "building_id": "B-AUK-0249",
        "ulpin": "NZ-AUK-CBD-BL-000250-8",
        "name": "The Docks",
        "floors": 9,
        "height_m": 28.8,
        "base_elevation_msl": 7.5,
        "roof_elevation_msl": 36.3,
        "structure_type": "apartments",
        "centroid": [
          174.774548,
          -36.845772
        ]
      },
      "geometry": {
        "type": "Polygon",
        "coordinates": [
          [
            [
              174.7744251,
              -36.8455801
            ],
            [
              174.7743438,
              -36.8455507
            ],
            [
              174.7743424,
              -36.8456128
            ],
            [
              174.7743136,
              -36.8456787
            ],
            [
              174.7744305,
              -36.8457071
            ],
            [
              174.7744061,
              -36.8457669
            ],
            [
              174.7743873,
              -36.8457613
            ],
            [
              174.7743675,
              -36.8458089
            ],
            [
              174.7743869,
              -36.8458131
            ],
            [
              174.7743763,
              -36.8458388
            ],
            [
              174.7742619,
              -36.8458078
            ],
            [
              174.7742445,
              -36.8458546
            ],
            [
              174.7749355,
              -36.8460359
            ],
            [
              174.774953,
              -36.8459781
            ],
            [
              174.7749095,
              -36.845964
            ],
            [
              174.7749475,
              -36.8458818
            ],
            [
              174.7747986,
              -36.845777
            ],
            [
              174.7747142,
              -36.8457478
            ],
            [
              174.7747005,
              -36.8458162
            ],
            [
              174.7747529,
              -36.8458327
            ],
            [
              174.7747125,
              -36.8459294
            ],
            [
              174.774522,
              -36.845868
            ],
            [
              174.7746064,
              -36.845663
            ],
            [
              174.774568,
              -36.8456341
            ],
            [
              174.77442,
              -36.8455949
            ],
            [
              174.7744251,
              -36.8455801
            ]
          ]
        ]
      }
    },
    {
      "type": "Feature",
      "properties": {
        "id": "b-auk-0251",
        "building_id": "B-AUK-0251",
        "ulpin": "NZ-AUK-CBD-BL-000252-8",
        "name": "Wherescape",
        "floors": 10,
        "height_m": 32.0,
        "base_elevation_msl": 7.5,
        "roof_elevation_msl": 39.5,
        "structure_type": "yes",
        "centroid": [
          174.774696,
          -36.846337
        ]
      },
      "geometry": {
        "type": "Polygon",
        "coordinates": [
          [
            [
              174.7749044,
              -36.8461132
            ],
            [
              174.7745903,
              -36.8460306
            ],
            [
              174.7743173,
              -36.8466668
            ],
            [
              174.7746453,
              -36.8467573
            ],
            [
              174.7748134,
              -36.8463394
            ],
            [
              174.7749044,
              -36.8461132
            ]
          ]
        ]
      }
    },
    {
      "type": "Feature",
      "properties": {
        "id": "b-auk-0252",
        "building_id": "B-AUK-0252",
        "ulpin": "NZ-AUK-CBD-BL-000253-8",
        "name": "The Docks",
        "floors": 8,
        "height_m": 25.6,
        "base_elevation_msl": 7.5,
        "roof_elevation_msl": 33.1,
        "structure_type": "apartments",
        "centroid": [
          174.773946,
          -36.845543
        ]
      },
      "geometry": {
        "type": "Polygon",
        "coordinates": [
          [
            [
              174.7735739,
              -36.8456839
            ],
            [
              174.774057,
              -36.8458088
            ],
            [
              174.7741828,
              -36.8458414
            ],
            [
              174.774203,
              -36.845793
            ],
            [
              174.7740875,
              -36.8457624
            ],
            [
              174.7742235,
              -36.8454362
            ],
            [
              174.7740445,
              -36.8453883
            ],
            [
              174.7740483,
              -36.8453759
            ],
            [
              174.7739744,
              -36.8453467
            ],
            [
              174.7739733,
              -36.8453568
            ],
            [
              174.7739677,
              -36.8454084
            ],
            [
              174.7739391,
              -36.8454712
            ],
            [
              174.77405,
              -36.845502
            ],
            [
              174.7739605,
              -36.8457278
            ],
            [
              174.7737372,
              -36.8456669
            ],
            [
              174.7738796,
              -36.8453322
            ],
            [
              174.7738166,
              -36.845316
            ],
            [
              174.7736874,
              -36.8454139
            ],
            [
              174.7735739,
              -36.8456839
            ]
          ]
        ]
      }
    },
    {
      "type": "Feature",
      "properties": {
        "id": "b-auk-0254",
        "building_id": "B-AUK-0254",
        "ulpin": "NZ-AUK-CBD-BL-000255-8",
        "name": "Lower Greys Avenue Flats",
        "floors": 10,
        "height_m": 32.0,
        "base_elevation_msl": 7.5,
        "roof_elevation_msl": 39.5,
        "structure_type": "apartments",
        "centroid": [
          174.760838,
          -36.854123
        ]
      },
      "geometry": {
        "type": "Polygon",
        "coordinates": [
          [
            [
              174.7611007,
              -36.8539806
            ],
            [
              174.7611378,
              -36.8540104
            ],
            [
              174.761292,
              -36.8538874
            ],
            [
              174.7612218,
              -36.853831
            ],
            [
              174.7610702,
              -36.8539519
            ],
            [
              174.7610156,
              -36.853908
            ],
            [
              174.7609469,
              -36.8539627
            ],
            [
              174.7609952,
              -36.8540014
            ],
            [
              174.7609738,
              -36.8540185
            ],
            [
              174.7609813,
              -36.8540245
            ],
            [
              174.7607639,
              -36.8541978
            ],
            [
              174.7605645,
              -36.8540377
            ],
            [
              174.7604948,
              -36.8540932
            ],
            [
              174.7605532,
              -36.8541402
            ],
            [
              174.7605466,
              -36.8541454
            ],
            [
              174.7605657,
              -36.8541607
            ],
            [
              174.7605601,
              -36.8541652
            ],
            [
              174.7606756,
              -36.854258
            ],
            [
              174.7606682,
              -36.8542639
            ],
            [
              174.7606747,
              -36.8542692
            ],
            [
              174.7605595,
              -36.854361
            ],
            [
              174.7604556,
              -36.8544439
            ],
            [
              174.7605351,
              -36.8545078
            ],
            [
              174.7607784,
              -36.8543139
            ],
            [
              174.7607311,
              -36.8542759
            ],
            [
              174.7607954,
              -36.8542246
            ],
            [
              174.7608324,
              -36.8542543
            ],
            [
              174.7610467,
              -36.8540834
            ],
            [
              174.7610527,
              -36.8540882
            ],
            [
              174.7610815,
              -36.8540652
            ],
            [
              174.7610382,
              -36.8540305
            ],
            [
              174.7611007,
              -36.8539806
            ]
          ]
        ]
      }
    },
    {
      "type": "Feature",
      "properties": {
        "id": "b-auk-0259",
        "building_id": "B-AUK-0259",
        "ulpin": "NZ-AUK-CBD-BL-000260-8",
        "name": "Parklane",
        "floors": 10,
        "height_m": 32.0,
        "base_elevation_msl": 7.5,
        "roof_elevation_msl": 39.5,
        "structure_type": "apartments",
        "centroid": [
          174.761324,
          -36.854501
        ]
      },
      "geometry": {
        "type": "Polygon",
        "coordinates": [
          [
            [
              174.7614527,
              -36.8545286
            ],
            [
              174.7614482,
              -36.8545252
            ],
            [
              174.7613573,
              -36.8544524
            ],
            [
              174.7612166,
              -36.8543395
            ],
            [
              174.7610516,
              -36.8544715
            ],
            [
              174.7612877,
              -36.8546605
            ],
            [
              174.7614527,
              -36.8545286
            ]
          ]
        ]
      }
    },
    {
      "type": "Feature",
      "properties": {
        "id": "b-auk-0260",
        "building_id": "B-AUK-0260",
        "ulpin": "NZ-AUK-CBD-BL-000261-8",
        "name": "South British Insurance Company Building",
        "floors": 8,
        "height_m": 25.6,
        "base_elevation_msl": 7.5,
        "roof_elevation_msl": 33.1,
        "structure_type": "yes",
        "centroid": [
          174.766611,
          -36.846649
        ]
      },
      "geometry": {
        "type": "Polygon",
        "coordinates": [
          [
            [
              174.7665203,
              -36.8465539
            ],
            [
              174.7664679,
              -36.8467209
            ],
            [
              174.7667554,
              -36.8467895
            ],
            [
              174.7667912,
              -36.846629
            ],
            [
              174.7665203,
              -36.8465539
            ]
          ]
        ]
      }
    },
    {
      "type": "Feature",
      "properties": {
        "id": "b-auk-0262",
        "building_id": "B-AUK-0262",
        "ulpin": "NZ-AUK-CBD-BL-000263-8",
        "name": "Blackett's Building",
        "floors": 4,
        "height_m": 12.8,
        "base_elevation_msl": 7.5,
        "roof_elevation_msl": 20.3,
        "structure_type": "yes",
        "centroid": [
          174.766268,
          -36.846546
        ]
      },
      "geometry": {
        "type": "Polygon",
        "coordinates": [
          [
            [
              174.7662142,
              -36.846502
            ],
            [
              174.766182,
              -36.8466178
            ],
            [
              174.7663488,
              -36.8466569
            ],
            [
              174.7663902,
              -36.8465185
            ],
            [
              174.7662588,
              -36.8464777
            ],
            [
              174.7662142,
              -36.846502
            ]
          ]
        ]
      }
    },
    {
      "type": "Feature",
      "properties": {
        "id": "b-auk-0266",
        "building_id": "B-AUK-0266",
        "ulpin": "NZ-AUK-CBD-BL-000267-8",
        "name": "Craig's Building",
        "floors": 3,
        "height_m": 9.6,
        "base_elevation_msl": 7.5,
        "roof_elevation_msl": 17.1,
        "structure_type": "yes",
        "centroid": [
          174.766276,
          -36.846746
        ]
      },
      "geometry": {
        "type": "Polygon",
        "coordinates": [
          [
            [
              174.7661541,
              -36.8466939
            ],
            [
              174.7661343,
              -36.8467601
            ],
            [
              174.7664371,
              -36.8468288
            ],
            [
              174.7664535,
              -36.8467667
            ],
            [
              174.7663209,
              -36.846733
            ],
            [
              174.7661541,
              -36.8466939
            ]
          ]
        ]
      }
    },
    {
      "type": "Feature",
      "properties": {
        "id": "b-auk-0267",
        "building_id": "B-AUK-0267",
        "ulpin": "NZ-AUK-CBD-BL-000268-8",
        "name": "Centrecourt",
        "floors": 7,
        "height_m": 22.4,
        "base_elevation_msl": 7.5,
        "roof_elevation_msl": 29.9,
        "structure_type": "construction",
        "centroid": [
          174.765533,
          -36.846777
        ]
      },
      "geometry": {
        "type": "Polygon",
        "coordinates": [
          [
            [
              174.7652606,
              -36.8465759
            ],
            [
              174.765182,
              -36.8467404
            ],
            [
              174.765493,
              -36.8468412
            ],
            [
              174.7654695,
              -36.8468962
            ],
            [
              174.7654608,
              -36.8469166
            ],
            [
              174.7657693,
              -36.8470057
            ],
            [
              174.7658524,
              -36.8467503
            ],
            [
              174.7658305,
              -36.8467438
            ],
            [
              174.7657512,
              -36.8467205
            ],
            [
              174.7652606,
              -36.8465759
            ]
          ]
        ]
      }
    },
    {
      "type": "Feature",
      "properties": {
        "id": "b-auk-0269",
        "building_id": "B-AUK-0269",
        "ulpin": "NZ-AUK-CBD-BL-000270-8",
        "name": "Te K\u014dhanga Reo o Hineteiwaiwa",
        "floors": 10,
        "height_m": 32.0,
        "base_elevation_msl": 7.5,
        "roof_elevation_msl": 39.5,
        "structure_type": "university",
        "centroid": [
          174.773012,
          -36.851849
        ]
      },
      "geometry": {
        "type": "Polygon",
        "coordinates": [
          [
            [
              174.7730339,
              -36.8518018
            ],
            [
              174.7729314,
              -36.8518054
            ],
            [
              174.772934,
              -36.851852
            ],
            [
              174.7729171,
              -36.8518526
            ],
            [
              174.7729198,
              -36.8519013
            ],
            [
              174.7729366,
              -36.8519007
            ],
            [
              174.7729383,
              -36.8519303
            ],
            [
              174.773113,
              -36.8519241
            ],
            [
              174.7731092,
              -36.8518562
            ],
            [
              174.7731372,
              -36.8518336
            ],
            [
              174.7730821,
              -36.8517919
            ],
            [
              174.7730522,
              -36.8518153
            ],
            [
              174.7730346,
              -36.8518144
            ],
            [
              174.7730339,
              -36.8518018
            ]
          ]
        ]
      }
    },
    {
      "type": "Feature",
      "properties": {
        "id": "b-auk-0271",
        "building_id": "B-AUK-0271",
        "ulpin": "NZ-AUK-CBD-BL-000272-8",
        "name": "8 Grafton Road",
        "floors": 10,
        "height_m": 32.0,
        "base_elevation_msl": 7.5,
        "roof_elevation_msl": 39.5,
        "structure_type": "university",
        "centroid": [
          174.770911,
          -36.85239
        ]
      },
      "geometry": {
        "type": "Polygon",
        "coordinates": [
          [
            [
              174.7709628,
              -36.852313
            ],
            [
              174.7707394,
              -36.8523297
            ],
            [
              174.7707539,
              -36.8524589
            ],
            [
              174.7708547,
              -36.8524516
            ],
            [
              174.7709058,
              -36.8524479
            ],
            [
              174.7709043,
              -36.8524342
            ],
            [
              174.7710317,
              -36.8524251
            ],
            [
              174.7710245,
              -36.8523608
            ],
            [
              174.7709686,
              -36.8523649
            ],
            [
              174.7709628,
              -36.852313
            ]
          ]
        ]
      }
    },
    {
      "type": "Feature",
      "properties": {
        "id": "b-auk-0272",
        "building_id": "B-AUK-0272",
        "ulpin": "NZ-AUK-CBD-BL-000273-8",
        "name": "M\u0101ori Research",
        "floors": 10,
        "height_m": 32.0,
        "base_elevation_msl": 7.5,
        "roof_elevation_msl": 39.5,
        "structure_type": "university",
        "centroid": [
          174.772301,
          -36.851928
        ]
      },
      "geometry": {
        "type": "Polygon",
        "coordinates": [
          [
            [
              174.7722095,
              -36.8519039
            ],
            [
              174.7722934,
              -36.8519674
            ],
            [
              174.7723072,
              -36.8519557
            ],
            [
              174.7723611,
              -36.8519965
            ],
            [
              174.7724308,
              -36.8519377
            ],
            [
              174.772293,
              -36.8518333
            ],
            [
              174.7722095,
              -36.8519039
            ]
          ]
        ]
      }
    },
    {
      "type": "Feature",
      "properties": {
        "id": "b-auk-0273",
        "building_id": "B-AUK-0273",
        "ulpin": "NZ-AUK-CBD-BL-000274-8",
        "name": "Te Ruawaihanga",
        "floors": 10,
        "height_m": 32.0,
        "base_elevation_msl": 7.5,
        "roof_elevation_msl": 39.5,
        "structure_type": "university",
        "centroid": [
          174.772384,
          -36.852049
        ]
      },
      "geometry": {
        "type": "Polygon",
        "coordinates": [
          [
            [
              174.7723385,
              -36.85202
            ],
            [
              174.7722681,
              -36.852075
            ],
            [
              174.7723758,
              -36.8521633
            ],
            [
              174.7725342,
              -36.8520396
            ],
            [
              174.7724596,
              -36.8519783
            ],
            [
              174.7723715,
              -36.8520471
            ],
            [
              174.7723385,
              -36.85202
            ]
          ]
        ]
      }
    },
    {
      "type": "Feature",
      "properties": {
        "id": "b-auk-0274",
        "building_id": "B-AUK-0274",
        "ulpin": "NZ-AUK-CBD-BL-000275-8",
        "name": "Myrtle Millar Cottage",
        "floors": 2,
        "height_m": 6.4,
        "base_elevation_msl": 7.5,
        "roof_elevation_msl": 13.9,
        "structure_type": "university",
        "centroid": [
          174.773101,
          -36.851997
        ]
      },
      "geometry": {
        "type": "Polygon",
        "coordinates": [
          [
            [
              174.7730797,
              -36.8519651
            ],
            [
              174.7730802,
              -36.8519826
            ],
            [
              174.7730594,
              -36.851983
            ],
            [
              174.7730602,
              -36.8520136
            ],
            [
              174.773092,
              -36.852013
            ],
            [
              174.7730929,
              -36.8520437
            ],
            [
              174.7731843,
              -36.852042
            ],
            [
              174.7731821,
              -36.8519632
            ],
            [
              174.7730797,
              -36.8519651
            ]
          ]
        ]
      }
    },
    {
      "type": "Feature",
      "properties": {
        "id": "b-auk-0276",
        "building_id": "B-AUK-0276",
        "ulpin": "NZ-AUK-CBD-BL-000277-8",
        "name": "Queens Square Residences",
        "floors": 16,
        "height_m": 51.2,
        "base_elevation_msl": 7.5,
        "roof_elevation_msl": 58.7,
        "structure_type": "apartments",
        "centroid": [
          174.763362,
          -36.854805
        ]
      },
      "geometry": {
        "type": "Polygon",
        "coordinates": [
          [
            [
              174.7635538,
              -36.8549849
            ],
            [
              174.7636743,
              -36.8547079
            ],
            [
              174.7630709,
              -36.8545399
            ],
            [
              174.7629562,
              -36.8548064
            ],
            [
              174.7635538,
              -36.8549849
            ]
          ]
        ]
      }
    },
    {
      "type": "Feature",
      "properties": {
        "id": "b-auk-0277",
        "building_id": "B-AUK-0277",
        "ulpin": "NZ-AUK-CBD-BL-000278-8",
        "name": "Airedale Exchange",
        "floors": 11,
        "height_m": 35.2,
        "base_elevation_msl": 7.5,
        "roof_elevation_msl": 42.7,
        "structure_type": "yes",
        "centroid": [
          174.764672,
          -36.855127
        ]
      },
      "geometry": {
        "type": "Polygon",
        "coordinates": [
          [
            [
              174.7649084,
              -36.855331
            ],
            [
              174.764903,
              -36.855321
            ],
            [
              174.7648538,
              -36.8552358
            ],
            [
              174.7647088,
              -36.8549767
            ],
            [
              174.7646341,
              -36.8550037
            ],
            [
              174.7646198,
              -36.8549782
            ],
            [
              174.7646351,
              -36.8549727
            ],
            [
              174.764608,
              -36.8549245
            ],
            [
              174.7644528,
              -36.8549804
            ],
            [
              174.764497,
              -36.855059
            ],
            [
              174.7644073,
              -36.8550913
            ],
            [
              174.7646041,
              -36.8554407
            ],
            [
              174.7649084,
              -36.855331
            ]
          ]
        ]
      }
    },
    {
      "type": "Feature",
      "properties": {
        "id": "b-auk-0278",
        "building_id": "B-AUK-0278",
        "ulpin": "NZ-AUK-CBD-BL-000279-8",
        "name": "Spark Data Centre",
        "floors": 10,
        "height_m": 32.0,
        "base_elevation_msl": 7.5,
        "roof_elevation_msl": 39.5,
        "structure_type": "yes",
        "centroid": [
          174.764486,
          -36.854764
        ]
      },
      "geometry": {
        "type": "Polygon",
        "coordinates": [
          [
            [
              174.7645234,
              -36.8546623
            ],
            [
              174.7643392,
              -36.8547281
            ],
            [
              174.7642564,
              -36.8547577
            ],
            [
              174.7643479,
              -36.8549216
            ],
            [
              174.764378,
              -36.8549109
            ],
            [
              174.7646133,
              -36.8548268
            ],
            [
              174.7645756,
              -36.8547592
            ],
            [
              174.7646239,
              -36.8547419
            ],
            [
              174.7646044,
              -36.854707
            ],
            [
              174.7645577,
              -36.8547237
            ],
            [
              174.7645234,
              -36.8546623
            ]
          ]
        ]
      }
    },
    {
      "type": "Feature",
      "properties": {
        "id": "b-auk-0279",
        "building_id": "B-AUK-0279",
        "ulpin": "NZ-AUK-CBD-BL-000280-8",
        "name": "Volt Apartments",
        "floors": 17,
        "height_m": 54.4,
        "base_elevation_msl": 7.5,
        "roof_elevation_msl": 61.9,
        "structure_type": "apartments",
        "centroid": [
          174.763524,
          -36.854439
        ]
      },
      "geometry": {
        "type": "Polygon",
        "coordinates": [
          [
            [
              174.7631247,
              -36.8544183
            ],
            [
              174.7632699,
              -36.8545293
            ],
            [
              174.7637248,
              -36.8546512
            ],
            [
              174.7637685,
              -36.8545467
            ],
            [
              174.7637288,
              -36.854536
            ],
            [
              174.7637659,
              -36.8545223
            ],
            [
              174.7638535,
              -36.8544898
            ],
            [
              174.7636262,
              -36.8540975
            ],
            [
              174.7634865,
              -36.8541493
            ],
            [
              174.7637,
              -36.8545181
            ],
            [
              174.7636928,
              -36.8545336
            ],
            [
              174.7633004,
              -36.8544172
            ],
            [
              174.7631743,
              -36.8543206
            ],
            [
              174.7631247,
              -36.8544183
            ]
          ]
        ]
      }
    },
    {
      "type": "Feature",
      "properties": {
        "id": "b-auk-0282",
        "building_id": "B-AUK-0282",
        "ulpin": "NZ-AUK-CBD-BL-000283-8",
        "name": "Harvard 147",
        "floors": 10,
        "height_m": 32.0,
        "base_elevation_msl": 7.5,
        "roof_elevation_msl": 39.5,
        "structure_type": "apartments",
        "centroid": [
          174.759846,
          -36.850991
        ]
      },
      "geometry": {
        "type": "Polygon",
        "coordinates": [
          [
            [
              174.7601069,
              -36.8511214
            ],
            [
              174.7601808,
              -36.8510067
            ],
            [
              174.760136,
              -36.8509942
            ],
            [
              174.7595543,
              -36.8508314
            ],
            [
              174.7595268,
              -36.8509006
            ],
            [
              174.759505,
              -36.8509564
            ],
            [
              174.7596497,
              -36.8509967
            ],
            [
              174.7601069,
              -36.8511214
            ]
          ]
        ]
      }
    },
    {
      "type": "Feature",
      "properties": {
        "id": "b-auk-0283",
        "building_id": "B-AUK-0283",
        "ulpin": "NZ-AUK-CBD-BL-000284-8",
        "name": "Hotel Grand Chancellor",
        "floors": 12,
        "height_m": 38.4,
        "base_elevation_msl": 7.5,
        "roof_elevation_msl": 45.9,
        "structure_type": "yes",
        "centroid": [
          174.75979,
          -36.849815
        ]
      },
      "geometry": {
        "type": "Polygon",
        "coordinates": [
          [
            [
              174.7597337,
              -36.8496594
            ],
            [
              174.7596684,
              -36.8498015
            ],
            [
              174.7598621,
              -36.8498586
            ],
            [
              174.7598379,
              -36.8499112
            ],
            [
              174.7596499,
              -36.8498558
            ],
            [
              174.7596122,
              -36.8499378
            ],
            [
              174.7598971,
              -36.8500217
            ],
            [
              174.7600243,
              -36.849745
            ],
            [
              174.75988,
              -36.8497025
            ],
            [
              174.7597337,
              -36.8496594
            ]
          ]
        ]
      }
    },
    {
      "type": "Feature",
      "properties": {
        "id": "b-auk-0284",
        "building_id": "B-AUK-0284",
        "ulpin": "NZ-AUK-CBD-BL-000285-8",
        "name": "Saint Matthew-in-the-City",
        "floors": 10,
        "height_m": 32.0,
        "base_elevation_msl": 7.5,
        "roof_elevation_msl": 39.5,
        "structure_type": "church",
        "centroid": [
          174.761307,
          -36.85027
        ]
      },
      "geometry": {
        "type": "Polygon",
        "coordinates": [
          [
            [
              174.7614162,
              -36.8503907
            ],
            [
              174.7614247,
              -36.8503712
            ],
            [
              174.7614524,
              -36.8503078
            ],
            [
              174.7614607,
              -36.8502889
            ],
            [
              174.7614381,
              -36.8502826
            ],
            [
              174.7614023,
              -36.8502725
            ],
            [
              174.7614102,
              -36.8502544
            ],
            [
              174.7614203,
              -36.8502599
            ],
            [
              174.7614326,
              -36.8502627
            ],
            [
              174.7614454,
              -36.8502624
            ],
            [
              174.7614574,
              -36.8502591
            ],
            [
              174.7614676,
              -36.8502532
            ],
            [
              174.7614752,
              -36.850245
            ],
            [
              174.7614794,
              -36.8502355
            ],
            [
              174.76148,
              -36.8502254
            ],
            [
              174.7614767,
              -36.8502155
            ],
            [
              174.7614699,
              -36.8502068
            ],
            [
              174.76146,
              -36.8502001
            ],
            [
              174.7614479,
              -36.8501961
            ],
            [
              174.761436,
              -36.8501955
            ],
            [
              174.7614383,
              -36.8501902
            ],
            [
              174.7613981,
              -36.850179
            ],
            [
              174.7613064,
              -36.8501534
            ],
            [
              174.7612942,
              -36.8501814
            ],
            [
              174.7610917,
              -36.8501248
            ],
            [
              174.7610826,
              -36.8501456
            ],
            [
              174.7610215,
              -36.8501285
            ],
            [
              174.761007,
              -36.8501619
            ],
            [
              174.7609795,
              -36.8501542
            ],
            [
              174.760935,
              -36.8502559
            ],
            [
              174.7609625,
              -36.8502636
            ],
            [
              174.7609471,
              -36.8502989
            ],
            [
              174.7610097,
              -36.8503164
            ],
            [
              174.761001,
              -36.8503363
            ],
            [
              174.7612019,
              -36.8503925
            ],
            [
              174.761191,
              -36.8504176
            ],
            [
              174.7612826,
              -36.8504433
            ],
            [
              174.7612907,
              -36.8504248
            ],
            [
              174.7613309,
              -36.850436
            ],
            [
              174.7613579,
              -36.8503743
            ],
            [
              174.761394,
              -36.8503844
            ],
            [
              174.7614162,
              -36.8503907
            ]
          ]
        ]
      }
    },
    {
      "type": "Feature",
      "properties": {
        "id": "b-auk-0285",
        "building_id": "B-AUK-0285",
        "ulpin": "NZ-AUK-CBD-BL-000286-8",
        "name": "Wilson Parking",
        "floors": 5,
        "height_m": 16.0,
        "base_elevation_msl": 7.5,
        "roof_elevation_msl": 23.5,
        "structure_type": "yes",
        "centroid": [
          174.761218,
          -36.850575
        ]
      },
      "geometry": {
        "type": "Polygon",
        "coordinates": [
          [
            [
              174.7610975,
              -36.8504324
            ],
            [
              174.7610155,
              -36.8506123
            ],
            [
              174.7610032,
              -36.8506392
            ],
            [
              174.7613886,
              -36.8507483
            ],
            [
              174.7614437,
              -36.8506213
            ],
            [
              174.7614798,
              -36.850538
            ],
            [
              174.7610975,
              -36.8504324
            ]
          ]
        ]
      }
    },
    {
      "type": "Feature",
      "properties": {
        "id": "b-auk-0289",
        "building_id": "B-AUK-0289",
        "ulpin": "NZ-AUK-CBD-BL-000290-8",
        "name": "Grand Millennium Auckland",
        "floors": 14,
        "height_m": 44.8,
        "base_elevation_msl": 7.5,
        "roof_elevation_msl": 52.3,
        "structure_type": "commercial",
        "centroid": [
          174.760835,
          -36.852967
        ]
      },
      "geometry": {
        "type": "Polygon",
        "coordinates": [
          [
            [
              174.7602852,
              -36.8531011
            ],
            [
              174.7603789,
              -36.8531724
            ],
            [
              174.7603957,
              -36.8531503
            ],
            [
              174.7605584,
              -36.8532546
            ],
            [
              174.7605891,
              -36.8532252
            ],
            [
              174.7609307,
              -36.8534085
            ],
            [
              174.7612304,
              -36.8530817
            ],
            [
              174.7611822,
              -36.8530569
            ],
            [
              174.7611349,
              -36.8530305
            ],
            [
              174.7611263,
              -36.8530257
            ],
            [
              174.7611354,
              -36.853009
            ],
            [
              174.7611492,
              -36.8529747
            ],
            [
              174.7611538,
              -36.8529452
            ],
            [
              174.7611569,
              -36.8529206
            ],
            [
              174.7611507,
              -36.8528813
            ],
            [
              174.7611265,
              -36.8528222
            ],
            [
              174.7610937,
              -36.852769
            ],
            [
              174.7610212,
              -36.8526686
            ],
            [
              174.7609727,
              -36.8526014
            ],
            [
              174.7608998,
              -36.8525709
            ],
            [
              174.7607199,
              -36.8524857
            ],
            [
              174.7603927,
              -36.8529562
            ],
            [
              174.7604172,
              -36.8529685
            ],
            [
              174.7603943,
              -36.8529919
            ],
            [
              174.7602852,
              -36.8531011
            ]
          ]
        ]
      }
    },
    {
      "type": "Feature",
      "properties": {
        "id": "b-auk-0290",
        "building_id": "B-AUK-0290",
        "ulpin": "NZ-AUK-CBD-BL-000291-8",
        "name": "The Vincent",
        "floors": 15,
        "height_m": 48.0,
        "base_elevation_msl": 7.5,
        "roof_elevation_msl": 55.5,
        "structure_type": "apartments",
        "centroid": [
          174.760397,
          -36.853392
        ]
      },
      "geometry": {
        "type": "Polygon",
        "coordinates": [
          [
            [
              174.7601635,
              -36.8533469
            ],
            [
              174.7602023,
              -36.8534293
            ],
            [
              174.7602365,
              -36.8534445
            ],
            [
              174.7602242,
              -36.8534623
            ],
            [
              174.7602716,
              -36.8534833
            ],
            [
              174.7603261,
              -36.8535073
            ],
            [
              174.7603409,
              -36.8534858
            ],
            [
              174.7603849,
              -36.8535053
            ],
            [
              174.7604515,
              -36.8534953
            ],
            [
              174.7604746,
              -36.8534603
            ],
            [
              174.7604991,
              -36.8534707
            ],
            [
              174.760516,
              -36.8534451
            ],
            [
              174.7605352,
              -36.8534532
            ],
            [
              174.7605692,
              -36.8534018
            ],
            [
              174.7605501,
              -36.8533937
            ],
            [
              174.7605691,
              -36.8533649
            ],
            [
              174.7605263,
              -36.8533468
            ],
            [
              174.7605461,
              -36.8533168
            ],
            [
              174.7605043,
              -36.8532991
            ],
            [
              174.7605105,
              -36.8532897
            ],
            [
              174.7603536,
              -36.8532236
            ],
            [
              174.7603482,
              -36.8532318
            ],
            [
              174.7602628,
              -36.8531958
            ],
            [
              174.7601635,
              -36.8533469
            ]
          ]
        ]
      }
    },
    {
      "type": "Feature",
      "properties": {
        "id": "b-auk-0291",
        "building_id": "B-AUK-0291",
        "ulpin": "NZ-AUK-CBD-BL-000292-8",
        "name": "VR Auckland City",
        "floors": 10,
        "height_m": 32.0,
        "base_elevation_msl": 7.5,
        "roof_elevation_msl": 39.5,
        "structure_type": "yes",
        "centroid": [
          174.759965,
          -36.852262
        ]
      },
      "geometry": {
        "type": "Polygon",
        "coordinates": [
          [
            [
              174.7601195,
              -36.8521822
            ],
            [
              174.759916,
              -36.8520984
            ],
            [
              174.7597343,
              -36.8523812
            ],
            [
              174.7599359,
              -36.8524635
            ],
            [
              174.7601195,
              -36.8521822
            ]
          ]
        ]
      }
    },
    {
      "type": "Feature",
      "properties": {
        "id": "b-auk-0292",
        "building_id": "B-AUK-0292",
        "ulpin": "NZ-AUK-CBD-BL-000293-8",
        "name": "Fiore on Hobson 1",
        "floors": 16,
        "height_m": 51.2,
        "base_elevation_msl": 7.5,
        "roof_elevation_msl": 58.7,
        "structure_type": "apartments",
        "centroid": [
          174.760645,
          -36.851353
        ]
      },
      "geometry": {
        "type": "Polygon",
        "coordinates": [
          [
            [
              174.7604136,
              -36.8511607
            ],
            [
              174.76027,
              -36.8513792
            ],
            [
              174.7604617,
              -36.8514359
            ],
            [
              174.7604778,
              -36.851401
            ],
            [
              174.7606986,
              -36.8514663
            ],
            [
              174.7606859,
              -36.8514937
            ],
            [
              174.760762,
              -36.8515162
            ],
            [
              174.7607716,
              -36.8514954
            ],
            [
              174.7607581,
              -36.8514914
            ],
            [
              174.7607858,
              -36.8514316
            ],
            [
              174.760735,
              -36.8514166
            ],
            [
              174.7607523,
              -36.851379
            ],
            [
              174.7608122,
              -36.8513967
            ],
            [
              174.7608589,
              -36.8512956
            ],
            [
              174.7607506,
              -36.8512636
            ],
            [
              174.7607403,
              -36.851286
            ],
            [
              174.7607178,
              -36.8512793
            ],
            [
              174.7605854,
              -36.851238
            ],
            [
              174.7605415,
              -36.851225
            ],
            [
              174.7605518,
              -36.8512026
            ],
            [
              174.7604136,
              -36.8511607
            ]
          ]
        ]
      }
    },
    {
      "type": "Feature",
      "properties": {
        "id": "b-auk-0293",
        "building_id": "B-AUK-0293",
        "ulpin": "NZ-AUK-CBD-BL-000294-8",
        "name": "Fiore Hobson 2",
        "floors": 16,
        "height_m": 51.2,
        "base_elevation_msl": 7.5,
        "roof_elevation_msl": 58.7,
        "structure_type": "apartments",
        "centroid": [
          174.760349,
          -36.85152
        ]
      },
      "geometry": {
        "type": "Polygon",
        "coordinates": [
          [
            [
              174.7602655,
              -36.851387
            ],
            [
              174.7601706,
              -36.8515397
            ],
            [
              174.760303,
              -36.8515787
            ],
            [
              174.7602796,
              -36.8516379
            ],
            [
              174.760385,
              -36.8516669
            ],
            [
              174.7604347,
              -36.8515505
            ],
            [
              174.7603857,
              -36.8515375
            ],
            [
              174.76041,
              -36.8514873
            ],
            [
              174.7604593,
              -36.8515011
            ],
            [
              174.7604852,
              -36.8514446
            ],
            [
              174.7602655,
              -36.851387
            ]
          ]
        ]
      }
    },
    {
      "type": "Feature",
      "properties": {
        "id": "b-auk-0294",
        "building_id": "B-AUK-0294",
        "ulpin": "NZ-AUK-CBD-BL-000295-8",
        "name": "Imperial Gardens Apartments",
        "floors": 10,
        "height_m": 32.0,
        "base_elevation_msl": 7.5,
        "roof_elevation_msl": 39.5,
        "structure_type": "apartments",
        "centroid": [
          174.760052,
          -36.850433
        ]
      },
      "geometry": {
        "type": "Polygon",
        "coordinates": [
          [
            [
              174.7597399,
              -36.8503871
            ],
            [
              174.7597002,
              -36.8504711
            ],
            [
              174.760329,
              -36.8506446
            ],
            [
              174.7604516,
              -36.8503482
            ],
            [
              174.7602432,
              -36.8502883
            ],
            [
              174.7601575,
              -36.850508
            ],
            [
              174.7597399,
              -36.8503871
            ]
          ]
        ]
      }
    },
    {
      "type": "Feature",
      "properties": {
        "id": "b-auk-0295",
        "building_id": "B-AUK-0295",
        "ulpin": "NZ-AUK-CBD-BL-000296-8",
        "name": "Victopia",
        "floors": 10,
        "height_m": 32.0,
        "base_elevation_msl": 7.5,
        "roof_elevation_msl": 39.5,
        "structure_type": "apartments",
        "centroid": [
          174.760606,
          -36.847386
        ]
      },
      "geometry": {
        "type": "Polygon",
        "coordinates": [
          [
            [
              174.7603458,
              -36.8474821
            ],
            [
              174.7606402,
              -36.8475673
            ],
            [
              174.7606547,
              -36.8475352
            ],
            [
              174.760692,
              -36.847546
            ],
            [
              174.7607702,
              -36.8473728
            ],
            [
              174.7607496,
              -36.8473669
            ],
            [
              174.7607661,
              -36.8473304
            ],
            [
              174.7606725,
              -36.8473033
            ],
            [
              174.7606833,
              -36.8472796
            ],
            [
              174.7605596,
              -36.8472438
            ],
            [
              174.7605493,
              -36.8472667
            ],
            [
              174.7604554,
              -36.8472395
            ],
            [
              174.7603458,
              -36.8474821
            ]
          ]
        ]
      }
    },
    {
      "type": "Feature",
      "properties": {
        "id": "b-auk-0297",
        "building_id": "B-AUK-0297",
        "ulpin": "NZ-AUK-CBD-BL-000298-8",
        "name": "H47 Apartments",
        "floors": 10,
        "height_m": 32.0,
        "base_elevation_msl": 7.5,
        "roof_elevation_msl": 39.5,
        "structure_type": "apartments",
        "centroid": [
          174.761618,
          -36.847066
        ]
      },
      "geometry": {
        "type": "Polygon",
        "coordinates": [
          [
            [
              174.7614211,
              -36.8469625
            ],
            [
              174.7613398,
              -36.847146
            ],
            [
              174.7618269,
              -36.8472842
            ],
            [
              174.7619163,
              -36.8470825
            ],
            [
              174.7617901,
              -36.8470467
            ],
            [
              174.7617707,
              -36.8470905
            ],
            [
              174.7615326,
              -36.847023
            ],
            [
              174.761544,
              -36.8469974
            ],
            [
              174.7614211,
              -36.8469625
            ]
          ]
        ]
      }
    },
    {
      "type": "Feature",
      "properties": {
        "id": "b-auk-0298",
        "building_id": "B-AUK-0298",
        "ulpin": "NZ-AUK-CBD-BL-000299-8",
        "name": "Alpha Apartments",
        "floors": 16,
        "height_m": 51.2,
        "base_elevation_msl": 7.5,
        "roof_elevation_msl": 58.7,
        "structure_type": "apartments",
        "centroid": [
          174.760718,
          -36.847164
        ]
      },
      "geometry": {
        "type": "Polygon",
        "coordinates": [
          [
            [
              174.7605521,
              -36.847032
            ],
            [
              174.7604822,
              -36.847183
            ],
            [
              174.7605558,
              -36.8472048
            ],
            [
              174.7605733,
              -36.84721
            ],
            [
              174.7608767,
              -36.8472999
            ],
            [
              174.7608808,
              -36.8472911
            ],
            [
              174.7609112,
              -36.8472255
            ],
            [
              174.7609437,
              -36.8471552
            ],
            [
              174.7608257,
              -36.8471202
            ],
            [
              174.7608036,
              -36.847168
            ],
            [
              174.7606748,
              -36.8471298
            ],
            [
              174.7606998,
              -36.8470758
            ],
            [
              174.7605521,
              -36.847032
            ]
          ]
        ]
      }
    },
    {
      "type": "Feature",
      "properties": {
        "id": "b-auk-0299",
        "building_id": "B-AUK-0299",
        "ulpin": "NZ-AUK-CBD-BL-000300-8",
        "name": "Hudson Brown Apartments",
        "floors": 10,
        "height_m": 32.0,
        "base_elevation_msl": 7.5,
        "roof_elevation_msl": 39.5,
        "structure_type": "apartments",
        "centroid": [
          174.775186,
          -36.847521
        ]
      },
      "geometry": {
        "type": "Polygon",
        "coordinates": [
          [
            [
              174.7757333,
              -36.8474611
            ],
            [
              174.7751412,
              -36.8474632
            ],
            [
              174.7750674,
              -36.8474648
            ],
            [
              174.7750676,
              -36.8474835
            ],
            [
              174.7750689,
              -36.8475516
            ],
            [
              174.7751501,
              -36.8475511
            ],
            [
              174.7751711,
              -36.847551
            ],
            [
              174.7754314,
              -36.8475493
            ],
            [
              174.7754518,
              -36.8475492
            ],
            [
              174.775587,
              -36.8475478
            ],
            [
              174.7755885,
              -36.8476042
            ],
            [
              174.7754508,
              -36.8476065
            ],
            [
              174.7754313,
              -36.8476075
            ],
            [
              174.7751699,
              -36.8476211
            ],
            [
              174.77515,
              -36.8476222
            ],
            [
              174.7749783,
              -36.8476328
            ],
            [
              174.7747148,
              -36.84721
            ],
            [
              174.7746434,
              -36.8472355
            ],
            [
              174.7746134,
              -36.8471895
            ],
            [
              174.7745965,
              -36.8471636
            ],
            [
              174.7745451,
              -36.8471825
            ],
            [
              174.7746271,
              -36.8473116
            ],
            [
              174.7746413,
              -36.8473074
            ],
            [
              174.7747915,
              -36.8475481
            ],
            [
              174.7747755,
              -36.8475535
            ],
            [
              174.7747904,
              -36.8475825
            ],
            [
              174.7748096,
              -36.8475772
            ],
            [
              174.7748514,
              -36.8476442
            ],
            [
              174.774865,
              -36.8476466
            ],
            [
              174.774871,
              -36.8477073
            ],
            [
              174.7748778,
              -36.8477165
            ],
            [
              174.7754766,
              -36.8476821
            ],
            [
              174.7756565,
              -36.8476782
            ],
            [
              174.7756547,
              -36.847663
            ],
            [
              174.7757391,
              -36.8476614
            ],
            [
              174.7757383,
              -36.8476323
            ],
            [
              174.7757492,
              -36.8476317
            ],
            [
              174.7757482,
              -36.8475221
            ],
            [
              174.7757478,
              -36.8474824
            ],
            [
              174.775734,
              -36.8474846
            ],
            [
              174.7757333,
              -36.8474611
            ]
          ]
        ]
      }
    },
    {
      "type": "Feature",
      "properties": {
        "id": "b-auk-0300",
        "building_id": "B-AUK-0300",
        "ulpin": "NZ-AUK-CBD-BL-000301-8",
        "name": "Hudson Brown Apartments",
        "floors": 10,
        "height_m": 32.0,
        "base_elevation_msl": 7.5,
        "roof_elevation_msl": 39.5,
        "structure_type": "apartments",
        "centroid": [
          174.775623,
          -36.847265
        ]
      },
      "geometry": {
        "type": "Polygon",
        "coordinates": [
          [
            [
              174.7758034,
              -36.8473478
            ],
            [
              174.775828,
              -36.8472932
            ],
            [
              174.7758127,
              -36.8472945
            ],
            [
              174.7758078,
              -36.8472625
            ],
            [
              174.7758644,
              -36.8472558
            ],
            [
              174.7758576,
              -36.8472094
            ],
            [
              174.7758531,
              -36.8471757
            ],
            [
              174.7758484,
              -36.8471457
            ],
            [
              174.7757863,
              -36.8471486
            ],
            [
              174.7757913,
              -36.8471871
            ],
            [
              174.775735,
              -36.8471939
            ],
            [
              174.7757376,
              -36.8472153
            ],
            [
              174.7752525,
              -36.8472656
            ],
            [
              174.7749563,
              -36.8472533
            ],
            [
              174.7749469,
              -36.8473853
            ],
            [
              174.7752438,
              -36.8473977
            ],
            [
              174.7752879,
              -36.8473971
            ],
            [
              174.7758034,
              -36.8473478
            ]
          ]
        ]
      }
    },
    {
      "type": "Feature",
      "properties": {
        "id": "b-auk-0301",
        "building_id": "B-AUK-0301",
        "ulpin": "NZ-AUK-CBD-BL-000302-8",
        "name": "Bank of New Zealand",
        "floors": 10,
        "height_m": 32.0,
        "base_elevation_msl": 7.5,
        "roof_elevation_msl": 39.5,
        "structure_type": "yes",
        "centroid": [
          174.775317,
          -36.846265
        ]
      },
      "geometry": {
        "type": "Polygon",
        "coordinates": [
          [
            [
              174.7752352,
              -36.846033
            ],
            [
              174.7751531,
              -36.8460613
            ],
            [
              174.7749838,
              -36.8465474
            ],
            [
              174.7750367,
              -36.8466249
            ],
            [
              174.7753058,
              -36.8466052
            ],
            [
              174.7754452,
              -36.8462753
            ],
            [
              174.7754115,
              -36.8462655
            ],
            [
              174.7754192,
              -36.8462474
            ],
            [
              174.7754261,
              -36.8462492
            ],
            [
              174.7754306,
              -36.8462382
            ],
            [
              174.7754433,
              -36.8462068
            ],
            [
              174.7754539,
              -36.8461806
            ],
            [
              174.7754577,
              -36.8461377
            ],
            [
              174.7752352,
              -36.846033
            ]
          ]
        ]
      }
    },
    {
      "type": "Feature",
      "properties": {
        "id": "b-auk-0302",
        "building_id": "B-AUK-0302",
        "ulpin": "NZ-AUK-CBD-BL-000303-8",
        "name": "Aecom House",
        "floors": 10,
        "height_m": 32.0,
        "base_elevation_msl": 7.5,
        "roof_elevation_msl": 39.5,
        "structure_type": "yes",
        "centroid": [
          174.774075,
          -36.847048
        ]
      },
      "geometry": {
        "type": "Polygon",
        "coordinates": [
          [
            [
              174.7740738,
              -36.8466984
            ],
            [
              174.7738794,
              -36.847166
            ],
            [
              174.7739378,
              -36.847182
            ],
            [
              174.7739341,
              -36.8472148
            ],
            [
              174.7739676,
              -36.847244
            ],
            [
              174.7740182,
              -36.8472473
            ],
            [
              174.774254,
              -36.8471577
            ],
            [
              174.7745381,
              -36.846823
            ],
            [
              174.7740738,
              -36.8466984
            ]
          ]
        ]
      }
    },
    {
      "type": "Feature",
      "properties": {
        "id": "b-auk-0307",
        "building_id": "B-AUK-0307",
        "ulpin": "NZ-AUK-CBD-BL-000308-8",
        "name": "NEP Studios",
        "floors": 10,
        "height_m": 32.0,
        "base_elevation_msl": 7.5,
        "roof_elevation_msl": 39.5,
        "structure_type": "yes",
        "centroid": [
          174.773845,
          -36.853197
        ]
      },
      "geometry": {
        "type": "Polygon",
        "coordinates": [
          [
            [
              174.7736787,
              -36.8529277
            ],
            [
              174.773626,
              -36.8529337
            ],
            [
              174.7736352,
              -36.8529851
            ],
            [
              174.7735962,
              -36.8530247
            ],
            [
              174.7735769,
              -36.8530125
            ],
            [
              174.7735585,
              -36.8530311
            ],
            [
              174.7735439,
              -36.8530219
            ],
            [
              174.773492,
              -36.8530746
            ],
            [
              174.7734999,
              -36.8531261
            ],
            [
              174.7734434,
              -36.8531841
            ],
            [
              174.7737983,
              -36.8534056
            ],
            [
              174.7738233,
              -36.853421
            ],
            [
              174.7739578,
              -36.8535051
            ],
            [
              174.7739885,
              -36.8534736
            ],
            [
              174.7740049,
              -36.8534838
            ],
            [
              174.774103,
              -36.8533833
            ],
            [
              174.7740873,
              -36.8533735
            ],
            [
              174.7741213,
              -36.8533386
            ],
            [
              174.7741351,
              -36.8533473
            ],
            [
              174.7742006,
              -36.8532802
            ],
            [
              174.7741888,
              -36.8532728
            ],
            [
              174.7742142,
              -36.8532469
            ],
            [
              174.7741832,
              -36.8532275
            ],
            [
              174.7741499,
              -36.8532067
            ],
            [
              174.7736881,
              -36.852918
            ],
            [
              174.7736787,
              -36.8529277
            ]
          ]
        ]
      }
    },
    {
      "type": "Feature",
      "properties": {
        "id": "b-auk-0309",
        "building_id": "B-AUK-0309",
        "ulpin": "NZ-AUK-CBD-BL-000310-8",
        "name": "Sport and Recreation Interim Facility",
        "floors": 10,
        "height_m": 32.0,
        "base_elevation_msl": 7.5,
        "roof_elevation_msl": 39.5,
        "structure_type": "yes",
        "centroid": [
          174.773441,
          -36.85356
        ]
      },
      "geometry": {
        "type": "Polygon",
        "coordinates": [
          [
            [
              174.7734404,
              -36.8532466
            ],
            [
              174.7733963,
              -36.8532871
            ],
            [
              174.7732681,
              -36.8533017
            ],
            [
              174.7732084,
              -36.8533596
            ],
            [
              174.7732112,
              -36.8533939
            ],
            [
              174.7731962,
              -36.8534076
            ],
            [
              174.7732049,
              -36.8534416
            ],
            [
              174.7731307,
              -36.8534496
            ],
            [
              174.773139,
              -36.8535148
            ],
            [
              174.7731016,
              -36.8535581
            ],
            [
              174.7731843,
              -36.8536078
            ],
            [
              174.7732054,
              -36.8535861
            ],
            [
              174.7733731,
              -36.8536898
            ],
            [
              174.7733527,
              -36.8537136
            ],
            [
              174.7734436,
              -36.853769
            ],
            [
              174.7734744,
              -36.8537413
            ],
            [
              174.7735545,
              -36.8537921
            ],
            [
              174.7735219,
              -36.8538222
            ],
            [
              174.7735449,
              -36.853836
            ],
            [
              174.7736161,
              -36.8538787
            ],
            [
              174.7737559,
              -36.8537315
            ],
            [
              174.7738009,
              -36.8537601
            ],
            [
              174.7739712,
              -36.8535805
            ],
            [
              174.773845,
              -36.8535024
            ],
            [
              174.7737772,
              -36.8534608
            ],
            [
              174.7737511,
              -36.8534443
            ],
            [
              174.7734404,
              -36.8532466
            ]
          ]
        ]
      }
    },
    {
      "type": "Feature",
      "properties": {
        "id": "b-auk-0311",
        "building_id": "B-AUK-0311",
        "ulpin": "NZ-AUK-CBD-BL-000312-8",
        "name": "Engineering 401",
        "floors": 1,
        "height_m": 3.2,
        "base_elevation_msl": 7.5,
        "roof_elevation_msl": 10.7,
        "structure_type": "university",
        "centroid": [
          174.769451,
          -36.853322
        ]
      },
      "geometry": {
        "type": "Polygon",
        "coordinates": [
          [
            [
              174.7698466,
              -36.8530318
            ],
            [
              174.7696708,
              -36.8529178
            ],
            [
              174.769665,
              -36.8529235
            ],
            [
              174.7696403,
              -36.8529059
            ],
            [
              174.7695607,
              -36.8529857
            ],
            [
              174.7694846,
              -36.8530603
            ],
            [
              174.7693329,
              -36.8532147
            ],
            [
              174.7692771,
              -36.8531781
            ],
            [
              174.7690543,
              -36.8533928
            ],
            [
              174.7691669,
              -36.8534093
            ],
            [
              174.7691625,
              -36.8534157
            ],
            [
              174.7691626,
              -36.8534262
            ],
            [
              174.7691679,
              -36.8534358
            ],
            [
              174.7691757,
              -36.8534426
            ],
            [
              174.769183,
              -36.8534449
            ],
            [
              174.7691923,
              -36.8534455
            ],
            [
              174.7691996,
              -36.8534446
            ],
            [
              174.7692067,
              -36.8534433
            ],
            [
              174.7692117,
              -36.8534474
            ],
            [
              174.7692396,
              -36.8534307
            ],
            [
              174.7692771,
              -36.8534249
            ],
            [
              174.7693558,
              -36.8534797
            ],
            [
              174.7694202,
              -36.8534762
            ],
            [
              174.7694165,
              -36.8534608
            ],
            [
              174.7694179,
              -36.8534449
            ],
            [
              174.7694293,
              -36.8534257
            ],
            [
              174.7694401,
              -36.8534098
            ],
            [
              174.7694504,
              -36.8533973
            ],
            [
              174.7694642,
              -36.8533889
            ],
            [
              174.7694811,
              -36.8533817
            ],
            [
              174.7694994,
              -36.8533763
            ],
            [
              174.7695188,
              -36.8533726
            ],
            [
              174.7695366,
              -36.8533721
            ],
            [
              174.769556,
              -36.8533745
            ],
            [
              174.7695718,
              -36.8533779
            ],
            [
              174.7695866,
              -36.8533838
            ],
            [
              174.7696003,
              -36.8533924
            ],
            [
              174.7696143,
              -36.8534044
            ],
            [
              174.7696278,
              -36.8534222
            ],
            [
              174.7696451,
              -36.8534458
            ],
            [
              174.7696719,
              -36.8534206
            ],
            [
              174.7695655,
              -36.8533487
            ],
            [
              174.7698582,
              -36.8530571
            ],
            [
              174.7698359,
              -36.8530424
            ],
            [
              174.7698466,
              -36.8530318
            ]
          ]
        ]
      }
    },
    {
      "type": "Feature",
      "properties": {
        "id": "b-auk-0312",
        "building_id": "B-AUK-0312",
        "ulpin": "NZ-AUK-CBD-BL-000313-8",
        "name": "Engineering 402",
        "floors": 2,
        "height_m": 6.4,
        "base_elevation_msl": 7.5,
        "roof_elevation_msl": 13.9,
        "structure_type": "university",
        "centroid": [
          174.770037,
          -36.852709
        ]
      },
      "geometry": {
        "type": "Polygon",
        "coordinates": [
          [
            [
              174.7703342,
              -36.8525017
            ],
            [
              174.7703742,
              -36.852462
            ],
            [
              174.7702745,
              -36.8523956
            ],
            [
              174.7702377,
              -36.852437
            ],
            [
              174.7701544,
              -36.8523892
            ],
            [
              174.7697242,
              -36.8528191
            ],
            [
              174.7696403,
              -36.8529059
            ],
            [
              174.769665,
              -36.8529235
            ],
            [
              174.7696708,
              -36.8529178
            ],
            [
              174.7698466,
              -36.8530318
            ],
            [
              174.7698359,
              -36.8530424
            ],
            [
              174.7698582,
              -36.8530571
            ],
            [
              174.7702171,
              -36.8527092
            ],
            [
              174.770384,
              -36.8525388
            ],
            [
              174.7703342,
              -36.8525017
            ]
          ]
        ]
      }
    },
    {
      "type": "Feature",
      "properties": {
        "id": "b-auk-0313",
        "building_id": "B-AUK-0313",
        "ulpin": "NZ-AUK-CBD-BL-000314-8",
        "name": "Cosco Shipping",
        "floors": 3,
        "height_m": 9.6,
        "base_elevation_msl": 7.5,
        "roof_elevation_msl": 17.1,
        "structure_type": "commercial",
        "centroid": [
          174.760261,
          -36.846446
        ]
      },
      "geometry": {
        "type": "Polygon",
        "coordinates": [
          [
            [
              174.7601218,
              -36.8465685
            ],
            [
              174.7604255,
              -36.8465758
            ],
            [
              174.7605001,
              -36.8464106
            ],
            [
              174.7605162,
              -36.8463749
            ],
            [
              174.760146,
              -36.8463558
            ],
            [
              174.7601291,
              -36.8463545
            ],
            [
              174.7601286,
              -36.8463595
            ],
            [
              174.7601218,
              -36.8465685
            ]
          ]
        ]
      }
    },
    {
      "type": "Feature",
      "properties": {
        "id": "b-auk-0316",
        "building_id": "B-AUK-0316",
        "ulpin": "NZ-AUK-CBD-BL-000317-8",
        "name": "The Peaks",
        "floors": 10,
        "height_m": 32.0,
        "base_elevation_msl": 7.5,
        "roof_elevation_msl": 39.5,
        "structure_type": "apartments",
        "centroid": [
          174.761055,
          -36.84757
        ]
      },
      "geometry": {
        "type": "Polygon",
        "coordinates": [
          [
            [
              174.7609436,
              -36.8474151
            ],
            [
              174.7609252,
              -36.8474575
            ],
            [
              174.7609317,
              -36.8474693
            ],
            [
              174.7609364,
              -36.8474777
            ],
            [
              174.7609258,
              -36.8474814
            ],
            [
              174.7608777,
              -36.8475927
            ],
            [
              174.7609548,
              -36.8476141
            ],
            [
              174.7609515,
              -36.8476217
            ],
            [
              174.7609866,
              -36.8476314
            ],
            [
              174.7609843,
              -36.8476369
            ],
            [
              174.7609819,
              -36.8476425
            ],
            [
              174.7610102,
              -36.8476503
            ],
            [
              174.7610049,
              -36.8476625
            ],
            [
              174.7610986,
              -36.8476884
            ],
            [
              174.7611028,
              -36.8476788
            ],
            [
              174.7611354,
              -36.8476879
            ],
            [
              174.7611389,
              -36.8476796
            ],
            [
              174.7611559,
              -36.8476406
            ],
            [
              174.7612276,
              -36.8476604
            ],
            [
              174.761237,
              -36.8476385
            ],
            [
              174.761285,
              -36.8476519
            ],
            [
              174.7612992,
              -36.8476191
            ],
            [
              174.7613213,
              -36.8476252
            ],
            [
              174.7613807,
              -36.8474884
            ],
            [
              174.7609562,
              -36.8473705
            ],
            [
              174.7609338,
              -36.8473643
            ],
            [
              174.7609152,
              -36.8474072
            ],
            [
              174.7609436,
              -36.8474151
            ]
          ]
        ]
      }
    },
    {
      "type": "Feature",
      "properties": {
        "id": "b-auk-0317",
        "building_id": "B-AUK-0317",
        "ulpin": "NZ-AUK-CBD-BL-000318-8",
        "name": "Auckland District Court",
        "floors": 5,
        "height_m": 16.0,
        "base_elevation_msl": 7.5,
        "roof_elevation_msl": 23.5,
        "structure_type": "yes",
        "centroid": [
          174.763343,
          -36.847253
        ]
      },
      "geometry": {
        "type": "Polygon",
        "coordinates": [
          [
            [
              174.7632414,
              -36.8470001
            ],
            [
              174.7632222,
              -36.8470436
            ],
            [
              174.7632044,
              -36.8470839
            ],
            [
              174.7631866,
              -36.8471241
            ],
            [
              174.7631654,
              -36.8471722
            ],
            [
              174.7631514,
              -36.8472038
            ],
            [
              174.7631368,
              -36.8472369
            ],
            [
              174.7631101,
              -36.8472975
            ],
            [
              174.7630566,
              -36.8474186
            ],
            [
              174.7636977,
              -36.847602
            ],
            [
              174.7637218,
              -36.847591
            ],
            [
              174.7637459,
              -36.8475799
            ],
            [
              174.763922,
              -36.8471949
            ],
            [
              174.7632414,
              -36.8470001
            ]
          ]
        ]
      }
    },
    {
      "type": "Feature",
      "properties": {
        "id": "b-auk-0318",
        "building_id": "B-AUK-0318",
        "ulpin": "NZ-AUK-CBD-BL-000319-8",
        "name": "Cathedral House",
        "floors": 8,
        "height_m": 25.6,
        "base_elevation_msl": 7.5,
        "roof_elevation_msl": 33.1,
        "structure_type": "commercial",
        "centroid": [
          174.763429,
          -36.846945
        ]
      },
      "geometry": {
        "type": "Polygon",
        "coordinates": [
          [
            [
              174.7634894,
              -36.8470505
            ],
            [
              174.7635789,
              -36.8468577
            ],
            [
              174.7633374,
              -36.846786
            ],
            [
              174.763248,
              -36.8469788
            ],
            [
              174.7634894,
              -36.8470505
            ]
          ]
        ]
      }
    },
    {
      "type": "Feature",
      "properties": {
        "id": "b-auk-0319",
        "building_id": "B-AUK-0319",
        "ulpin": "NZ-AUK-CBD-BL-000320-8",
        "name": "Chorus House",
        "floors": 6,
        "height_m": 19.2,
        "base_elevation_msl": 7.5,
        "roof_elevation_msl": 26.7,
        "structure_type": "yes",
        "centroid": [
          174.762647,
          -36.846863
        ]
      },
      "geometry": {
        "type": "Polygon",
        "coordinates": [
          [
            [
              174.762264,
              -36.8470485
            ],
            [
              174.7624397,
              -36.8470959
            ],
            [
              174.7624966,
              -36.8469684
            ],
            [
              174.7629952,
              -36.8471104
            ],
            [
              174.7631293,
              -36.8468088
            ],
            [
              174.7629723,
              -36.8467641
            ],
            [
              174.7629924,
              -36.8467189
            ],
            [
              174.762577,
              -36.8466006
            ],
            [
              174.7625424,
              -36.8466785
            ],
            [
              174.7624426,
              -36.8466501
            ],
            [
              174.762264,
              -36.8470485
            ]
          ]
        ]
      }
    },
    {
      "type": "Feature",
      "properties": {
        "id": "b-auk-0320",
        "building_id": "B-AUK-0320",
        "ulpin": "NZ-AUK-CBD-BL-000321-8",
        "name": "The Galleries",
        "floors": 4,
        "height_m": 12.8,
        "base_elevation_msl": 7.5,
        "roof_elevation_msl": 20.3,
        "structure_type": "apartments",
        "centroid": [
          174.759638,
          -36.846471
        ]
      },
      "geometry": {
        "type": "Polygon",
        "coordinates": [
          [
            [
              174.7594074,
              -36.8463363
            ],
            [
              174.7593993,
              -36.846448
            ],
            [
              174.7593915,
              -36.8465561
            ],
            [
              174.759482,
              -36.8465573
            ],
            [
              174.759639,
              -36.8465593
            ],
            [
              174.7597521,
              -36.8465608
            ],
            [
              174.7598645,
              -36.8465622
            ],
            [
              174.7600759,
              -36.8465669
            ],
            [
              174.7600849,
              -36.8463574
            ],
            [
              174.7595117,
              -36.8463396
            ],
            [
              174.7594074,
              -36.8463363
            ]
          ]
        ]
      }
    },
    {
      "type": "Feature",
      "properties": {
        "id": "b-auk-0321",
        "building_id": "B-AUK-0321",
        "ulpin": "NZ-AUK-CBD-BL-000322-8",
        "name": "Barclay Suites",
        "floors": 25,
        "height_m": 80.0,
        "base_elevation_msl": 7.5,
        "roof_elevation_msl": 87.5,
        "structure_type": "apartments",
        "centroid": [
          174.764287,
          -36.847374
        ]
      },
      "geometry": {
        "type": "Polygon",
        "coordinates": [
          [
            [
              174.7642343,
              -36.8472479
            ],
            [
              174.764169,
              -36.8473941
            ],
            [
              174.7641406,
              -36.8474617
            ],
            [
              174.7643177,
              -36.8475126
            ],
            [
              174.7643345,
              -36.8474744
            ],
            [
              174.7643453,
              -36.8474499
            ],
            [
              174.7643497,
              -36.8474399
            ],
            [
              174.7643389,
              -36.8474367
            ],
            [
              174.7644024,
              -36.847295
            ],
            [
              174.7643351,
              -36.8472763
            ],
            [
              174.7642432,
              -36.8472502
            ],
            [
              174.7642343,
              -36.8472479
            ]
          ]
        ]
      }
    },
    {
      "type": "Feature",
      "properties": {
        "id": "b-auk-0322",
        "building_id": "B-AUK-0322",
        "ulpin": "NZ-AUK-CBD-BL-000323-8",
        "name": "Rydges Auckland",
        "floors": 10,
        "height_m": 32.0,
        "base_elevation_msl": 7.5,
        "roof_elevation_msl": 39.5,
        "structure_type": "yes",
        "centroid": [
          174.762664,
          -36.847167
        ]
      },
      "geometry": {
        "type": "Polygon",
        "coordinates": [
          [
            [
              174.76256,
              -36.8470365
            ],
            [
              174.7625269,
              -36.8471184
            ],
            [
              174.7624397,
              -36.8470959
            ],
            [
              174.762264,
              -36.8470485
            ],
            [
              174.7622108,
              -36.8471748
            ],
            [
              174.762809,
              -36.847336
            ],
            [
              174.7628375,
              -36.8472683
            ],
            [
              174.7628678,
              -36.8472765
            ],
            [
              174.7628821,
              -36.8472425
            ],
            [
              174.7628956,
              -36.8472106
            ],
            [
              174.7628706,
              -36.8472038
            ],
            [
              174.7629022,
              -36.8471291
            ],
            [
              174.76256,
              -36.8470365
            ]
          ]
        ]
      }
    },
    {
      "type": "Feature",
      "properties": {
        "id": "b-auk-0323",
        "building_id": "B-AUK-0323",
        "ulpin": "NZ-AUK-CBD-BL-000324-8",
        "name": "Shine Building",
        "floors": 16,
        "height_m": 51.2,
        "base_elevation_msl": 7.5,
        "roof_elevation_msl": 58.7,
        "structure_type": "commercial",
        "centroid": [
          174.763026,
          -36.845671
        ]
      },
      "geometry": {
        "type": "Polygon",
        "coordinates": [
          [
            [
              174.7629351,
              -36.8455652
            ],
            [
              174.7628894,
              -36.8456668
            ],
            [
              174.762909,
              -36.8456724
            ],
            [
              174.7629054,
              -36.8456804
            ],
            [
              174.7629004,
              -36.8456916
            ],
            [
              174.7632301,
              -36.8457866
            ],
            [
              174.7632492,
              -36.8457441
            ],
            [
              174.7632844,
              -36.8456658
            ],
            [
              174.7629351,
              -36.8455652
            ]
          ]
        ]
      }
    },
    {
      "type": "Feature",
      "properties": {
        "id": "b-auk-0324",
        "building_id": "B-AUK-0324",
        "ulpin": "NZ-AUK-CBD-BL-000325-8",
        "name": "Hobson Towers East",
        "floors": 10,
        "height_m": 32.0,
        "base_elevation_msl": 7.5,
        "roof_elevation_msl": 39.5,
        "structure_type": "commercial",
        "centroid": [
          174.763385,
          -36.845954
        ]
      },
      "geometry": {
        "type": "Polygon",
        "coordinates": [
          [
            [
              174.763334,
              -36.8458519
            ],
            [
              174.7632401,
              -36.8460644
            ],
            [
              174.7634105,
              -36.8461126
            ],
            [
              174.7634846,
              -36.8459449
            ],
            [
              174.7635044,
              -36.8459002
            ],
            [
              174.763334,
              -36.8458519
            ]
          ]
        ]
      }
    },
    {
      "type": "Feature",
      "properties": {
        "id": "b-auk-0325",
        "building_id": "B-AUK-0325",
        "ulpin": "NZ-AUK-CBD-BL-000326-8",
        "name": "Liston House",
        "floors": 3,
        "height_m": 9.6,
        "base_elevation_msl": 7.5,
        "roof_elevation_msl": 17.1,
        "structure_type": "service",
        "centroid": [
          174.762797,
          -36.846114
        ]
      },
      "geometry": {
        "type": "Polygon",
        "coordinates": [
          [
            [
              174.7627532,
              -36.8459478
            ],
            [
              174.7626508,
              -36.8461847
            ],
            [
              174.7626788,
              -36.8461925
            ],
            [
              174.7627604,
              -36.8462158
            ],
            [
              174.7627726,
              -36.8461875
            ],
            [
              174.7629355,
              -36.8462325
            ],
            [
              174.7629726,
              -36.8461465
            ],
            [
              174.7628222,
              -36.8461049
            ],
            [
              174.7628755,
              -36.8459817
            ],
            [
              174.7627532,
              -36.8459478
            ]
          ]
        ]
      }
    },
    {
      "type": "Feature",
      "properties": {
        "id": "b-auk-0331",
        "building_id": "B-AUK-0331",
        "ulpin": "NZ-AUK-CBD-BL-000332-8",
        "name": "Shakespeare Hotel",
        "floors": 10,
        "height_m": 32.0,
        "base_elevation_msl": 7.5,
        "roof_elevation_msl": 39.5,
        "structure_type": "retail",
        "centroid": [
          174.764071,
          -36.846744
        ]
      },
      "geometry": {
        "type": "Polygon",
        "coordinates": [
          [
            [
              174.7640974,
              -36.846805
            ],
            [
              174.7641522,
              -36.8466873
            ],
            [
              174.7641337,
              -36.8466806
            ],
            [
              174.764,
              -36.8466421
            ],
            [
              174.7639436,
              -36.8467728
            ],
            [
              174.7640748,
              -36.8468127
            ],
            [
              174.7640974,
              -36.846805
            ]
          ]
        ]
      }
    },
    {
      "type": "Feature",
      "properties": {
        "id": "b-auk-0333",
        "building_id": "B-AUK-0333",
        "ulpin": "NZ-AUK-CBD-BL-000334-8",
        "name": "Saint Patrick's Presbytery",
        "floors": 2,
        "height_m": 6.4,
        "base_elevation_msl": 7.5,
        "roof_elevation_msl": 13.9,
        "structure_type": "church",
        "centroid": [
          174.762708,
          -36.846294
        ]
      },
      "geometry": {
        "type": "Polygon",
        "coordinates": [
          [
            [
              174.762638,
              -36.8462243
            ],
            [
              174.7625894,
              -36.8463353
            ],
            [
              174.7628123,
              -36.8463978
            ],
            [
              174.7628609,
              -36.8462868
            ],
            [
              174.762638,
              -36.8462243
            ]
          ]
        ]
      }
    },
    {
      "type": "Feature",
      "properties": {
        "id": "b-auk-0334",
        "building_id": "B-AUK-0334",
        "ulpin": "NZ-AUK-CBD-BL-000335-8",
        "name": "Hobson Towers West",
        "floors": 11,
        "height_m": 35.2,
        "base_elevation_msl": 7.5,
        "roof_elevation_msl": 42.7,
        "structure_type": "commercial",
        "centroid": [
          174.762897,
          -36.84582
        ]
      },
      "geometry": {
        "type": "Polygon",
        "coordinates": [
          [
            [
              174.762867,
              -36.8457183
            ],
            [
              174.7627765,
              -36.8459257
            ],
            [
              174.7629427,
              -36.8459721
            ],
            [
              174.7630332,
              -36.8457647
            ],
            [
              174.762867,
              -36.8457183
            ]
          ]
        ]
      }
    },
    {
      "type": "Feature",
      "properties": {
        "id": "b-auk-0336",
        "building_id": "B-AUK-0336",
        "ulpin": "NZ-AUK-CBD-BL-000337-8",
        "name": "Park Residences",
        "floors": 10,
        "height_m": 32.0,
        "base_elevation_msl": 7.5,
        "roof_elevation_msl": 39.5,
        "structure_type": "yes",
        "centroid": [
          174.764293,
          -36.846054
        ]
      },
      "geometry": {
        "type": "Polygon",
        "coordinates": [
          [
            [
              174.7643831,
              -36.8461331
            ],
            [
              174.764395,
              -36.8461173
            ],
            [
              174.764446,
              -36.8459999
            ],
            [
              174.7641031,
              -36.8459046
            ],
            [
              174.7640474,
              -36.8460374
            ],
            [
              174.7643831,
              -36.8461331
            ]
          ]
        ]
      }
    },
    {
      "type": "Feature",
      "properties": {
        "id": "b-auk-0341",
        "building_id": "B-AUK-0341",
        "ulpin": "NZ-AUK-CBD-BL-000342-8",
        "name": "Crombie Lockwood Tower",
        "floors": 24,
        "height_m": 76.8,
        "base_elevation_msl": 7.5,
        "roof_elevation_msl": 84.3,
        "structure_type": "office",
        "centroid": [
          174.765067,
          -36.848476
        ]
      },
      "geometry": {
        "type": "Polygon",
        "coordinates": [
          [
            [
              174.765003,
              -36.8483354
            ],
            [
              174.7649086,
              -36.8485539
            ],
            [
              174.7649269,
              -36.8485592
            ],
            [
              174.7652327,
              -36.848648
            ],
            [
              174.7653306,
              -36.8484261
            ],
            [
              174.765003,
              -36.8483354
            ]
          ]
        ]
      }
    },
    {
      "type": "Feature",
      "properties": {
        "id": "b-auk-0342",
        "building_id": "B-AUK-0342",
        "ulpin": "NZ-AUK-CBD-BL-000343-8",
        "name": "Landmark House",
        "floors": 8,
        "height_m": 25.6,
        "base_elevation_msl": 7.5,
        "roof_elevation_msl": 33.1,
        "structure_type": "office",
        "centroid": [
          174.765121,
          -36.848276
        ]
      },
      "geometry": {
        "type": "Polygon",
        "coordinates": [
          [
            [
              174.7649853,
              -36.848288
            ],
            [
              174.7650195,
              -36.848298
            ],
            [
              174.765335,
              -36.8483897
            ],
            [
              174.7653647,
              -36.8482405
            ],
            [
              174.7650391,
              -36.84815
            ],
            [
              174.7649853,
              -36.848288
            ]
          ]
        ]
      }
    },
    {
      "type": "Feature",
      "properties": {
        "id": "b-auk-0345",
        "building_id": "B-AUK-0345",
        "ulpin": "NZ-AUK-CBD-BL-000346-8",
        "name": "Emily's 8",
        "floors": 10,
        "height_m": 32.0,
        "base_elevation_msl": 7.5,
        "roof_elevation_msl": 39.5,
        "structure_type": "yes",
        "centroid": [
          174.763639,
          -36.854925
        ]
      },
      "geometry": {
        "type": "Polygon",
        "coordinates": [
          [
            [
              174.7636247,
              -36.8548701
            ],
            [
              174.7635748,
              -36.8549838
            ],
            [
              174.7636594,
              -36.8550076
            ],
            [
              174.7637093,
              -36.8548939
            ],
            [
              174.7636247,
              -36.8548701
            ]
          ]
        ]
      }
    },
    {
      "type": "Feature",
      "properties": {
        "id": "b-auk-0346",
        "building_id": "B-AUK-0346",
        "ulpin": "NZ-AUK-CBD-BL-000347-8",
        "name": "Citylife Auckland",
        "floors": 10,
        "height_m": 32.0,
        "base_elevation_msl": 7.5,
        "roof_elevation_msl": 39.5,
        "structure_type": "yes",
        "centroid": [
          174.76494,
          -36.847777
        ]
      },
      "geometry": {
        "type": "Polygon",
        "coordinates": [
          [
            [
              174.764865,
              -36.8476811
            ],
            [
              174.7648465,
              -36.847721
            ],
            [
              174.764771,
              -36.8478842
            ],
            [
              174.7650533,
              -36.8479705
            ],
            [
              174.7651445,
              -36.8477684
            ],
            [
              174.765035,
              -36.8477342
            ],
            [
              174.764865,
              -36.8476811
            ]
          ]
        ]
      }
    },
    {
      "type": "Feature",
      "properties": {
        "id": "b-auk-0349",
        "building_id": "B-AUK-0349",
        "ulpin": "NZ-AUK-CBD-BL-000350-8",
        "name": "Spark Data Centre",
        "floors": 5,
        "height_m": 16.0,
        "base_elevation_msl": 7.5,
        "roof_elevation_msl": 23.5,
        "structure_type": "yes",
        "centroid": [
          174.764395,
          -36.854577
        ]
      },
      "geometry": {
        "type": "Polygon",
        "coordinates": [
          [
            [
              174.7643392,
              -36.8547281
            ],
            [
              174.7645234,
              -36.8546623
            ],
            [
              174.7644519,
              -36.8545355
            ],
            [
              174.7644923,
              -36.8545207
            ],
            [
              174.7644194,
              -36.8543889
            ],
            [
              174.7641973,
              -36.8544744
            ],
            [
              174.7643392,
              -36.8547281
            ]
          ]
        ]
      }
    },
    {
      "type": "Feature",
      "properties": {
        "id": "b-auk-0356",
        "building_id": "B-AUK-0356",
        "ulpin": "NZ-AUK-CBD-BL-000357-8",
        "name": "Windsor House",
        "floors": 8,
        "height_m": 25.6,
        "base_elevation_msl": 7.5,
        "roof_elevation_msl": 33.1,
        "structure_type": "hotel",
        "centroid": [
          174.766762,
          -36.845613
        ]
      },
      "geometry": {
        "type": "Polygon",
        "coordinates": [
          [
            [
              174.7665022,
              -36.8455054
            ],
            [
              174.7664773,
              -36.8455864
            ],
            [
              174.7667922,
              -36.8456653
            ],
            [
              174.7671361,
              -36.8457515
            ],
            [
              174.7671614,
              -36.8456662
            ],
            [
              174.7665022,
              -36.8455054
            ]
          ]
        ]
      }
    },
    {
      "type": "Feature",
      "properties": {
        "id": "b-auk-0357",
        "building_id": "B-AUK-0357",
        "ulpin": "NZ-AUK-CBD-BL-000358-8",
        "name": "Camden Chambers",
        "floors": 4,
        "height_m": 12.8,
        "base_elevation_msl": 7.5,
        "roof_elevation_msl": 20.3,
        "structure_type": "apartments",
        "centroid": [
          174.765799,
          -36.848735
        ]
      },
      "geometry": {
        "type": "Polygon",
        "coordinates": [
          [
            [
              174.7655974,
              -36.8486477
            ],
            [
              174.7655785,
              -36.8487041
            ],
            [
              174.7658767,
              -36.8487883
            ],
            [
              174.7659415,
              -36.8488065
            ],
            [
              174.7659444,
              -36.848796
            ],
            [
              174.7659563,
              -36.8487524
            ],
            [
              174.7658983,
              -36.8487348
            ],
            [
              174.7655974,
              -36.8486477
            ]
          ]
        ]
      }
    },
    {
      "type": "Feature",
      "properties": {
        "id": "b-auk-0358",
        "building_id": "B-AUK-0358",
        "ulpin": "NZ-AUK-CBD-BL-000359-8",
        "name": "Fiore Wakefield 3",
        "floors": 15,
        "height_m": 48.0,
        "base_elevation_msl": 7.5,
        "roof_elevation_msl": 55.5,
        "structure_type": "yes",
        "centroid": [
          174.765023,
          -36.85446
        ]
      },
      "geometry": {
        "type": "Polygon",
        "coordinates": [
          [
            [
              174.7651864,
              -36.8544625
            ],
            [
              174.7651058,
              -36.8543289
            ],
            [
              174.7647779,
              -36.8544555
            ],
            [
              174.7648585,
              -36.8545892
            ],
            [
              174.7651864,
              -36.8544625
            ]
          ]
        ]
      }
    },
    {
      "type": "Feature",
      "properties": {
        "id": "b-auk-0360",
        "building_id": "B-AUK-0360",
        "ulpin": "NZ-AUK-CBD-BL-000361-8",
        "name": "One NZ",
        "floors": 2,
        "height_m": 6.4,
        "base_elevation_msl": 7.5,
        "roof_elevation_msl": 13.9,
        "structure_type": "retail",
        "centroid": [
          174.766074,
          -36.847407
        ]
      },
      "geometry": {
        "type": "Polygon",
        "coordinates": [
          [
            [
              174.7659975,
              -36.8473532
            ],
            [
              174.7659659,
              -36.8474208
            ],
            [
              174.7661881,
              -36.8474873
            ],
            [
              174.7662196,
              -36.8474197
            ],
            [
              174.7659975,
              -36.8473532
            ]
          ]
        ]
      }
    },
    {
      "type": "Feature",
      "properties": {
        "id": "b-auk-0362",
        "building_id": "B-AUK-0362",
        "ulpin": "NZ-AUK-CBD-BL-000363-8",
        "name": "Portland Tower",
        "floors": 6,
        "height_m": 19.2,
        "base_elevation_msl": 7.5,
        "roof_elevation_msl": 26.7,
        "structure_type": "yes",
        "centroid": [
          174.766592,
          -36.845652
        ]
      },
      "geometry": {
        "type": "Polygon",
        "coordinates": [
          [
            [
              174.7664773,
              -36.8455864
            ],
            [
              174.7664517,
              -36.8456732
            ],
            [
              174.7667608,
              -36.8457502
            ],
            [
              174.7667922,
              -36.8456653
            ],
            [
              174.7664773,
              -36.8455864
            ]
          ]
        ]
      }
    },
    {
      "type": "Feature",
      "properties": {
        "id": "b-auk-0363",
        "building_id": "B-AUK-0363",
        "ulpin": "NZ-AUK-CBD-BL-000364-8",
        "name": "President Hotel",
        "floors": 17,
        "height_m": 54.4,
        "base_elevation_msl": 7.5,
        "roof_elevation_msl": 61.9,
        "structure_type": "yes",
        "centroid": [
          174.764287,
          -36.8484
        ]
      },
      "geometry": {
        "type": "Polygon",
        "coordinates": [
          [
            [
              174.7642208,
              -36.8483252
            ],
            [
              174.7641219,
              -36.8485547
            ],
            [
              174.7643484,
              -36.8486128
            ],
            [
              174.7644473,
              -36.8483879
            ],
            [
              174.764425,
              -36.8483817
            ],
            [
              174.7643264,
              -36.8483544
            ],
            [
              174.764243,
              -36.8483313
            ],
            [
              174.764231,
              -36.848328
            ],
            [
              174.7642208,
              -36.8483252
            ]
          ]
        ]
      }
    },
    {
      "type": "Feature",
      "properties": {
        "id": "b-auk-0365",
        "building_id": "B-AUK-0365",
        "ulpin": "NZ-AUK-CBD-BL-000366-8",
        "name": "Columbard",
        "floors": 19,
        "height_m": 60.8,
        "base_elevation_msl": 7.5,
        "roof_elevation_msl": 68.3,
        "structure_type": "apartments",
        "centroid": [
          174.764784,
          -36.847327
        ]
      },
      "geometry": {
        "type": "Polygon",
        "coordinates": [
          [
            [
              174.7647952,
              -36.8472176
            ],
            [
              174.7646844,
              -36.8474691
            ],
            [
              174.7647679,
              -36.8474927
            ],
            [
              174.764876,
              -36.8472377
            ],
            [
              174.7647952,
              -36.8472176
            ]
          ]
        ]
      }
    },
    {
      "type": "Feature",
      "properties": {
        "id": "b-auk-0369",
        "building_id": "B-AUK-0369",
        "ulpin": "NZ-AUK-CBD-BL-000370-8",
        "name": "Imperial Buildings",
        "floors": 5,
        "height_m": 16.0,
        "base_elevation_msl": 7.5,
        "roof_elevation_msl": 23.5,
        "structure_type": "retail",
        "centroid": [
          174.766699,
          -36.845319
        ]
      },
      "geometry": {
        "type": "Polygon",
        "coordinates": [
          [
            [
              174.7665862,
              -36.8452243
            ],
            [
              174.7665802,
              -36.8452437
            ],
            [
              174.7665299,
              -36.84541
            ],
            [
              174.766795,
              -36.8454778
            ],
            [
              174.7668248,
              -36.8453731
            ],
            [
              174.7668427,
              -36.8453103
            ],
            [
              174.7668479,
              -36.8452918
            ],
            [
              174.7665862,
              -36.8452243
            ]
          ]
        ]
      }
    },
    {
      "type": "Feature",
      "properties": {
        "id": "b-auk-0373",
        "building_id": "B-AUK-0373",
        "ulpin": "NZ-AUK-CBD-BL-000374-8",
        "name": "O'Connell House",
        "floors": 10,
        "height_m": 32.0,
        "base_elevation_msl": 7.5,
        "roof_elevation_msl": 39.5,
        "structure_type": "yes",
        "centroid": [
          174.767039,
          -36.847195
        ]
      },
      "geometry": {
        "type": "Polygon",
        "coordinates": [
          [
            [
              174.7669774,
              -36.847225
            ],
            [
              174.7671314,
              -36.8472656
            ],
            [
              174.767153,
              -36.8471787
            ],
            [
              174.7670357,
              -36.8471571
            ],
            [
              174.7670002,
              -36.8471506
            ],
            [
              174.7669957,
              -36.8471653
            ],
            [
              174.7669774,
              -36.847225
            ]
          ]
        ]
      }
    },
    {
      "type": "Feature",
      "properties": {
        "id": "b-auk-0374",
        "building_id": "B-AUK-0374",
        "ulpin": "NZ-AUK-CBD-BL-000375-8",
        "name": "Mount Saint Mary's Theological College",
        "floors": 10,
        "height_m": 32.0,
        "base_elevation_msl": 7.5,
        "roof_elevation_msl": 39.5,
        "structure_type": "university",
        "centroid": [
          174.765254,
          -36.85473
        ]
      },
      "geometry": {
        "type": "Polygon",
        "coordinates": [
          [
            [
              174.7653877,
              -36.8547852
            ],
            [
              174.7653014,
              -36.8546434
            ],
            [
              174.7652894,
              -36.8546237
            ],
            [
              174.7651012,
              -36.854697
            ],
            [
              174.765113,
              -36.8547163
            ],
            [
              174.7651995,
              -36.8548585
            ],
            [
              174.7653877,
              -36.8547852
            ]
          ]
        ]
      }
    },
    {
      "type": "Feature",
      "properties": {
        "id": "b-auk-0375",
        "building_id": "B-AUK-0375",
        "ulpin": "NZ-AUK-CBD-BL-000376-8",
        "name": "The Guardian",
        "floors": 8,
        "height_m": 25.6,
        "base_elevation_msl": 7.5,
        "roof_elevation_msl": 33.1,
        "structure_type": "yes",
        "centroid": [
          174.765925,
          -36.846023
        ]
      },
      "geometry": {
        "type": "Polygon",
        "coordinates": [
          [
            [
              174.7658828,
              -36.845941
            ],
            [
              174.7658122,
              -36.8460941
            ],
            [
              174.7660025,
              -36.8461504
            ],
            [
              174.7660463,
              -36.8459907
            ],
            [
              174.7658828,
              -36.845941
            ]
          ]
        ]
      }
    },
    {
      "type": "Feature",
      "properties": {
        "id": "b-auk-0376",
        "building_id": "B-AUK-0376",
        "ulpin": "NZ-AUK-CBD-BL-000377-8",
        "name": "Southern Cross Building",
        "floors": 13,
        "height_m": 41.6,
        "base_elevation_msl": 7.5,
        "roof_elevation_msl": 49.1,
        "structure_type": "office",
        "centroid": [
          174.766006,
          -36.848881
        ]
      },
      "geometry": {
        "type": "Polygon",
        "coordinates": [
          [
            [
              174.7660649,
              -36.8487114
            ],
            [
              174.7660345,
              -36.8487928
            ],
            [
              174.7659811,
              -36.8489358
            ],
            [
              174.7659744,
              -36.848934
            ],
            [
              174.7659668,
              -36.8489319
            ],
            [
              174.7658589,
              -36.8489023
            ],
            [
              174.7658069,
              -36.8490322
            ],
            [
              174.7660839,
              -36.8491101
            ],
            [
              174.766224,
              -36.8487459
            ],
            [
              174.7660649,
              -36.8487114
            ]
          ]
        ]
      }
    },
    {
      "type": "Feature",
      "properties": {
        "id": "b-auk-0377",
        "building_id": "B-AUK-0377",
        "ulpin": "NZ-AUK-CBD-BL-000378-8",
        "name": "Encom House",
        "floors": 4,
        "height_m": 12.8,
        "base_elevation_msl": 7.5,
        "roof_elevation_msl": 20.3,
        "structure_type": "yes",
        "centroid": [
          174.766202,
          -36.845324
        ]
      },
      "geometry": {
        "type": "Polygon",
        "coordinates": [
          [
            [
              174.7662271,
              -36.8454524
            ],
            [
              174.7662978,
              -36.8452276
            ],
            [
              174.7662862,
              -36.8452248
            ],
            [
              174.7661273,
              -36.8451858
            ],
            [
              174.766044,
              -36.8454032
            ],
            [
              174.7662271,
              -36.8454524
            ]
          ]
        ]
      }
    },
    {
      "type": "Feature",
      "properties": {
        "id": "b-auk-0378",
        "building_id": "B-AUK-0378",
        "ulpin": "NZ-AUK-CBD-BL-000379-8",
        "name": "Choice Back Packers",
        "floors": 10,
        "height_m": 32.0,
        "base_elevation_msl": 7.5,
        "roof_elevation_msl": 39.5,
        "structure_type": "yes",
        "centroid": [
          174.765128,
          -36.850859
        ]
      },
      "geometry": {
        "type": "Polygon",
        "coordinates": [
          [
            [
              174.7650991,
              -36.8507728
            ],
            [
              174.7650425,
              -36.8508922
            ],
            [
              174.7650319,
              -36.8509167
            ],
            [
              174.7652138,
              -36.8509711
            ],
            [
              174.7652809,
              -36.850827
            ],
            [
              174.7650991,
              -36.8507728
            ]
          ]
        ]
      }
    },
    {
      "type": "Feature",
      "properties": {
        "id": "b-auk-0379",
        "building_id": "B-AUK-0379",
        "ulpin": "NZ-AUK-CBD-BL-000380-8",
        "name": "Resolve Group",
        "floors": 10,
        "height_m": 32.0,
        "base_elevation_msl": 7.5,
        "roof_elevation_msl": 39.5,
        "structure_type": "yes",
        "centroid": [
          174.763729,
          -36.854776
        ]
      },
      "geometry": {
        "type": "Polygon",
        "coordinates": [
          [
            [
              174.7637152,
              -36.8547184
            ],
            [
              174.7636632,
              -36.854837
            ],
            [
              174.7637493,
              -36.8548612
            ],
            [
              174.7638013,
              -36.8547426
            ],
            [
              174.7637152,
              -36.8547184
            ]
          ]
        ]
      }
    },
    {
      "type": "Feature",
      "properties": {
        "id": "b-auk-0380",
        "building_id": "B-AUK-0380",
        "ulpin": "NZ-AUK-CBD-BL-000381-8",
        "name": "The Colonial Building",
        "floors": 8,
        "height_m": 25.6,
        "base_elevation_msl": 7.5,
        "roof_elevation_msl": 33.1,
        "structure_type": "retail",
        "centroid": [
          174.765361,
          -36.84767
        ]
      },
      "geometry": {
        "type": "Polygon",
        "coordinates": [
          [
            [
              174.7655581,
              -36.8476349
            ],
            [
              174.7652122,
              -36.8475632
            ],
            [
              174.7651749,
              -36.8476514
            ],
            [
              174.7651479,
              -36.8477151
            ],
            [
              174.7655163,
              -36.847822
            ],
            [
              174.7655581,
              -36.8476349
            ]
          ]
        ]
      }
    },
    {
      "type": "Feature",
      "properties": {
        "id": "b-auk-0381",
        "building_id": "B-AUK-0381",
        "ulpin": "NZ-AUK-CBD-BL-000382-8",
        "name": "Spark Data Centre",
        "floors": 10,
        "height_m": 32.0,
        "base_elevation_msl": 7.5,
        "roof_elevation_msl": 39.5,
        "structure_type": "yes",
        "centroid": [
          174.764273,
          -36.854392
        ]
      },
      "geometry": {
        "type": "Polygon",
        "coordinates": [
          [
            [
              174.7644194,
              -36.8543889
            ],
            [
              174.7643747,
              -36.8543154
            ],
            [
              174.7643624,
              -36.8543199
            ],
            [
              174.7643389,
              -36.8542789
            ],
            [
              174.7640703,
              -36.8543773
            ],
            [
              174.7641371,
              -36.8544876
            ],
            [
              174.7641415,
              -36.854495
            ],
            [
              174.7641973,
              -36.8544744
            ],
            [
              174.7644194,
              -36.8543889
            ]
          ]
        ]
      }
    },
    {
      "type": "Feature",
      "properties": {
        "id": "b-auk-0386",
        "building_id": "B-AUK-0386",
        "ulpin": "NZ-AUK-CBD-BL-000387-8",
        "name": "Data Centre 220",
        "floors": 11,
        "height_m": 35.2,
        "base_elevation_msl": 7.5,
        "roof_elevation_msl": 42.7,
        "structure_type": "office",
        "centroid": [
          174.765583,
          -36.849372
        ]
      },
      "geometry": {
        "type": "Polygon",
        "coordinates": [
          [
            [
              174.7654432,
              -36.8492097
            ],
            [
              174.7653826,
              -36.8493481
            ],
            [
              174.7655632,
              -36.8493987
            ],
            [
              174.7655864,
              -36.8494052
            ],
            [
              174.7656097,
              -36.8494118
            ],
            [
              174.7656253,
              -36.8494161
            ],
            [
              174.765621,
              -36.849426
            ],
            [
              174.7656167,
              -36.8494358
            ],
            [
              174.7656528,
              -36.849446
            ],
            [
              174.7656889,
              -36.8494561
            ],
            [
              174.7657581,
              -36.849298
            ],
            [
              174.7654432,
              -36.8492097
            ]
          ]
        ]
      }
    },
    {
      "type": "Feature",
      "properties": {
        "id": "b-auk-0390",
        "building_id": "B-AUK-0390",
        "ulpin": "NZ-AUK-CBD-BL-000391-8",
        "name": "Dingwall Building",
        "floors": 8,
        "height_m": 25.6,
        "base_elevation_msl": 7.5,
        "roof_elevation_msl": 33.1,
        "structure_type": "yes",
        "centroid": [
          174.765996,
          -36.845613
        ]
      },
      "geometry": {
        "type": "Polygon",
        "coordinates": [
          [
            [
              174.7661488,
              -36.8456211
            ],
            [
              174.765875,
              -36.8455462
            ],
            [
              174.7657604,
              -36.8455148
            ],
            [
              174.7657165,
              -36.8456178
            ],
            [
              174.7661377,
              -36.8457398
            ],
            [
              174.7661858,
              -36.8456312
            ],
            [
              174.7661488,
              -36.8456211
            ]
          ]
        ]
      }
    },
    {
      "type": "Feature",
      "properties": {
        "id": "b-auk-0392",
        "building_id": "B-AUK-0392",
        "ulpin": "NZ-AUK-CBD-BL-000393-8",
        "name": "CTS House",
        "floors": 8,
        "height_m": 25.6,
        "base_elevation_msl": 7.5,
        "roof_elevation_msl": 33.1,
        "structure_type": "office",
        "centroid": [
          174.765263,
          -36.84804
        ]
      },
      "geometry": {
        "type": "Polygon",
        "coordinates": [
          [
            [
              174.7651178,
              -36.8480613
            ],
            [
              174.7654212,
              -36.8481622
            ],
            [
              174.7654723,
              -36.8479998
            ],
            [
              174.7651881,
              -36.8479174
            ],
            [
              174.7651178,
              -36.8480613
            ]
          ]
        ]
      }
    },
    {
      "type": "Feature",
      "properties": {
        "id": "b-auk-0395",
        "building_id": "B-AUK-0395",
        "ulpin": "NZ-AUK-CBD-BL-000396-8",
        "name": "Augusta House",
        "floors": 15,
        "height_m": 48.0,
        "base_elevation_msl": 7.5,
        "roof_elevation_msl": 55.5,
        "structure_type": "office",
        "centroid": [
          174.764715,
          -36.848587
        ]
      },
      "geometry": {
        "type": "Polygon",
        "coordinates": [
          [
            [
              174.7646274,
              -36.8484736
            ],
            [
              174.7645462,
              -36.8486716
            ],
            [
              174.7648475,
              -36.8487564
            ],
            [
              174.7649269,
              -36.8485592
            ],
            [
              174.7646274,
              -36.8484736
            ]
          ]
        ]
      }
    },
    {
      "type": "Feature",
      "properties": {
        "id": "b-auk-0400",
        "building_id": "B-AUK-0400",
        "ulpin": "NZ-AUK-CBD-BL-000401-8",
        "name": "Whitcombe and Tombs Buiilding",
        "floors": 7,
        "height_m": 22.4,
        "base_elevation_msl": 7.5,
        "roof_elevation_msl": 29.9,
        "structure_type": "yes",
        "centroid": [
          174.765932,
          -36.848464
        ]
      },
      "geometry": {
        "type": "Polygon",
        "coordinates": [
          [
            [
              174.7656693,
              -36.8483522
            ],
            [
              174.7656503,
              -36.8484414
            ],
            [
              174.7656669,
              -36.8484462
            ],
            [
              174.7662484,
              -36.8486128
            ],
            [
              174.7662722,
              -36.8485282
            ],
            [
              174.7662683,
              -36.8485272
            ],
            [
              174.7660124,
              -36.8484529
            ],
            [
              174.7656693,
              -36.8483522
            ]
          ]
        ]
      }
    },
    {
      "type": "Feature",
      "properties": {
        "id": "b-auk-0401",
        "building_id": "B-AUK-0401",
        "ulpin": "NZ-AUK-CBD-BL-000402-8",
        "name": "Vulcan Building",
        "floors": 6,
        "height_m": 19.2,
        "base_elevation_msl": 7.5,
        "roof_elevation_msl": 26.7,
        "structure_type": "apartments",
        "centroid": [
          174.76617,
          -36.847203
        ]
      },
      "geometry": {
        "type": "Polygon",
        "coordinates": [
          [
            [
              174.7660552,
              -36.847092
            ],
            [
              174.7660171,
              -36.8472302
            ],
            [
              174.7662677,
              -36.8473109
            ],
            [
              174.7662982,
              -36.8473207
            ],
            [
              174.7663269,
              -36.847173
            ],
            [
              174.7660552,
              -36.847092
            ]
          ]
        ]
      }
    },
    {
      "type": "Feature",
      "properties": {
        "id": "b-auk-0405",
        "building_id": "B-AUK-0405",
        "ulpin": "NZ-AUK-CBD-BL-000406-8",
        "name": "Acrossia House",
        "floors": 15,
        "height_m": 48.0,
        "base_elevation_msl": 7.5,
        "roof_elevation_msl": 55.5,
        "structure_type": "office",
        "centroid": [
          174.765198,
          -36.847502
        ]
      },
      "geometry": {
        "type": "Polygon",
        "coordinates": [
          [
            [
              174.7651057,
              -36.8475443
            ],
            [
              174.7651575,
              -36.8475535
            ],
            [
              174.7651984,
              -36.8475607
            ],
            [
              174.7652122,
              -36.8475632
            ],
            [
              174.7655581,
              -36.8476349
            ],
            [
              174.7655976,
              -36.8474623
            ],
            [
              174.7651505,
              -36.8473828
            ],
            [
              174.765146,
              -36.8473991
            ],
            [
              174.7651415,
              -36.8474154
            ],
            [
              174.7651292,
              -36.8474594
            ],
            [
              174.7651228,
              -36.8474825
            ],
            [
              174.7651216,
              -36.8474871
            ],
            [
              174.7651171,
              -36.8475034
            ],
            [
              174.7651095,
              -36.8475307
            ],
            [
              174.7651057,
              -36.8475443
            ]
          ]
        ]
      }
    },
    {
      "type": "Feature",
      "properties": {
        "id": "b-auk-0406",
        "building_id": "B-AUK-0406",
        "ulpin": "NZ-AUK-CBD-BL-000407-8",
        "name": "Lewis Eady Building",
        "floors": 10,
        "height_m": 32.0,
        "base_elevation_msl": 7.5,
        "roof_elevation_msl": 39.5,
        "structure_type": "office",
        "centroid": [
          174.765907,
          -36.848562
        ]
      },
      "geometry": {
        "type": "Polygon",
        "coordinates": [
          [
            [
              174.7656669,
              -36.8484462
            ],
            [
              174.7656392,
              -36.8485333
            ],
            [
              174.7659946,
              -36.848636
            ],
            [
              174.7662242,
              -36.8486986
            ],
            [
              174.7662484,
              -36.8486128
            ],
            [
              174.7656669,
              -36.8484462
            ]
          ]
        ]
      }
    },
    {
      "type": "Feature",
      "properties": {
        "id": "b-auk-0407",
        "building_id": "B-AUK-0407",
        "ulpin": "NZ-AUK-CBD-BL-000408-8",
        "name": "Gypren Hannah Building",
        "floors": 4,
        "height_m": 12.8,
        "base_elevation_msl": 7.5,
        "roof_elevation_msl": 20.3,
        "structure_type": "retail",
        "centroid": [
          174.76384,
          -36.848353
        ]
      },
      "geometry": {
        "type": "Polygon",
        "coordinates": [
          [
            [
              174.7637922,
              -36.8482529
            ],
            [
              174.763704,
              -36.8484411
            ],
            [
              174.763834,
              -36.8484752
            ],
            [
              174.7638804,
              -36.8483677
            ],
            [
              174.7639215,
              -36.848379
            ],
            [
              174.7639561,
              -36.848299
            ],
            [
              174.7637922,
              -36.8482529
            ]
          ]
        ]
      }
    },
    {
      "type": "Feature",
      "properties": {
        "id": "b-auk-0408",
        "building_id": "B-AUK-0408",
        "ulpin": "NZ-AUK-CBD-BL-000409-8",
        "name": "Gifford's Building",
        "floors": 4,
        "height_m": 12.8,
        "base_elevation_msl": 7.5,
        "roof_elevation_msl": 20.3,
        "structure_type": "yes",
        "centroid": [
          174.766506,
          -36.847288
        ]
      },
      "geometry": {
        "type": "Polygon",
        "coordinates": [
          [
            [
              174.7664426,
              -36.8472044
            ],
            [
              174.766411,
              -36.8473604
            ],
            [
              174.7666004,
              -36.847415
            ],
            [
              174.7666358,
              -36.8472569
            ],
            [
              174.7664426,
              -36.8472044
            ]
          ]
        ]
      }
    },
    {
      "type": "Feature",
      "properties": {
        "id": "b-auk-0409",
        "building_id": "B-AUK-0409",
        "ulpin": "NZ-AUK-CBD-BL-000410-8",
        "name": "Coombes\u2019 Arcade (Former)",
        "floors": 10,
        "height_m": 32.0,
        "base_elevation_msl": 7.5,
        "roof_elevation_msl": 39.5,
        "structure_type": "yes",
        "centroid": [
          174.766322,
          -36.847492
        ]
      },
      "geometry": {
        "type": "Polygon",
        "coordinates": [
          [
            [
              174.7662196,
              -36.8474197
            ],
            [
              174.7661881,
              -36.8474873
            ],
            [
              174.7662517,
              -36.8475056
            ],
            [
              174.766276,
              -36.8475126
            ],
            [
              174.7665385,
              -36.8475799
            ],
            [
              174.7665625,
              -36.8475189
            ],
            [
              174.7662196,
              -36.8474197
            ]
          ]
        ]
      }
    },
    {
      "type": "Feature",
      "properties": {
        "id": "b-auk-0410",
        "building_id": "B-AUK-0410",
        "ulpin": "NZ-AUK-CBD-BL-000411-8",
        "name": "Sargood, Son and Ewen Building",
        "floors": 4,
        "height_m": 12.8,
        "base_elevation_msl": 7.5,
        "roof_elevation_msl": 20.3,
        "structure_type": "yes",
        "centroid": [
          174.764536,
          -36.8485
        ]
      },
      "geometry": {
        "type": "Polygon",
        "coordinates": [
          [
            [
              174.7646274,
              -36.8484736
            ],
            [
              174.7645698,
              -36.8484585
            ],
            [
              174.7645851,
              -36.8484237
            ],
            [
              174.7644473,
              -36.8483879
            ],
            [
              174.7643484,
              -36.8486128
            ],
            [
              174.7645462,
              -36.8486716
            ],
            [
              174.7646274,
              -36.8484736
            ]
          ]
        ]
      }
    },
    {
      "type": "Feature",
      "properties": {
        "id": "b-auk-0414",
        "building_id": "B-AUK-0414",
        "ulpin": "NZ-AUK-CBD-BL-000415-8",
        "name": "99 Queen Street",
        "floors": 10,
        "height_m": 32.0,
        "base_elevation_msl": 7.5,
        "roof_elevation_msl": 39.5,
        "structure_type": "yes",
        "centroid": [
          174.766001,
          -36.845885
        ]
      },
      "geometry": {
        "type": "Polygon",
        "coordinates": [
          [
            [
              174.7657981,
              -36.8457353
            ],
            [
              174.7657278,
              -36.84589
            ],
            [
              174.7661025,
              -36.8460008
            ],
            [
              174.7661239,
              -36.845951
            ],
            [
              174.7660793,
              -36.8459369
            ],
            [
              174.766083,
              -36.845926
            ],
            [
              174.7661316,
              -36.8459404
            ],
            [
              174.7661617,
              -36.8458459
            ],
            [
              174.7657981,
              -36.8457353
            ]
          ]
        ]
      }
    },
    {
      "type": "Feature",
      "properties": {
        "id": "b-auk-0416",
        "building_id": "B-AUK-0416",
        "ulpin": "NZ-AUK-CBD-BL-000417-8",
        "name": "Queen Victoria Building",
        "floors": 6,
        "height_m": 19.2,
        "base_elevation_msl": 7.5,
        "roof_elevation_msl": 26.7,
        "structure_type": "apartments",
        "centroid": [
          174.765829,
          -36.848835
        ]
      },
      "geometry": {
        "type": "Polygon",
        "coordinates": [
          [
            [
              174.7655785,
              -36.8487041
            ],
            [
              174.7655217,
              -36.8489191
            ],
            [
              174.7655202,
              -36.8489248
            ],
            [
              174.7655143,
              -36.8489471
            ],
            [
              174.7658069,
              -36.8490322
            ],
            [
              174.7658589,
              -36.8489023
            ],
            [
              174.7659668,
              -36.8489319
            ],
            [
              174.7660093,
              -36.8488238
            ],
            [
              174.7659915,
              -36.848819
            ],
            [
              174.7660052,
              -36.8487853
            ],
            [
              174.7660114,
              -36.8487699
            ],
            [
              174.765991,
              -36.8487646
            ],
            [
              174.7659706,
              -36.8487593
            ],
            [
              174.765951,
              -36.8488089
            ],
            [
              174.7659415,
              -36.8488065
            ],
            [
              174.7658767,
              -36.8487883
            ],
            [
              174.7655785,
              -36.8487041
            ]
          ]
        ]
      }
    },
    {
      "type": "Feature",
      "properties": {
        "id": "b-auk-0418",
        "building_id": "B-AUK-0418",
        "ulpin": "NZ-AUK-CBD-BL-000419-8",
        "name": "Louis Vuitton",
        "floors": 3,
        "height_m": 9.6,
        "base_elevation_msl": 7.5,
        "roof_elevation_msl": 17.1,
        "structure_type": "retail",
        "centroid": [
          174.766796,
          -36.845506
        ]
      },
      "geometry": {
        "type": "Polygon",
        "coordinates": [
          [
            [
              174.7665299,
              -36.84541
            ],
            [
              174.7665022,
              -36.8455054
            ],
            [
              174.7671614,
              -36.8456662
            ],
            [
              174.7671891,
              -36.8455763
            ],
            [
              174.766862,
              -36.8454949
            ],
            [
              174.766795,
              -36.8454778
            ],
            [
              174.7665299,
              -36.84541
            ]
          ]
        ]
      }
    },
    {
      "type": "Feature",
      "properties": {
        "id": "b-auk-0420",
        "building_id": "B-AUK-0420",
        "ulpin": "NZ-AUK-CBD-BL-000421-8",
        "name": "ACG Academic Colleges Group Pathways Campus",
        "floors": 10,
        "height_m": 32.0,
        "base_elevation_msl": 7.5,
        "roof_elevation_msl": 39.5,
        "structure_type": "yes",
        "centroid": [
          174.762578,
          -36.85456
        ]
      },
      "geometry": {
        "type": "Polygon",
        "coordinates": [
          [
            [
              174.7623545,
              -36.8546262
            ],
            [
              174.7624622,
              -36.854657
            ],
            [
              174.7624255,
              -36.854739
            ],
            [
              174.7625705,
              -36.8547805
            ],
            [
              174.7626087,
              -36.8546948
            ],
            [
              174.7626593,
              -36.8547093
            ],
            [
              174.7627167,
              -36.8545808
            ],
            [
              174.762774,
              -36.8544523
            ],
            [
              174.7627292,
              -36.8544395
            ],
            [
              174.7627628,
              -36.8543641
            ],
            [
              174.7625957,
              -36.8543163
            ],
            [
              174.7625044,
              -36.8542902
            ],
            [
              174.7623545,
              -36.8546262
            ]
          ]
        ]
      }
    },
    {
      "type": "Feature",
      "properties": {
        "id": "b-auk-0421",
        "building_id": "B-AUK-0421",
        "ulpin": "NZ-AUK-CBD-BL-000422-8",
        "name": "Sapphire Apartments",
        "floors": 12,
        "height_m": 38.4,
        "base_elevation_msl": 7.5,
        "roof_elevation_msl": 45.9,
        "structure_type": "apartments",
        "centroid": [
          174.76582,
          -36.85444
        ]
      },
      "geometry": {
        "type": "Polygon",
        "coordinates": [
          [
            [
              174.7656262,
              -36.854445
            ],
            [
              174.7656785,
              -36.8545372
            ],
            [
              174.765686,
              -36.8545504
            ],
            [
              174.7657582,
              -36.8545242
            ],
            [
              174.7657638,
              -36.854534
            ],
            [
              174.7659584,
              -36.8544633
            ],
            [
              174.7659501,
              -36.8544486
            ],
            [
              174.7659656,
              -36.8544429
            ],
            [
              174.7660851,
              -36.8543995
            ],
            [
              174.7660285,
              -36.8542999
            ],
            [
              174.7658509,
              -36.8543645
            ],
            [
              174.765844,
              -36.8543523
            ],
            [
              174.7657365,
              -36.8543913
            ],
            [
              174.7657428,
              -36.8544026
            ],
            [
              174.7656262,
              -36.854445
            ]
          ]
        ]
      }
    },
    {
      "type": "Feature",
      "properties": {
        "id": "b-auk-0422",
        "building_id": "B-AUK-0422",
        "ulpin": "NZ-AUK-CBD-BL-000423-8",
        "name": "WY Building",
        "floors": 10,
        "height_m": 32.0,
        "base_elevation_msl": 7.5,
        "roof_elevation_msl": 39.5,
        "structure_type": "university",
        "centroid": [
          174.764277,
          -36.853491
        ]
      },
      "geometry": {
        "type": "Polygon",
        "coordinates": [
          [
            [
              174.7641268,
              -36.8535995
            ],
            [
              174.7641555,
              -36.8536473
            ],
            [
              174.7644187,
              -36.8535233
            ],
            [
              174.7644695,
              -36.8534982
            ],
            [
              174.764529,
              -36.8534649
            ],
            [
              174.7645831,
              -36.8534303
            ],
            [
              174.7644874,
              -36.8532529
            ],
            [
              174.764033,
              -36.8534359
            ],
            [
              174.7640445,
              -36.853456
            ],
            [
              174.7640677,
              -36.8534965
            ],
            [
              174.7641268,
              -36.8535995
            ]
          ]
        ]
      }
    },
    {
      "type": "Feature",
      "properties": {
        "id": "b-auk-0423",
        "building_id": "B-AUK-0423",
        "ulpin": "NZ-AUK-CBD-BL-000424-8",
        "name": "The Wakefield",
        "floors": 10,
        "height_m": 32.0,
        "base_elevation_msl": 7.5,
        "roof_elevation_msl": 39.5,
        "structure_type": "apartments",
        "centroid": [
          174.764902,
          -36.852991
        ]
      },
      "geometry": {
        "type": "Polygon",
        "coordinates": [
          [
            [
              174.7647917,
              -36.8531636
            ],
            [
              174.7648329,
              -36.8531868
            ],
            [
              174.7649296,
              -36.8532051
            ],
            [
              174.7649881,
              -36.8531892
            ],
            [
              174.7652553,
              -36.8529873
            ],
            [
              174.7651961,
              -36.8528953
            ],
            [
              174.7650684,
              -36.8529433
            ],
            [
              174.7650139,
              -36.8529863
            ],
            [
              174.7649928,
              -36.8529677
            ],
            [
              174.764942,
              -36.8530148
            ],
            [
              174.7649268,
              -36.8529997
            ],
            [
              174.7648798,
              -36.8530118
            ],
            [
              174.7646925,
              -36.8526826
            ],
            [
              174.7645866,
              -36.8527222
            ],
            [
              174.7645478,
              -36.8527362
            ],
            [
              174.7647917,
              -36.8531636
            ]
          ]
        ]
      }
    },
    {
      "type": "Feature",
      "properties": {
        "id": "b-auk-0424",
        "building_id": "B-AUK-0424",
        "ulpin": "NZ-AUK-CBD-BL-000425-8",
        "name": "Queens Park Residences",
        "floors": 12,
        "height_m": 38.4,
        "base_elevation_msl": 7.5,
        "roof_elevation_msl": 45.9,
        "structure_type": "apartments",
        "centroid": [
          174.762265,
          -36.85511
        ]
      },
      "geometry": {
        "type": "Polygon",
        "coordinates": [
          [
            [
              174.76215,
              -36.8551594
            ],
            [
              174.7622797,
              -36.855194
            ],
            [
              174.7622912,
              -36.8551601
            ],
            [
              174.7623059,
              -36.8551655
            ],
            [
              174.7623657,
              -36.8551447
            ],
            [
              174.7624598,
              -36.8551676
            ],
            [
              174.7624852,
              -36.855104
            ],
            [
              174.7623944,
              -36.8550802
            ],
            [
              174.7623657,
              -36.8550283
            ],
            [
              174.7621938,
              -36.8549798
            ],
            [
              174.7621321,
              -36.8549993
            ],
            [
              174.7621073,
              -36.8550594
            ],
            [
              174.7621327,
              -36.8551178
            ],
            [
              174.7621624,
              -36.8551252
            ],
            [
              174.76215,
              -36.8551594
            ]
          ]
        ]
      }
    },
    {
      "type": "Feature",
      "properties": {
        "id": "b-auk-0425",
        "building_id": "B-AUK-0425",
        "ulpin": "NZ-AUK-CBD-BL-000426-8",
        "name": "Wellesley Apartments",
        "floors": 14,
        "height_m": 44.8,
        "base_elevation_msl": 7.5,
        "roof_elevation_msl": 52.3,
        "structure_type": "dormitory",
        "centroid": [
          174.766881,
          -36.854902
        ]
      },
      "geometry": {
        "type": "Polygon",
        "coordinates": [
          [
            [
              174.7669399,
              -36.8551255
            ],
            [
              174.767124,
              -36.8549643
            ],
            [
              174.7670738,
              -36.8549276
            ],
            [
              174.7671725,
              -36.8548392
            ],
            [
              174.7671305,
              -36.854808
            ],
            [
              174.767094,
              -36.8547809
            ],
            [
              174.7669915,
              -36.8548728
            ],
            [
              174.7669549,
              -36.8548702
            ],
            [
              174.7669459,
              -36.8549237
            ],
            [
              174.7669016,
              -36.8549618
            ],
            [
              174.7667844,
              -36.8548767
            ],
            [
              174.7667901,
              -36.8548662
            ],
            [
              174.7667813,
              -36.8548559
            ],
            [
              174.7667515,
              -36.8548589
            ],
            [
              174.7667286,
              -36.8547794
            ],
            [
              174.7667331,
              -36.854736
            ],
            [
              174.7665466,
              -36.8547084
            ],
            [
              174.7666342,
              -36.8549722
            ],
            [
              174.7667009,
              -36.8549315
            ],
            [
              174.7668339,
              -36.8550293
            ],
            [
              174.7668288,
              -36.8550344
            ],
            [
              174.7669399,
              -36.8551255
            ]
          ]
        ]
      }
    },
    {
      "type": "Feature",
      "properties": {
        "id": "b-auk-0426",
        "building_id": "B-AUK-0426",
        "ulpin": "NZ-AUK-CBD-BL-000427-8",
        "name": "Quest",
        "floors": 14,
        "height_m": 44.8,
        "base_elevation_msl": 7.5,
        "roof_elevation_msl": 52.3,
        "structure_type": "apartments",
        "centroid": [
          174.762415,
          -36.854883
        ]
      },
      "geometry": {
        "type": "Polygon",
        "coordinates": [
          [
            [
              174.7623438,
              -36.8547638
            ],
            [
              174.7623347,
              -36.8547903
            ],
            [
              174.7623131,
              -36.854795
            ],
            [
              174.7622979,
              -36.8548033
            ],
            [
              174.7622839,
              -36.8548188
            ],
            [
              174.7622714,
              -36.8548396
            ],
            [
              174.7622649,
              -36.8548534
            ],
            [
              174.7622639,
              -36.8548669
            ],
            [
              174.762266,
              -36.8548811
            ],
            [
              174.7622763,
              -36.8549002
            ],
            [
              174.7622599,
              -36.8549367
            ],
            [
              174.7623502,
              -36.8549613
            ],
            [
              174.7624121,
              -36.8549789
            ],
            [
              174.7624885,
              -36.8549986
            ],
            [
              174.7625001,
              -36.8549669
            ],
            [
              174.7625131,
              -36.8549701
            ],
            [
              174.7625287,
              -36.8549597
            ],
            [
              174.7625428,
              -36.854949
            ],
            [
              174.7625566,
              -36.8549336
            ],
            [
              174.7625647,
              -36.854916
            ],
            [
              174.7625673,
              -36.8548971
            ],
            [
              174.7625682,
              -36.8548792
            ],
            [
              174.7625618,
              -36.8548606
            ],
            [
              174.7625496,
              -36.8548592
            ],
            [
              174.7625647,
              -36.8548265
            ],
            [
              174.7623438,
              -36.8547638
            ]
          ]
        ]
      }
    },
    {
      "type": "Feature",
      "properties": {
        "id": "b-auk-0427",
        "building_id": "B-AUK-0427",
        "ulpin": "NZ-AUK-CBD-BL-000428-8",
        "name": "Regency Apartments",
        "floors": 5,
        "height_m": 16.0,
        "base_elevation_msl": 7.5,
        "roof_elevation_msl": 23.5,
        "structure_type": "apartments",
        "centroid": [
          174.764949,
          -36.852795
        ]
      },
      "geometry": {
        "type": "Polygon",
        "coordinates": [
          [
            [
              174.7651782,
              -36.8528924
            ],
            [
              174.7650087,
              -36.8525634
            ],
            [
              174.7649979,
              -36.8525675
            ],
            [
              174.7647751,
              -36.8526516
            ],
            [
              174.7648359,
              -36.8527626
            ],
            [
              174.7648575,
              -36.8527543
            ],
            [
              174.7649033,
              -36.8528304
            ],
            [
              174.7648829,
              -36.8528383
            ],
            [
              174.7649189,
              -36.852898
            ],
            [
              174.7649048,
              -36.8529035
            ],
            [
              174.7649508,
              -36.85298
            ],
            [
              174.7651782,
              -36.8528924
            ]
          ]
        ]
      }
    },
    {
      "type": "Feature",
      "properties": {
        "id": "b-auk-0428",
        "building_id": "B-AUK-0428",
        "ulpin": "NZ-AUK-CBD-BL-000429-8",
        "name": "Auckland Sunday School Union Building",
        "floors": 6,
        "height_m": 19.2,
        "base_elevation_msl": 7.5,
        "roof_elevation_msl": 26.7,
        "structure_type": "retail",
        "centroid": [
          174.762929,
          -36.853773
        ]
      },
      "geometry": {
        "type": "Polygon",
        "coordinates": [
          [
            [
              174.7630768,
              -36.8537561
            ],
            [
              174.7627665,
              -36.8536672
            ],
            [
              174.7627077,
              -36.8537985
            ],
            [
              174.763018,
              -36.8538875
            ],
            [
              174.7630768,
              -36.8537561
            ]
          ]
        ]
      }
    },
    {
      "type": "Feature",
      "properties": {
        "id": "b-auk-0429",
        "building_id": "B-AUK-0429",
        "ulpin": "NZ-AUK-CBD-BL-000430-8",
        "name": "WN Building",
        "floors": 10,
        "height_m": 32.0,
        "base_elevation_msl": 7.5,
        "roof_elevation_msl": 39.5,
        "structure_type": "university",
        "centroid": [
          174.766197,
          -36.854426
        ]
      },
      "geometry": {
        "type": "Polygon",
        "coordinates": [
          [
            [
              174.7661822,
              -36.854327
            ],
            [
              174.766134,
              -36.854346
            ],
            [
              174.7660866,
              -36.8543647
            ],
            [
              174.7662039,
              -36.8545557
            ],
            [
              174.766272,
              -36.8545289
            ],
            [
              174.7662446,
              -36.8544845
            ],
            [
              174.7662722,
              -36.8544736
            ],
            [
              174.7661822,
              -36.854327
            ]
          ]
        ]
      }
    },
    {
      "type": "Feature",
      "properties": {
        "id": "b-auk-0430",
        "building_id": "B-AUK-0430",
        "ulpin": "NZ-AUK-CBD-BL-000431-8",
        "name": "WU Building",
        "floors": 10,
        "height_m": 32.0,
        "base_elevation_msl": 7.5,
        "roof_elevation_msl": 39.5,
        "structure_type": "university",
        "centroid": [
          174.765281,
          -36.853771
        ]
      },
      "geometry": {
        "type": "Polygon",
        "coordinates": [
          [
            [
              174.7654663,
              -36.8538442
            ],
            [
              174.7653758,
              -36.8536858
            ],
            [
              174.7652627,
              -36.8537272
            ],
            [
              174.7652347,
              -36.8536746
            ],
            [
              174.7651506,
              -36.8537058
            ],
            [
              174.7651787,
              -36.8537579
            ],
            [
              174.7651497,
              -36.8537685
            ],
            [
              174.7652402,
              -36.8539269
            ],
            [
              174.7654663,
              -36.8538442
            ]
          ]
        ]
      }
    },
    {
      "type": "Feature",
      "properties": {
        "id": "b-auk-0432",
        "building_id": "B-AUK-0432",
        "ulpin": "NZ-AUK-CBD-BL-000433-8",
        "name": "The Aucklander",
        "floors": 14,
        "height_m": 44.8,
        "base_elevation_msl": 7.5,
        "roof_elevation_msl": 52.3,
        "structure_type": "apartments",
        "centroid": [
          174.765369,
          -36.852243
        ]
      },
      "geometry": {
        "type": "Polygon",
        "coordinates": [
          [
            [
              174.7653007,
              -36.8521809
            ],
            [
              174.765321,
              -36.8522893
            ],
            [
              174.7653438,
              -36.8522866
            ],
            [
              174.7653518,
              -36.852329
            ],
            [
              174.7653615,
              -36.8523278
            ],
            [
              174.7654286,
              -36.8523198
            ],
            [
              174.7654772,
              -36.8523139
            ],
            [
              174.765449,
              -36.8521629
            ],
            [
              174.7654006,
              -36.8521689
            ],
            [
              174.7653688,
              -36.8521728
            ],
            [
              174.7653211,
              -36.8521787
            ],
            [
              174.7653007,
              -36.8521809
            ]
          ]
        ]
      }
    },
    {
      "type": "Feature",
      "properties": {
        "id": "b-auk-0434",
        "building_id": "B-AUK-0434",
        "ulpin": "NZ-AUK-CBD-BL-000435-8",
        "name": "Institute of Religion",
        "floors": 10,
        "height_m": 32.0,
        "base_elevation_msl": 7.5,
        "roof_elevation_msl": 39.5,
        "structure_type": "yes",
        "centroid": [
          174.76549,
          -36.853642
        ]
      },
      "geometry": {
        "type": "Polygon",
        "coordinates": [
          [
            [
              174.7656253,
              -36.8536339
            ],
            [
              174.7655773,
              -36.8535474
            ],
            [
              174.7653439,
              -36.853634
            ],
            [
              174.7653758,
              -36.8536858
            ],
            [
              174.7653944,
              -36.8537183
            ],
            [
              174.7656253,
              -36.8536339
            ]
          ]
        ]
      }
    },
    {
      "type": "Feature",
      "properties": {
        "id": "b-auk-0436",
        "building_id": "B-AUK-0436",
        "ulpin": "NZ-AUK-CBD-BL-000437-8",
        "name": "47 Saint Paul Street Accomodation",
        "floors": 10,
        "height_m": 32.0,
        "base_elevation_msl": 7.5,
        "roof_elevation_msl": 39.5,
        "structure_type": "apartments",
        "centroid": [
          174.765575,
          -36.853709
        ]
      },
      "geometry": {
        "type": "Polygon",
        "coordinates": [
          [
            [
              174.7656253,
              -36.8536339
            ],
            [
              174.7653944,
              -36.8537183
            ],
            [
              174.7654663,
              -36.8538442
            ],
            [
              174.7656972,
              -36.8537598
            ],
            [
              174.765642,
              -36.8536632
            ],
            [
              174.7656253,
              -36.8536339
            ]
          ]
        ]
      }
    },
    {
      "type": "Feature",
      "properties": {
        "id": "b-auk-0438",
        "building_id": "B-AUK-0438",
        "ulpin": "NZ-AUK-CBD-BL-000439-8",
        "name": "Airedale Boutique Suites",
        "floors": 10,
        "height_m": 32.0,
        "base_elevation_msl": 7.5,
        "roof_elevation_msl": 39.5,
        "structure_type": "commercial",
        "centroid": [
          174.763673,
          -36.853408
        ]
      },
      "geometry": {
        "type": "Polygon",
        "coordinates": [
          [
            [
              174.7635488,
              -36.8534966
            ],
            [
              174.7637101,
              -36.8535333
            ],
            [
              174.7638478,
              -36.8534556
            ],
            [
              174.7637248,
              -36.8532386
            ],
            [
              174.7636568,
              -36.85323
            ],
            [
              174.7635488,
              -36.8534966
            ]
          ]
        ]
      }
    },
    {
      "type": "Feature",
      "properties": {
        "id": "b-auk-0439",
        "building_id": "B-AUK-0439",
        "ulpin": "NZ-AUK-CBD-BL-000440-8",
        "name": "Q Theatre",
        "floors": 2,
        "height_m": 6.4,
        "base_elevation_msl": 7.5,
        "roof_elevation_msl": 13.9,
        "structure_type": "yes",
        "centroid": [
          174.762836,
          -36.853317
        ]
      },
      "geometry": {
        "type": "Polygon",
        "coordinates": [
          [
            [
              174.7628292,
              -36.8534511
            ],
            [
              174.7629055,
              -36.8533553
            ],
            [
              174.7629132,
              -36.8533581
            ],
            [
              174.7629222,
              -36.8533612
            ],
            [
              174.763227,
              -36.853452
            ],
            [
              174.7632325,
              -36.8534395
            ],
            [
              174.7632713,
              -36.8533501
            ],
            [
              174.7632893,
              -36.8533105
            ],
            [
              174.763295,
              -36.853298
            ],
            [
              174.7630323,
              -36.8532217
            ],
            [
              174.7630175,
              -36.8532543
            ],
            [
              174.7629878,
              -36.8532455
            ],
            [
              174.7629851,
              -36.8532512
            ],
            [
              174.7626747,
              -36.8531564
            ],
            [
              174.7626643,
              -36.853164
            ],
            [
              174.7626774,
              -36.8531687
            ],
            [
              174.7626738,
              -36.8531723
            ],
            [
              174.7626701,
              -36.853176
            ],
            [
              174.7626553,
              -36.8531707
            ],
            [
              174.7625102,
              -36.8532771
            ],
            [
              174.7625327,
              -36.8532919
            ],
            [
              174.7625426,
              -36.8532983
            ],
            [
              174.7625878,
              -36.8533279
            ],
            [
              174.7626028,
              -36.8533356
            ],
            [
              174.762637,
              -36.853353
            ],
            [
              174.7627211,
              -36.8533959
            ],
            [
              174.7627008,
              -36.8534187
            ],
            [
              174.7627559,
              -36.8534471
            ],
            [
              174.7627767,
              -36.8534243
            ],
            [
              174.7628016,
              -36.853437
            ],
            [
              174.7628292,
              -36.8534511
            ]
          ]
        ]
      }
    },
    {
      "type": "Feature",
      "properties": {
        "id": "b-auk-0440",
        "building_id": "B-AUK-0440",
        "ulpin": "NZ-AUK-CBD-BL-000441-8",
        "name": "NZ School of Tourism",
        "floors": 10,
        "height_m": 32.0,
        "base_elevation_msl": 7.5,
        "roof_elevation_msl": 39.5,
        "structure_type": "commercial",
        "centroid": [
          174.76402,
          -36.852849
        ]
      },
      "geometry": {
        "type": "Polygon",
        "coordinates": [
          [
            [
              174.7640485,
              -36.8529696
            ],
            [
              174.7642813,
              -36.8528838
            ],
            [
              174.7641402,
              -36.8526441
            ],
            [
              174.7639139,
              -36.8527319
            ],
            [
              174.7639318,
              -36.8527634
            ],
            [
              174.7639435,
              -36.8527836
            ],
            [
              174.7639573,
              -36.8528079
            ],
            [
              174.7639689,
              -36.8528284
            ],
            [
              174.7639828,
              -36.8528529
            ],
            [
              174.7639969,
              -36.8528777
            ],
            [
              174.7640093,
              -36.8528991
            ],
            [
              174.7640209,
              -36.8529213
            ],
            [
              174.7640371,
              -36.8529497
            ],
            [
              174.7640485,
              -36.8529696
            ]
          ]
        ]
      }
    },
    {
      "type": "Feature",
      "properties": {
        "id": "b-auk-0441",
        "building_id": "B-AUK-0441",
        "ulpin": "NZ-AUK-CBD-BL-000442-8",
        "name": "Housing Corporation Building",
        "floors": 4,
        "height_m": 12.8,
        "base_elevation_msl": 7.5,
        "roof_elevation_msl": 20.3,
        "structure_type": "ruins",
        "centroid": [
          174.765165,
          -36.852336
        ]
      },
      "geometry": {
        "type": "Polygon",
        "coordinates": [
          [
            [
              174.7652803,
              -36.8521831
            ],
            [
              174.7652095,
              -36.8521925
            ],
            [
              174.7651232,
              -36.8522039
            ],
            [
              174.7650112,
              -36.8522187
            ],
            [
              174.7649924,
              -36.8522594
            ],
            [
              174.7650588,
              -36.8523713
            ],
            [
              174.765174,
              -36.8525653
            ],
            [
              174.7652353,
              -36.8526686
            ],
            [
              174.7652718,
              -36.8526559
            ],
            [
              174.7651897,
              -36.8525114
            ],
            [
              174.7650798,
              -36.852318
            ],
            [
              174.765071,
              -36.8522629
            ],
            [
              174.7652159,
              -36.8522327
            ],
            [
              174.7652855,
              -36.8522177
            ],
            [
              174.7652803,
              -36.8521831
            ]
          ]
        ]
      }
    },
    {
      "type": "Feature",
      "properties": {
        "id": "b-auk-0445",
        "building_id": "B-AUK-0445",
        "ulpin": "NZ-AUK-CBD-BL-000446-8",
        "name": "Ellen Melville Centre",
        "floors": 10,
        "height_m": 32.0,
        "base_elevation_msl": 7.5,
        "roof_elevation_msl": 39.5,
        "structure_type": "yes",
        "centroid": [
          174.766784,
          -36.847617
        ]
      },
      "geometry": {
        "type": "Polygon",
        "coordinates": [
          [
            [
              174.7667724,
              -36.8476506
            ],
            [
              174.7667979,
              -36.8476552
            ],
            [
              174.7669967,
              -36.8476954
            ],
            [
              174.7670389,
              -36.8475678
            ],
            [
              174.7668754,
              -36.8475366
            ],
            [
              174.7667218,
              -36.8475083
            ],
            [
              174.7667074,
              -36.847579
            ],
            [
              174.7667047,
              -36.8475994
            ],
            [
              174.7667047,
              -36.8476144
            ],
            [
              174.7667138,
              -36.8476282
            ],
            [
              174.7667225,
              -36.8476353
            ],
            [
              174.7667312,
              -36.8476399
            ],
            [
              174.7667414,
              -36.8476438
            ],
            [
              174.7667532,
              -36.8476463
            ],
            [
              174.7667724,
              -36.8476506
            ]
          ]
        ]
      }
    },
    {
      "type": "Feature",
      "properties": {
        "id": "b-auk-0449",
        "building_id": "B-AUK-0449",
        "ulpin": "NZ-AUK-CBD-BL-000450-8",
        "name": "British Traders' Insurance Building",
        "floors": 10,
        "height_m": 32.0,
        "base_elevation_msl": 7.5,
        "roof_elevation_msl": 39.5,
        "structure_type": "yes",
        "centroid": [
          174.766984,
          -36.847477
        ]
      },
      "geometry": {
        "type": "Polygon",
        "coordinates": [
          [
            [
              174.7670601,
              -36.8475018
            ],
            [
              174.7670892,
              -36.8473993
            ],
            [
              174.7669413,
              -36.8473665
            ],
            [
              174.766914,
              -36.8474725
            ],
            [
              174.7668926,
              -36.8474685
            ],
            [
              174.7668754,
              -36.8475366
            ],
            [
              174.7670389,
              -36.8475678
            ],
            [
              174.7670601,
              -36.8475018
            ]
          ]
        ]
      }
    },
    {
      "type": "Feature",
      "properties": {
        "id": "b-auk-0454",
        "building_id": "B-AUK-0454",
        "ulpin": "NZ-AUK-CBD-BL-000455-8",
        "name": "Norfolk House",
        "floors": 5,
        "height_m": 16.0,
        "base_elevation_msl": 7.5,
        "roof_elevation_msl": 23.5,
        "structure_type": "yes",
        "centroid": [
          174.76691,
          -36.847353
        ]
      },
      "geometry": {
        "type": "Polygon",
        "coordinates": [
          [
            [
              174.7667972,
              -36.8472533
            ],
            [
              174.7667415,
              -36.8474253
            ],
            [
              174.7668983,
              -36.8474578
            ],
            [
              174.7669281,
              -36.8473659
            ],
            [
              174.7670892,
              -36.8473993
            ],
            [
              174.7671152,
              -36.8473192
            ],
            [
              174.7667972,
              -36.8472533
            ]
          ]
        ]
      }
    },
    {
      "type": "Feature",
      "properties": {
        "id": "b-auk-0455",
        "building_id": "B-AUK-0455",
        "ulpin": "NZ-AUK-CBD-BL-000456-8",
        "name": "Nautilus Apartments",
        "floors": 10,
        "height_m": 32.0,
        "base_elevation_msl": 7.5,
        "roof_elevation_msl": 39.5,
        "structure_type": "apartments",
        "centroid": [
          174.763201,
          -36.845239
        ]
      },
      "geometry": {
        "type": "Polygon",
        "coordinates": [
          [
            [
              174.763109,
              -36.8451482
            ],
            [
              174.7630473,
              -36.8452918
            ],
            [
              174.763335,
              -36.845376
            ],
            [
              174.7634027,
              -36.8452328
            ],
            [
              174.763109,
              -36.8451482
            ]
          ]
        ]
      }
    },
    {
      "type": "Feature",
      "properties": {
        "id": "b-auk-0456",
        "building_id": "B-AUK-0456",
        "ulpin": "NZ-AUK-CBD-BL-000457-8",
        "name": "Hotel Grand Chancellor",
        "floors": 15,
        "height_m": 48.0,
        "base_elevation_msl": 7.5,
        "roof_elevation_msl": 55.5,
        "structure_type": "yes",
        "centroid": [
          174.762433,
          -36.84498
        ]
      },
      "geometry": {
        "type": "Polygon",
        "coordinates": [
          [
            [
              174.7622117,
              -36.8450585
            ],
            [
              174.762268,
              -36.8450775
            ],
            [
              174.7622757,
              -36.8450684
            ],
            [
              174.7624296,
              -36.8451249
            ],
            [
              174.7628719,
              -36.8449444
            ],
            [
              174.7629694,
              -36.8447246
            ],
            [
              174.7625081,
              -36.8449007
            ],
            [
              174.7624008,
              -36.84492
            ],
            [
              174.7624169,
              -36.8449372
            ],
            [
              174.7623065,
              -36.8449659
            ],
            [
              174.7623253,
              -36.8449809
            ],
            [
              174.7622117,
              -36.8450585
            ]
          ]
        ]
      }
    },
    {
      "type": "Feature",
      "properties": {
        "id": "b-auk-0457",
        "building_id": "B-AUK-0457",
        "ulpin": "NZ-AUK-CBD-BL-000458-8",
        "name": "Hobson Quay Apartments",
        "floors": 10,
        "height_m": 32.0,
        "base_elevation_msl": 7.5,
        "roof_elevation_msl": 39.5,
        "structure_type": "apartments",
        "centroid": [
          174.763291,
          -36.845038
        ]
      },
      "geometry": {
        "type": "Polygon",
        "coordinates": [
          [
            [
              174.7632167,
              -36.8449084
            ],
            [
              174.763109,
              -36.8451482
            ],
            [
              174.7634027,
              -36.8452328
            ],
            [
              174.7635104,
              -36.844993
            ],
            [
              174.7632167,
              -36.8449084
            ]
          ]
        ]
      }
    },
    {
      "type": "Feature",
      "properties": {
        "id": "b-auk-0459",
        "building_id": "B-AUK-0459",
        "ulpin": "NZ-AUK-CBD-BL-000460-8",
        "name": "Dunningham House",
        "floors": 10,
        "height_m": 32.0,
        "base_elevation_msl": 7.5,
        "roof_elevation_msl": 39.5,
        "structure_type": "apartments",
        "centroid": [
          174.76342,
          -36.844857
        ]
      },
      "geometry": {
        "type": "Polygon",
        "coordinates": [
          [
            [
              174.7633018,
              -36.8447143
            ],
            [
              174.7632167,
              -36.8449084
            ],
            [
              174.7635104,
              -36.844993
            ],
            [
              174.7635531,
              -36.8450028
            ],
            [
              174.7636382,
              -36.8448085
            ],
            [
              174.7633018,
              -36.8447143
            ]
          ]
        ]
      }
    },
    {
      "type": "Feature",
      "properties": {
        "id": "b-auk-0461",
        "building_id": "B-AUK-0461",
        "ulpin": "NZ-AUK-CBD-BL-000462-8",
        "name": "Aspire2 International",
        "floors": 10,
        "height_m": 32.0,
        "base_elevation_msl": 7.5,
        "roof_elevation_msl": 39.5,
        "structure_type": "college",
        "centroid": [
          174.763127,
          -36.845397
        ]
      },
      "geometry": {
        "type": "Polygon",
        "coordinates": [
          [
            [
              174.7630376,
              -36.8453156
            ],
            [
              174.7629816,
              -36.8454355
            ],
            [
              174.7632624,
              -36.8455195
            ],
            [
              174.7633183,
              -36.8453996
            ],
            [
              174.7630376,
              -36.8453156
            ]
          ]
        ]
      }
    },
    {
      "type": "Feature",
      "properties": {
        "id": "b-auk-0466",
        "building_id": "B-AUK-0466",
        "ulpin": "NZ-AUK-CBD-BL-000467-8",
        "name": "Albert Park House",
        "floors": 10,
        "height_m": 32.0,
        "base_elevation_msl": 7.5,
        "roof_elevation_msl": 39.5,
        "structure_type": "yes",
        "centroid": [
          174.76791,
          -36.851956
        ]
      },
      "geometry": {
        "type": "Polygon",
        "coordinates": [
          [
            [
              174.7680043,
              -36.8519255
            ],
            [
              174.7679661,
              -36.851904
            ],
            [
              174.7679165,
              -36.851876
            ],
            [
              174.7678556,
              -36.8519451
            ],
            [
              174.7678156,
              -36.8519904
            ],
            [
              174.7678514,
              -36.8520107
            ],
            [
              174.7678612,
              -36.8519997
            ],
            [
              174.767913,
              -36.852029
            ],
            [
              174.7680043,
              -36.8519255
            ]
          ]
        ]
      }
    },
    {
      "type": "Feature",
      "properties": {
        "id": "b-auk-0467",
        "building_id": "B-AUK-0467",
        "ulpin": "NZ-AUK-CBD-BL-000468-8",
        "name": "Waterloo Towers",
        "floors": 16,
        "height_m": 51.2,
        "base_elevation_msl": 7.5,
        "roof_elevation_msl": 58.7,
        "structure_type": "commercial",
        "centroid": [
          174.77148,
          -36.849109
        ]
      },
      "geometry": {
        "type": "Polygon",
        "coordinates": [
          [
            [
              174.7713509,
              -36.8491578
            ],
            [
              174.771367,
              -36.8491626
            ],
            [
              174.7713786,
              -36.8491598
            ],
            [
              174.771463,
              -36.8491682
            ],
            [
              174.7714907,
              -36.8491584
            ],
            [
              174.7714823,
              -36.8491433
            ],
            [
              174.7715214,
              -36.8491295
            ],
            [
              174.7715343,
              -36.849111
            ],
            [
              174.7716163,
              -36.849083
            ],
            [
              174.7716139,
              -36.8490785
            ],
            [
              174.7716833,
              -36.8490548
            ],
            [
              174.7716527,
              -36.8489975
            ],
            [
              174.7714919,
              -36.8490524
            ],
            [
              174.7714272,
              -36.8490476
            ],
            [
              174.7714027,
              -36.8490535
            ],
            [
              174.7713354,
              -36.8491312
            ],
            [
              174.7713509,
              -36.8491578
            ]
          ]
        ]
      }
    },
    {
      "type": "Feature",
      "properties": {
        "id": "b-auk-0468",
        "building_id": "B-AUK-0468",
        "ulpin": "NZ-AUK-CBD-BL-000469-8",
        "name": "The Connaught",
        "floors": 14,
        "height_m": 44.8,
        "base_elevation_msl": 7.5,
        "roof_elevation_msl": 52.3,
        "structure_type": "apartments",
        "centroid": [
          174.771001,
          -36.848552
        ]
      },
      "geometry": {
        "type": "Polygon",
        "coordinates": [
          [
            [
              174.7708049,
              -36.8486558
            ],
            [
              174.7709333,
              -36.8487422
            ],
            [
              174.7712957,
              -36.8483971
            ],
            [
              174.7711672,
              -36.8483107
            ],
            [
              174.7708049,
              -36.8486558
            ]
          ]
        ]
      }
    },
    {
      "type": "Feature",
      "properties": {
        "id": "b-auk-0470",
        "building_id": "B-AUK-0470",
        "ulpin": "NZ-AUK-CBD-BL-000471-8",
        "name": "Saint Andrews Office",
        "floors": 10,
        "height_m": 32.0,
        "base_elevation_msl": 7.5,
        "roof_elevation_msl": 39.5,
        "structure_type": "church",
        "centroid": [
          174.772257,
          -36.850891
        ]
      },
      "geometry": {
        "type": "Polygon",
        "coordinates": [
          [
            [
              174.772187,
              -36.8508927
            ],
            [
              174.7722364,
              -36.8509536
            ],
            [
              174.7723623,
              -36.8508883
            ],
            [
              174.772313,
              -36.8508274
            ],
            [
              174.772187,
              -36.8508927
            ]
          ]
        ]
      }
    },
    {
      "type": "Feature",
      "properties": {
        "id": "b-auk-0472",
        "building_id": "B-AUK-0472",
        "ulpin": "NZ-AUK-CBD-BL-000473-8",
        "name": "UniLodge Anzac",
        "floors": 10,
        "height_m": 32.0,
        "base_elevation_msl": 7.5,
        "roof_elevation_msl": 39.5,
        "structure_type": "yes",
        "centroid": [
          174.773829,
          -36.849293
        ]
      },
      "geometry": {
        "type": "Polygon",
        "coordinates": [
          [
            [
              174.7739572,
              -36.8493796
            ],
            [
              174.7739774,
              -36.8493754
            ],
            [
              174.7739877,
              -36.8493657
            ],
            [
              174.7740052,
              -36.8493295
            ],
            [
              174.7740048,
              -36.84926
            ],
            [
              174.7740045,
              -36.8492504
            ],
            [
              174.7740045,
              -36.849243
            ],
            [
              174.7740008,
              -36.8491191
            ],
            [
              174.7739489,
              -36.8491227
            ],
            [
              174.7738279,
              -36.849131
            ],
            [
              174.7736985,
              -36.8491433
            ],
            [
              174.773699,
              -36.8491666
            ],
            [
              174.7736996,
              -36.8491979
            ],
            [
              174.773775,
              -36.8491965
            ],
            [
              174.7737762,
              -36.8492192
            ],
            [
              174.7737771,
              -36.8492383
            ],
            [
              174.7736778,
              -36.849241
            ],
            [
              174.7736785,
              -36.8492666
            ],
            [
              174.7736797,
              -36.849313
            ],
            [
              174.7736508,
              -36.8493362
            ],
            [
              174.7736508,
              -36.8493641
            ],
            [
              174.7736726,
              -36.8493862
            ],
            [
              174.7736999,
              -36.8494043
            ],
            [
              174.7737508,
              -36.8494189
            ],
            [
              174.7737935,
              -36.8494212
            ],
            [
              174.7738495,
              -36.84942
            ],
            [
              174.773892,
              -36.8494127
            ],
            [
              174.7739308,
              -36.8493985
            ],
            [
              174.7739572,
              -36.8493796
            ]
          ]
        ]
      }
    },
    {
      "type": "Feature",
      "properties": {
        "id": "b-auk-0473",
        "building_id": "B-AUK-0473",
        "ulpin": "NZ-AUK-CBD-BL-000474-8",
        "name": "Wharau o T\u0101maki / Auckland House",
        "floors": 29,
        "height_m": 92.8,
        "base_elevation_msl": 7.5,
        "roof_elevation_msl": 100.3,
        "structure_type": "yes",
        "centroid": [
          174.762454,
          -36.849919
        ]
      },
      "geometry": {
        "type": "Polygon",
        "coordinates": [
          [
            [
              174.762258,
              -36.8498276
            ],
            [
              174.7622519,
              -36.8498297
            ],
            [
              174.7622533,
              -36.8498477
            ],
            [
              174.7622385,
              -36.8498558
            ],
            [
              174.7622697,
              -36.8500379
            ],
            [
              174.7622898,
              -36.8500409
            ],
            [
              174.7622912,
              -36.8500556
            ],
            [
              174.7623029,
              -36.8500597
            ],
            [
              174.7623056,
              -36.8500881
            ],
            [
              174.7624495,
              -36.8501279
            ],
            [
              174.7624544,
              -36.8501155
            ],
            [
              174.7625356,
              -36.8501074
            ],
            [
              174.7625431,
              -36.8501155
            ],
            [
              174.7626673,
              -36.8500467
            ],
            [
              174.7626637,
              -36.850014
            ],
            [
              174.7626697,
              -36.8500111
            ],
            [
              174.7626687,
              -36.8499963
            ],
            [
              174.7626828,
              -36.8499888
            ],
            [
              174.7626523,
              -36.8498096
            ],
            [
              174.7626308,
              -36.8498037
            ],
            [
              174.7626288,
              -36.8497903
            ],
            [
              174.7626181,
              -36.8497887
            ],
            [
              174.7626159,
              -36.8497551
            ],
            [
              174.7624686,
              -36.8497168
            ],
            [
              174.7624658,
              -36.8497291
            ],
            [
              174.7623867,
              -36.8497382
            ],
            [
              174.7623814,
              -36.8497275
            ],
            [
              174.762253,
              -36.8497997
            ],
            [
              174.762258,
              -36.8498276
            ]
          ]
        ]
      }
    },
    {
      "type": "Feature",
      "properties": {
        "id": "b-auk-0474",
        "building_id": "B-AUK-0474",
        "ulpin": "NZ-AUK-CBD-BL-000475-8",
        "name": "JW Marriott Auckland",
        "floors": 10,
        "height_m": 32.0,
        "base_elevation_msl": 7.5,
        "roof_elevation_msl": 39.5,
        "structure_type": "yes",
        "centroid": [
          174.765177,
          -36.845635
        ]
      },
      "geometry": {
        "type": "Polygon",
        "coordinates": [
          [
            [
              174.7650766,
              -36.8460485
            ],
            [
              174.765331,
              -36.8461207
            ],
            [
              174.7656679,
              -36.8453893
            ],
            [
              174.7656304,
              -36.8453217
            ],
            [
              174.7654397,
              -36.8452668
            ],
            [
              174.7652897,
              -36.845224
            ],
            [
              174.7651529,
              -36.8455616
            ],
            [
              174.7650651,
              -36.8455374
            ],
            [
              174.7650966,
              -36.8454747
            ],
            [
              174.7650503,
              -36.8454011
            ],
            [
              174.7649643,
              -36.8455718
            ],
            [
              174.7649947,
              -36.8456458
            ],
            [
              174.7648796,
              -36.8459074
            ],
            [
              174.7649369,
              -36.8459986
            ],
            [
              174.7650766,
              -36.8460485
            ]
          ]
        ]
      }
    },
    {
      "type": "Feature",
      "properties": {
        "id": "b-auk-0475",
        "building_id": "B-AUK-0475",
        "ulpin": "NZ-AUK-CBD-BL-000476-8",
        "name": "Atrium on Elliott",
        "floors": 10,
        "height_m": 32.0,
        "base_elevation_msl": 7.5,
        "roof_elevation_msl": 39.5,
        "structure_type": "retail",
        "centroid": [
          174.763631,
          -36.849832
        ]
      },
      "geometry": {
        "type": "Polygon",
        "coordinates": [
          [
            [
              174.7637109,
              -36.8502027
            ],
            [
              174.7637756,
              -36.850054
            ],
            [
              174.7640344,
              -36.8494594
            ],
            [
              174.7638718,
              -36.8494172
            ],
            [
              174.7637745,
              -36.8496443
            ],
            [
              174.7634371,
              -36.8495464
            ],
            [
              174.7634011,
              -36.8496265
            ],
            [
              174.763208,
              -36.8500558
            ],
            [
              174.7633856,
              -36.8501087
            ],
            [
              174.7637109,
              -36.8502027
            ]
          ]
        ]
      }
    },
    {
      "type": "Feature",
      "properties": {
        "id": "b-auk-0476",
        "building_id": "B-AUK-0476",
        "ulpin": "NZ-AUK-CBD-BL-000477-8",
        "name": "Crowne Plaza Auckland",
        "floors": 29,
        "height_m": 92.8,
        "base_elevation_msl": 7.5,
        "roof_elevation_msl": 100.3,
        "structure_type": "yes",
        "centroid": [
          174.763216,
          -36.849798
        ]
      },
      "geometry": {
        "type": "Polygon",
        "coordinates": [
          [
            [
              174.763208,
              -36.8500558
            ],
            [
              174.7633428,
              -36.8497562
            ],
            [
              174.7634011,
              -36.8496265
            ],
            [
              174.7633837,
              -36.8496212
            ],
            [
              174.7634025,
              -36.8495686
            ],
            [
              174.7633234,
              -36.8495471
            ],
            [
              174.7632992,
              -36.8496008
            ],
            [
              174.7632581,
              -36.8495898
            ],
            [
              174.7631863,
              -36.8495705
            ],
            [
              174.7630291,
              -36.8499386
            ],
            [
              174.7630036,
              -36.8499955
            ],
            [
              174.7630116,
              -36.8499984
            ],
            [
              174.7630229,
              -36.8500007
            ],
            [
              174.7631624,
              -36.8500406
            ],
            [
              174.763208,
              -36.8500558
            ]
          ]
        ]
      }
    },
    {
      "type": "Feature",
      "properties": {
        "id": "b-auk-0478",
        "building_id": "B-AUK-0478",
        "ulpin": "NZ-AUK-CBD-BL-000479-8",
        "name": "Campbell House",
        "floors": 19,
        "height_m": 60.8,
        "base_elevation_msl": 7.5,
        "roof_elevation_msl": 68.3,
        "structure_type": "dormitory",
        "centroid": [
          174.765293,
          -36.85257
        ]
      },
      "geometry": {
        "type": "Polygon",
        "coordinates": [
          [
            [
              174.7652353,
              -36.8526686
            ],
            [
              174.7652826,
              -36.852745
            ],
            [
              174.765306,
              -36.8527826
            ],
            [
              174.7653235,
              -36.852811
            ],
            [
              174.7653293,
              -36.8528203
            ],
            [
              174.7653593,
              -36.8528194
            ],
            [
              174.7653718,
              -36.8527981
            ],
            [
              174.7654432,
              -36.8526819
            ],
            [
              174.7655271,
              -36.8525443
            ],
            [
              174.7654549,
              -36.8524592
            ],
            [
              174.7652859,
              -36.8522604
            ],
            [
              174.7652855,
              -36.8522177
            ],
            [
              174.7652159,
              -36.8522327
            ],
            [
              174.765071,
              -36.8522629
            ],
            [
              174.7650798,
              -36.852318
            ],
            [
              174.7651897,
              -36.8525114
            ],
            [
              174.7652718,
              -36.8526559
            ],
            [
              174.7652353,
              -36.8526686
            ]
          ]
        ]
      }
    },
    {
      "type": "Feature",
      "properties": {
        "id": "b-auk-0479",
        "building_id": "B-AUK-0479",
        "ulpin": "NZ-AUK-CBD-BL-000480-8",
        "name": "Scene One",
        "floors": 12,
        "height_m": 38.4,
        "base_elevation_msl": 7.5,
        "roof_elevation_msl": 45.9,
        "structure_type": "apartments",
        "centroid": [
          174.771464,
          -36.845321
        ]
      },
      "geometry": {
        "type": "Polygon",
        "coordinates": [
          [
            [
              174.7715451,
              -36.8453967
            ],
            [
              174.7715504,
              -36.8454351
            ],
            [
              174.7715603,
              -36.845447
            ],
            [
              174.7715727,
              -36.8454623
            ],
            [
              174.7715884,
              -36.8454748
            ],
            [
              174.7716107,
              -36.8454867
            ],
            [
              174.7716297,
              -36.8454953
            ],
            [
              174.7716488,
              -36.8454993
            ],
            [
              174.7716719,
              -36.8455
            ],
            [
              174.7716934,
              -36.8454973
            ],
            [
              174.7717174,
              -36.8454907
            ],
            [
              174.7717347,
              -36.8454834
            ],
            [
              174.7717537,
              -36.8454722
            ],
            [
              174.7717661,
              -36.8454748
            ],
            [
              174.7717927,
              -36.8454063
            ],
            [
              174.7718663,
              -36.8452151
            ],
            [
              174.7718477,
              -36.8452105
            ],
            [
              174.7717521,
              -36.845187
            ],
            [
              174.7713589,
              -36.845083
            ],
            [
              174.7713442,
              -36.8451215
            ],
            [
              174.7713218,
              -36.8451745
            ],
            [
              174.7711225,
              -36.8451432
            ],
            [
              174.7710998,
              -36.8451397
            ],
            [
              174.7710771,
              -36.8451361
            ],
            [
              174.7710663,
              -36.8450633
            ],
            [
              174.770901,
              -36.8450382
            ],
            [
              174.7709208,
              -36.8449919
            ],
            [
              174.7708869,
              -36.8449836
            ],
            [
              174.7707698,
              -36.8452673
            ],
            [
              174.7714879,
              -36.8454568
            ],
            [
              174.771495,
              -36.8454419
            ],
            [
              174.7715206,
              -36.845448
            ],
            [
              174.7715394,
              -36.8454011
            ],
            [
              174.7715451,
              -36.8453967
            ]
          ]
        ]
      }
    },
    {
      "type": "Feature",
      "properties": {
        "id": "b-auk-0480",
        "building_id": "B-AUK-0480",
        "ulpin": "NZ-AUK-CBD-BL-000481-8",
        "name": "Scene Two",
        "floors": 14,
        "height_m": 44.8,
        "base_elevation_msl": 7.5,
        "roof_elevation_msl": 52.3,
        "structure_type": "apartments",
        "centroid": [
          174.772132,
          -36.845446
        ]
      },
      "geometry": {
        "type": "Polygon",
        "coordinates": [
          [
            [
              174.7722925,
              -36.8456896
            ],
            [
              174.7724079,
              -36.8457494
            ],
            [
              174.7724955,
              -36.8455343
            ],
            [
              174.7725026,
              -36.8455169
            ],
            [
              174.7725064,
              -36.8455076
            ],
            [
              174.7725131,
              -36.8454936
            ],
            [
              174.7725184,
              -36.8454825
            ],
            [
              174.7722379,
              -36.8454076
            ],
            [
              174.7722471,
              -36.8453864
            ],
            [
              174.7722619,
              -36.8453526
            ],
            [
              174.7722644,
              -36.8453468
            ],
            [
              174.7720213,
              -36.8452819
            ],
            [
              174.7720279,
              -36.8452693
            ],
            [
              174.7719097,
              -36.8452402
            ],
            [
              174.7719126,
              -36.8452277
            ],
            [
              174.7718663,
              -36.8452151
            ],
            [
              174.7717927,
              -36.8454063
            ],
            [
              174.7718153,
              -36.8454123
            ],
            [
              174.7718143,
              -36.845416
            ],
            [
              174.7718297,
              -36.8454195
            ],
            [
              174.771794,
              -36.8455032
            ],
            [
              174.7717813,
              -36.8455353
            ],
            [
              174.7720647,
              -36.8456092
            ],
            [
              174.7722925,
              -36.8456896
            ]
          ]
        ]
      }
    },
    {
      "type": "Feature",
      "properties": {
        "id": "b-auk-0483",
        "building_id": "B-AUK-0483",
        "ulpin": "NZ-AUK-CBD-BL-000484-8",
        "name": "Victoria University of Wellington",
        "floors": 10,
        "height_m": 32.0,
        "base_elevation_msl": 7.5,
        "roof_elevation_msl": 39.5,
        "structure_type": "yes",
        "centroid": [
          174.767776,
          -36.848285
        ]
      },
      "geometry": {
        "type": "Polygon",
        "coordinates": [
          [
            [
              174.7678648,
              -36.8482822
            ],
            [
              174.7678737,
              -36.8482008
            ],
            [
              174.7676311,
              -36.8481821
            ],
            [
              174.7676643,
              -36.8483552
            ],
            [
              174.7676884,
              -36.8483789
            ],
            [
              174.7678437,
              -36.8483129
            ],
            [
              174.7678648,
              -36.8482822
            ]
          ]
        ]
      }
    },
    {
      "type": "Feature",
      "properties": {
        "id": "b-auk-0489",
        "building_id": "B-AUK-0489",
        "ulpin": "NZ-AUK-CBD-BL-000490-8",
        "name": "Ramada Suites",
        "floors": 10,
        "height_m": 32.0,
        "base_elevation_msl": 7.5,
        "roof_elevation_msl": 39.5,
        "structure_type": "yes",
        "centroid": [
          174.761041,
          -36.851404
        ]
      },
      "geometry": {
        "type": "Polygon",
        "coordinates": [
          [
            [
              174.760836,
              -36.8513935
            ],
            [
              174.7610985,
              -36.8514604
            ],
            [
              174.7611055,
              -36.8514469
            ],
            [
              174.7611168,
              -36.8514418
            ],
            [
              174.7611272,
              -36.8514288
            ],
            [
              174.7611319,
              -36.8514106
            ],
            [
              174.7611334,
              -36.851392
            ],
            [
              174.7611417,
              -36.8513724
            ],
            [
              174.7608799,
              -36.8512992
            ],
            [
              174.760836,
              -36.8513935
            ]
          ]
        ]
      }
    },
    {
      "type": "Feature",
      "properties": {
        "id": "b-auk-0490",
        "building_id": "B-AUK-0490",
        "ulpin": "NZ-AUK-CBD-BL-000491-8",
        "name": "Federal Court",
        "floors": 10,
        "height_m": 32.0,
        "base_elevation_msl": 7.5,
        "roof_elevation_msl": 39.5,
        "structure_type": "apartments",
        "centroid": [
          174.7617,
          -36.850795
        ]
      },
      "geometry": {
        "type": "Polygon",
        "coordinates": [
          [
            [
              174.7615537,
              -36.8508399
            ],
            [
              174.7618355,
              -36.8509195
            ],
            [
              174.76192,
              -36.8507277
            ],
            [
              174.7616382,
              -36.8506482
            ],
            [
              174.7615537,
              -36.8508399
            ]
          ]
        ]
      }
    },
    {
      "type": "Feature",
      "properties": {
        "id": "b-auk-0491",
        "building_id": "B-AUK-0491",
        "ulpin": "NZ-AUK-CBD-BL-000492-8",
        "name": "Auckland Central Police Base",
        "floors": 3,
        "height_m": 9.6,
        "base_elevation_msl": 7.5,
        "roof_elevation_msl": 17.1,
        "structure_type": "yes",
        "centroid": [
          174.761672,
          -36.851116
        ]
      },
      "geometry": {
        "type": "Polygon",
        "coordinates": [
          [
            [
              174.7613887,
              -36.8512049
            ],
            [
              174.7615491,
              -36.851246
            ],
            [
              174.7615859,
              -36.8512554
            ],
            [
              174.7616079,
              -36.8512077
            ],
            [
              174.7616546,
              -36.8511048
            ],
            [
              174.761754,
              -36.8511328
            ],
            [
              174.7617794,
              -36.8511399
            ],
            [
              174.7618392,
              -36.8511568
            ],
            [
              174.7619117,
              -36.8509953
            ],
            [
              174.7619014,
              -36.8509926
            ],
            [
              174.7618388,
              -36.850976
            ],
            [
              174.7615304,
              -36.8508942
            ],
            [
              174.7613887,
              -36.8512049
            ]
          ]
        ]
      }
    },
    {
      "type": "Feature",
      "properties": {
        "id": "b-auk-0494",
        "building_id": "B-AUK-0494",
        "ulpin": "NZ-AUK-CBD-BL-000495-8",
        "name": "32 Eden",
        "floors": 14,
        "height_m": 44.8,
        "base_elevation_msl": 7.5,
        "roof_elevation_msl": 52.3,
        "structure_type": "apartments",
        "centroid": [
          174.772439,
          -36.848199
        ]
      },
      "geometry": {
        "type": "Polygon",
        "coordinates": [
          [
            [
              174.7724572,
              -36.8480899
            ],
            [
              174.77228,
              -36.8482863
            ],
            [
              174.7724106,
              -36.8483618
            ],
            [
              174.7725879,
              -36.8481655
            ],
            [
              174.7724572,
              -36.8480899
            ]
          ]
        ]
      }
    },
    {
      "type": "Feature",
      "properties": {
        "id": "b-auk-0495",
        "building_id": "B-AUK-0495",
        "ulpin": "NZ-AUK-CBD-BL-000496-8",
        "name": "Seaview Apartments",
        "floors": 15,
        "height_m": 48.0,
        "base_elevation_msl": 7.5,
        "roof_elevation_msl": 55.5,
        "structure_type": "apartments",
        "centroid": [
          174.7716,
          -36.847118
        ]
      },
      "geometry": {
        "type": "Polygon",
        "coordinates": [
          [
            [
              174.7715426,
              -36.8469951
            ],
            [
              174.7714916,
              -36.8471481
            ],
            [
              174.7716084,
              -36.8473221
            ],
            [
              174.7717896,
              -36.8472392
            ],
            [
              174.7716267,
              -36.8470068
            ],
            [
              174.7715426,
              -36.8469951
            ]
          ]
        ]
      }
    },
    {
      "type": "Feature",
      "properties": {
        "id": "b-auk-0496",
        "building_id": "B-AUK-0496",
        "ulpin": "NZ-AUK-CBD-BL-000497-8",
        "name": "Maisons en Ville",
        "floors": 4,
        "height_m": 12.8,
        "base_elevation_msl": 7.5,
        "roof_elevation_msl": 20.3,
        "structure_type": "yes",
        "centroid": [
          174.77212,
          -36.846516
        ]
      },
      "geometry": {
        "type": "Polygon",
        "coordinates": [
          [
            [
              174.7721838,
              -36.8464529
            ],
            [
              174.771977,
              -36.8465302
            ],
            [
              174.7720235,
              -36.8466099
            ],
            [
              174.7722303,
              -36.8465326
            ],
            [
              174.7721838,
              -36.8464529
            ]
          ]
        ]
      }
    },
    {
      "type": "Feature",
      "properties": {
        "id": "b-auk-0498",
        "building_id": "B-AUK-0498",
        "ulpin": "NZ-AUK-CBD-BL-000499-8",
        "name": "F.E. Jackson & Co., Ltd",
        "floors": 4,
        "height_m": 12.8,
        "base_elevation_msl": 7.5,
        "roof_elevation_msl": 20.3,
        "structure_type": "yes",
        "centroid": [
          174.772204,
          -36.846666
        ]
      },
      "geometry": {
        "type": "Polygon",
        "coordinates": [
          [
            [
              174.7722889,
              -36.8466007
            ],
            [
              174.7722753,
              -36.8466057
            ],
            [
              174.7720642,
              -36.8466833
            ],
            [
              174.7720528,
              -36.8466875
            ],
            [
              174.7721094,
              -36.8467862
            ],
            [
              174.7723456,
              -36.8466994
            ],
            [
              174.7722889,
              -36.8466007
            ]
          ]
        ]
      }
    },
    {
      "type": "Feature",
      "properties": {
        "id": "b-auk-0499",
        "building_id": "B-AUK-0499",
        "ulpin": "NZ-AUK-CBD-BL-000500-8",
        "name": "Tasman Building",
        "floors": 10,
        "height_m": 32.0,
        "base_elevation_msl": 7.5,
        "roof_elevation_msl": 39.5,
        "structure_type": "yes",
        "centroid": [
          174.77206,
          -36.846394
        ]
      },
      "geometry": {
        "type": "Polygon",
        "coordinates": [
          [
            [
              174.7718907,
              -36.8463645
            ],
            [
              174.771977,
              -36.8465302
            ],
            [
              174.7721838,
              -36.8464529
            ],
            [
              174.7721555,
              -36.8464097
            ],
            [
              174.7721227,
              -36.8464217
            ],
            [
              174.7720885,
              -36.8463621
            ],
            [
              174.7721289,
              -36.8463473
            ],
            [
              174.7720995,
              -36.8462913
            ],
            [
              174.7718907,
              -36.8463645
            ]
          ]
        ]
      }
    },
    {
      "type": "Feature",
      "properties": {
        "id": "b-auk-0501",
        "building_id": "B-AUK-0501",
        "ulpin": "NZ-AUK-CBD-BL-000502-8",
        "name": "Oceanic Hostel",
        "floors": 4,
        "height_m": 12.8,
        "base_elevation_msl": 7.5,
        "roof_elevation_msl": 20.3,
        "structure_type": "yes",
        "centroid": [
          174.772556,
          -36.847967
        ]
      },
      "geometry": {
        "type": "Polygon",
        "coordinates": [
          [
            [
              174.7725855,
              -36.8478177
            ],
            [
              174.7724133,
              -36.8479477
            ],
            [
              174.772376,
              -36.8479759
            ],
            [
              174.7725611,
              -36.8481329
            ],
            [
              174.772597,
              -36.8481057
            ],
            [
              174.7727706,
              -36.8479747
            ],
            [
              174.7725855,
              -36.8478177
            ]
          ]
        ]
      }
    },
    {
      "type": "Feature",
      "properties": {
        "id": "b-auk-0502",
        "building_id": "B-AUK-0502",
        "ulpin": "NZ-AUK-CBD-BL-000503-8",
        "name": "Quest on Eden",
        "floors": 12,
        "height_m": 38.4,
        "base_elevation_msl": 7.5,
        "roof_elevation_msl": 45.9,
        "structure_type": "yes",
        "centroid": [
          174.772808,
          -36.848646
        ]
      },
      "geometry": {
        "type": "Polygon",
        "coordinates": [
          [
            [
              174.7726769,
              -36.8486196
            ],
            [
              174.7727445,
              -36.8487641
            ],
            [
              174.7730039,
              -36.8486863
            ],
            [
              174.7729363,
              -36.8485419
            ],
            [
              174.7726769,
              -36.8486196
            ]
          ]
        ]
      }
    },
    {
      "type": "Feature",
      "properties": {
        "id": "b-auk-0504",
        "building_id": "B-AUK-0504",
        "ulpin": "NZ-AUK-CBD-BL-000505-8",
        "name": "Cargen Flats",
        "floors": 7,
        "height_m": 22.4,
        "base_elevation_msl": 7.5,
        "roof_elevation_msl": 29.9,
        "structure_type": "ruins",
        "centroid": [
          174.771817,
          -36.847851
        ]
      },
      "geometry": {
        "type": "Polygon",
        "coordinates": [
          [
            [
              174.7717715,
              -36.84774
            ],
            [
              174.7716561,
              -36.847825
            ],
            [
              174.7718822,
              -36.8480216
            ],
            [
              174.7720038,
              -36.847928
            ],
            [
              174.7717715,
              -36.84774
            ]
          ]
        ]
      }
    },
    {
      "type": "Feature",
      "properties": {
        "id": "b-auk-0505",
        "building_id": "B-AUK-0505",
        "ulpin": "NZ-AUK-CBD-BL-000506-8",
        "name": "Brooklyn",
        "floors": 7,
        "height_m": 22.4,
        "base_elevation_msl": 7.5,
        "roof_elevation_msl": 29.9,
        "structure_type": "apartments",
        "centroid": [
          174.771232,
          -36.846954
        ]
      },
      "geometry": {
        "type": "Polygon",
        "coordinates": [
          [
            [
              174.7713204,
              -36.8468407
            ],
            [
              174.7712396,
              -36.8468627
            ],
            [
              174.7712468,
              -36.8468796
            ],
            [
              174.7711436,
              -36.8469076
            ],
            [
              174.771136,
              -36.8468898
            ],
            [
              174.7710582,
              -36.846911
            ],
            [
              174.7711333,
              -36.8470877
            ],
            [
              174.7712091,
              -36.8470671
            ],
            [
              174.771199,
              -36.8470434
            ],
            [
              174.771303,
              -36.8470151
            ],
            [
              174.7713122,
              -36.8470367
            ],
            [
              174.7713943,
              -36.8470143
            ],
            [
              174.7713204,
              -36.8468407
            ]
          ]
        ]
      }
    },
    {
      "type": "Feature",
      "properties": {
        "id": "b-auk-0506",
        "building_id": "B-AUK-0506",
        "ulpin": "NZ-AUK-CBD-BL-000507-8",
        "name": "Wilson Parking",
        "floors": 3,
        "height_m": 9.6,
        "base_elevation_msl": 7.5,
        "roof_elevation_msl": 17.1,
        "structure_type": "parking",
        "centroid": [
          174.772023,
          -36.847631
        ]
      },
      "geometry": {
        "type": "Polygon",
        "coordinates": [
          [
            [
              174.7721565,
              -36.8473963
            ],
            [
              174.7719161,
              -36.8475812
            ],
            [
              174.7717407,
              -36.8477162
            ],
            [
              174.771748,
              -36.8477219
            ],
            [
              174.7717574,
              -36.8477291
            ],
            [
              174.7717659,
              -36.8477357
            ],
            [
              174.7717715,
              -36.84774
            ],
            [
              174.7720038,
              -36.847928
            ],
            [
              174.7721602,
              -36.847809
            ],
            [
              174.7723906,
              -36.8476297
            ],
            [
              174.7723242,
              -36.8475605
            ],
            [
              174.7722253,
              -36.8474574
            ],
            [
              174.7722008,
              -36.8474319
            ],
            [
              174.7721565,
              -36.8473963
            ]
          ]
        ]
      }
    },
    {
      "type": "Feature",
      "properties": {
        "id": "b-auk-0509",
        "building_id": "B-AUK-0509",
        "ulpin": "NZ-AUK-CBD-BL-000510-8",
        "name": "Delta House",
        "floors": 10,
        "height_m": 32.0,
        "base_elevation_msl": 7.5,
        "roof_elevation_msl": 39.5,
        "structure_type": "yes",
        "centroid": [
          174.771947,
          -36.846286
        ]
      },
      "geometry": {
        "type": "Polygon",
        "coordinates": [
          [
            [
              174.7718455,
              -36.8462818
            ],
            [
              174.7718907,
              -36.8463645
            ],
            [
              174.7720995,
              -36.8462913
            ],
            [
              174.7720543,
              -36.8462086
            ],
            [
              174.7718455,
              -36.8462818
            ]
          ]
        ]
      }
    },
    {
      "type": "Feature",
      "properties": {
        "id": "b-auk-0510",
        "building_id": "B-AUK-0510",
        "ulpin": "NZ-AUK-CBD-BL-000511-8",
        "name": "Block 6",
        "floors": 7,
        "height_m": 22.4,
        "base_elevation_msl": 7.5,
        "roof_elevation_msl": 29.9,
        "structure_type": "yes",
        "centroid": [
          174.771589,
          -36.846818
        ]
      },
      "geometry": {
        "type": "Polygon",
        "coordinates": [
          [
            [
              174.7715118,
              -36.8467954
            ],
            [
              174.7714718,
              -36.8468075
            ],
            [
              174.7715243,
              -36.8469053
            ],
            [
              174.771546,
              -36.8468981
            ],
            [
              174.7718056,
              -36.846812
            ],
            [
              174.7717551,
              -36.8467152
            ],
            [
              174.7715118,
              -36.8467954
            ]
          ]
        ]
      }
    },
    {
      "type": "Feature",
      "properties": {
        "id": "b-auk-0512",
        "building_id": "B-AUK-0512",
        "ulpin": "NZ-AUK-CBD-BL-000513-8",
        "name": "The Statesman",
        "floors": 10,
        "height_m": 32.0,
        "base_elevation_msl": 7.5,
        "roof_elevation_msl": 39.5,
        "structure_type": "apartments",
        "centroid": [
          174.773053,
          -36.848815
        ]
      },
      "geometry": {
        "type": "Polygon",
        "coordinates": [
          [
            [
              174.7727754,
              -36.8488001
            ],
            [
              174.7727895,
              -36.8488898
            ],
            [
              174.7727946,
              -36.8489068
            ],
            [
              174.772847,
              -36.8489716
            ],
            [
              174.7733995,
              -36.8488239
            ],
            [
              174.7733926,
              -36.8487714
            ],
            [
              174.7733734,
              -36.8487163
            ],
            [
              174.773328,
              -36.8486525
            ],
            [
              174.7727754,
              -36.8488001
            ]
          ]
        ]
      }
    },
    {
      "type": "Feature",
      "properties": {
        "id": "b-auk-0513",
        "building_id": "B-AUK-0513",
        "ulpin": "NZ-AUK-CBD-BL-000514-8",
        "name": "Argent Hall",
        "floors": 16,
        "height_m": 51.2,
        "base_elevation_msl": 7.5,
        "roof_elevation_msl": 58.7,
        "structure_type": "apartments",
        "centroid": [
          174.771278,
          -36.847135
        ]
      },
      "geometry": {
        "type": "Polygon",
        "coordinates": [
          [
            [
              174.7711339,
              -36.8471701
            ],
            [
              174.7712043,
              -36.8472747
            ],
            [
              174.7714895,
              -36.8471517
            ],
            [
              174.7714556,
              -36.8471014
            ],
            [
              174.7713449,
              -36.8470768
            ],
            [
              174.7713204,
              -36.8470874
            ],
            [
              174.7713057,
              -36.8470656
            ],
            [
              174.7711877,
              -36.8471165
            ],
            [
              174.7712036,
              -36.8471401
            ],
            [
              174.7711339,
              -36.8471701
            ]
          ]
        ]
      }
    },
    {
      "type": "Feature",
      "properties": {
        "id": "b-auk-0514",
        "building_id": "B-AUK-0514",
        "ulpin": "NZ-AUK-CBD-BL-000515-8",
        "name": "Chancery Court",
        "floors": 10,
        "height_m": 32.0,
        "base_elevation_msl": 7.5,
        "roof_elevation_msl": 39.5,
        "structure_type": "yes",
        "centroid": [
          174.772187,
          -36.848031
        ]
      },
      "geometry": {
        "type": "Polygon",
        "coordinates": [
          [
            [
              174.7718882,
              -36.8480243
            ],
            [
              174.7721424,
              -36.8482081
            ],
            [
              174.7721573,
              -36.8481956
            ],
            [
              174.7722188,
              -36.8482399
            ],
            [
              174.7724212,
              -36.848073
            ],
            [
              174.7723125,
              -36.8479807
            ],
            [
              174.7723408,
              -36.8479549
            ],
            [
              174.772275,
              -36.8479017
            ],
            [
              174.7722583,
              -36.8479177
            ],
            [
              174.7721592,
              -36.8478183
            ],
            [
              174.7718882,
              -36.8480243
            ]
          ]
        ]
      }
    },
    {
      "type": "Feature",
      "properties": {
        "id": "b-auk-0515",
        "building_id": "B-AUK-0515",
        "ulpin": "NZ-AUK-CBD-BL-000516-8",
        "name": "Block 7",
        "floors": 7,
        "height_m": 22.4,
        "base_elevation_msl": 7.5,
        "roof_elevation_msl": 29.9,
        "structure_type": "yes",
        "centroid": [
          174.771576,
          -36.846702
        ]
      },
      "geometry": {
        "type": "Polygon",
        "coordinates": [
          [
            [
              174.7714549,
              -36.8466929
            ],
            [
              174.7715118,
              -36.8467954
            ],
            [
              174.7717551,
              -36.8467152
            ],
            [
              174.7717031,
              -36.8466118
            ],
            [
              174.7714549,
              -36.8466929
            ]
          ]
        ]
      }
    },
    {
      "type": "Feature",
      "properties": {
        "id": "b-auk-0519",
        "building_id": "B-AUK-0519",
        "ulpin": "NZ-AUK-CBD-BL-000520-8",
        "name": "Darlinghurst Apartments",
        "floors": 5,
        "height_m": 16.0,
        "base_elevation_msl": 7.5,
        "roof_elevation_msl": 23.5,
        "structure_type": "yes",
        "centroid": [
          174.772796,
          -36.848494
        ]
      },
      "geometry": {
        "type": "Polygon",
        "coordinates": [
          [
            [
              174.7728739,
              -36.8484195
            ],
            [
              174.7726264,
              -36.8484925
            ],
            [
              174.772679,
              -36.8486067
            ],
            [
              174.7729265,
              -36.8485336
            ],
            [
              174.7728739,
              -36.8484195
            ]
          ]
        ]
      }
    },
    {
      "type": "Feature",
      "properties": {
        "id": "b-auk-0520",
        "building_id": "B-AUK-0520",
        "ulpin": "NZ-AUK-CBD-BL-000521-8",
        "name": "Gamma Hotel",
        "floors": 4,
        "height_m": 12.8,
        "base_elevation_msl": 7.5,
        "roof_elevation_msl": 20.3,
        "structure_type": "yes",
        "centroid": [
          174.771085,
          -36.846655
        ]
      },
      "geometry": {
        "type": "Polygon",
        "coordinates": [
          [
            [
              174.7709254,
              -36.8465883
            ],
            [
              174.7709362,
              -36.8466244
            ],
            [
              174.7709794,
              -36.846769
            ],
            [
              174.7709887,
              -36.8468001
            ],
            [
              174.7713346,
              -36.8467124
            ],
            [
              174.7713093,
              -36.8466269
            ],
            [
              174.7712815,
              -36.8465327
            ],
            [
              174.7709254,
              -36.8465883
            ]
          ]
        ]
      }
    },
    {
      "type": "Feature",
      "properties": {
        "id": "b-auk-0526",
        "building_id": "B-AUK-0526",
        "ulpin": "NZ-AUK-CBD-BL-000527-8",
        "name": "Gordon Harris The Art & Graphic Store",
        "floors": 2,
        "height_m": 6.4,
        "base_elevation_msl": 7.5,
        "roof_elevation_msl": 13.9,
        "structure_type": "yes",
        "centroid": [
          174.767193,
          -36.85486
        ]
      },
      "geometry": {
        "type": "Polygon",
        "coordinates": [
          [
            [
              174.7671554,
              -36.8547873
            ],
            [
              174.7671305,
              -36.854808
            ],
            [
              174.7671725,
              -36.8548392
            ],
            [
              174.7670738,
              -36.8549276
            ],
            [
              174.767124,
              -36.8549643
            ],
            [
              174.7671302,
              -36.8549668
            ],
            [
              174.767205,
              -36.8548973
            ],
            [
              174.7672095,
              -36.8549004
            ],
            [
              174.7672536,
              -36.8548603
            ],
            [
              174.7672496,
              -36.8548579
            ],
            [
              174.767262,
              -36.8548466
            ],
            [
              174.7672489,
              -36.8548375
            ],
            [
              174.7672654,
              -36.8548209
            ],
            [
              174.767258,
              -36.8547989
            ],
            [
              174.7671554,
              -36.8547873
            ]
          ]
        ]
      }
    },
    {
      "type": "Feature",
      "properties": {
        "id": "b-auk-0529",
        "building_id": "B-AUK-0529",
        "ulpin": "NZ-AUK-CBD-BL-000530-8",
        "name": "Saint Paul's Apartments",
        "floors": 16,
        "height_m": 51.2,
        "base_elevation_msl": 7.5,
        "roof_elevation_msl": 58.7,
        "structure_type": "apartments",
        "centroid": [
          174.767569,
          -36.854182
        ]
      },
      "geometry": {
        "type": "Polygon",
        "coordinates": [
          [
            [
              174.7676345,
              -36.8542508
            ],
            [
              174.7676646,
              -36.8540766
            ],
            [
              174.7675236,
              -36.8540625
            ],
            [
              174.7675002,
              -36.8541978
            ],
            [
              174.767516,
              -36.8541981
            ],
            [
              174.7675092,
              -36.8542369
            ],
            [
              174.7676345,
              -36.8542508
            ]
          ]
        ]
      }
    },
    {
      "type": "Feature",
      "properties": {
        "id": "b-auk-0532",
        "building_id": "B-AUK-0532",
        "ulpin": "NZ-AUK-CBD-BL-000533-8",
        "name": "Social Sciences 201N",
        "floors": 3,
        "height_m": 9.6,
        "base_elevation_msl": 7.5,
        "roof_elevation_msl": 17.1,
        "structure_type": "university",
        "centroid": [
          174.771719,
          -36.851248
        ]
      },
      "geometry": {
        "type": "Polygon",
        "coordinates": [
          [
            [
              174.7718825,
              -36.8514128
            ],
            [
              174.7719837,
              -36.8513315
            ],
            [
              174.7717493,
              -36.8511447
            ],
            [
              174.7716866,
              -36.8510948
            ],
            [
              174.7716772,
              -36.8511024
            ],
            [
              174.7716438,
              -36.8510758
            ],
            [
              174.7715265,
              -36.85117
            ],
            [
              174.7715308,
              -36.8511734
            ],
            [
              174.7715587,
              -36.8511956
            ],
            [
              174.7715321,
              -36.851217
            ],
            [
              174.7718277,
              -36.8514566
            ],
            [
              174.7718607,
              -36.8514306
            ],
            [
              174.7718825,
              -36.8514128
            ]
          ]
        ]
      }
    },
    {
      "type": "Feature",
      "properties": {
        "id": "b-auk-0533",
        "building_id": "B-AUK-0533",
        "ulpin": "NZ-AUK-CBD-BL-000534-8",
        "name": "Faculty of Arts",
        "floors": 1,
        "height_m": 3.2,
        "base_elevation_msl": 7.5,
        "roof_elevation_msl": 10.7,
        "structure_type": "university",
        "centroid": [
          174.771496,
          -36.851591
        ]
      },
      "geometry": {
        "type": "Polygon",
        "coordinates": [
          [
            [
              174.771451,
              -36.8518474
            ],
            [
              174.771919,
              -36.8514778
            ],
            [
              174.7718607,
              -36.8514306
            ],
            [
              174.7718277,
              -36.8514566
            ],
            [
              174.7715321,
              -36.851217
            ],
            [
              174.7715113,
              -36.8512001
            ],
            [
              174.7713995,
              -36.8512885
            ],
            [
              174.7712265,
              -36.8514251
            ],
            [
              174.7713434,
              -36.8515198
            ],
            [
              174.7713583,
              -36.8515319
            ],
            [
              174.7713804,
              -36.8515498
            ],
            [
              174.7713897,
              -36.8515573
            ],
            [
              174.771533,
              -36.8516735
            ],
            [
              174.7715026,
              -36.8516976
            ],
            [
              174.7714721,
              -36.8517216
            ],
            [
              174.7714905,
              -36.8517365
            ],
            [
              174.7715089,
              -36.8517514
            ],
            [
              174.771417,
              -36.8518239
            ],
            [
              174.7714225,
              -36.8518284
            ],
            [
              174.7714251,
              -36.8518264
            ],
            [
              174.771451,
              -36.8518474
            ]
          ]
        ]
      }
    },
    {
      "type": "Feature",
      "properties": {
        "id": "b-auk-0538",
        "building_id": "B-AUK-0538",
        "ulpin": "NZ-AUK-CBD-BL-000539-8",
        "name": "Northern Underpass",
        "floors": 1,
        "height_m": 3.2,
        "base_elevation_msl": 7.5,
        "roof_elevation_msl": 10.7,
        "structure_type": "university",
        "centroid": [
          174.770708,
          -36.851426
        ]
      },
      "geometry": {
        "type": "Polygon",
        "coordinates": [
          [
            [
              174.7707189,
              -36.851386
            ],
            [
              174.7706487,
              -36.8514424
            ],
            [
              174.7706874,
              -36.8514733
            ],
            [
              174.7707142,
              -36.8514518
            ],
            [
              174.7707576,
              -36.8514169
            ],
            [
              174.7707189,
              -36.851386
            ]
          ]
        ]
      }
    },
    {
      "type": "Feature",
      "properties": {
        "id": "b-auk-0540",
        "building_id": "B-AUK-0540",
        "ulpin": "NZ-AUK-CBD-BL-000541-8",
        "name": "Overbridge",
        "floors": 4,
        "height_m": 12.8,
        "base_elevation_msl": 7.5,
        "roof_elevation_msl": 20.3,
        "structure_type": "university",
        "centroid": [
          174.770865,
          -36.851045
        ]
      },
      "geometry": {
        "type": "Polygon",
        "coordinates": [
          [
            [
              174.7708262,
              -36.851067
            ],
            [
              174.7708406,
              -36.8510782
            ],
            [
              174.7709247,
              -36.8510117
            ],
            [
              174.7709097,
              -36.8509997
            ],
            [
              174.7708262,
              -36.851067
            ]
          ]
        ]
      }
    },
    {
      "type": "Feature",
      "properties": {
        "id": "b-auk-0541",
        "building_id": "B-AUK-0541",
        "ulpin": "NZ-AUK-CBD-BL-000542-8",
        "name": "Wilson Parking",
        "floors": 10,
        "height_m": 32.0,
        "base_elevation_msl": 7.5,
        "roof_elevation_msl": 39.5,
        "structure_type": "yes",
        "centroid": [
          174.766688,
          -36.855068
        ]
      },
      "geometry": {
        "type": "Polygon",
        "coordinates": [
          [
            [
              174.7666883,
              -36.8550944
            ],
            [
              174.766734,
              -36.8550723
            ],
            [
              174.7668156,
              -36.8551587
            ],
            [
              174.7668442,
              -36.8551372
            ],
            [
              174.7668808,
              -36.85511
            ],
            [
              174.766694,
              -36.8549478
            ],
            [
              174.7666216,
              -36.8549961
            ],
            [
              174.7665961,
              -36.8549333
            ],
            [
              174.7664731,
              -36.8550479
            ],
            [
              174.7665342,
              -36.8551535
            ],
            [
              174.7666883,
              -36.8550944
            ]
          ]
        ]
      }
    },
    {
      "type": "Feature",
      "properties": {
        "id": "b-auk-0544",
        "building_id": "B-AUK-0544",
        "ulpin": "NZ-AUK-CBD-BL-000545-8",
        "name": "Lippincott Cottage",
        "floors": 2,
        "height_m": 6.4,
        "base_elevation_msl": 7.5,
        "roof_elevation_msl": 13.9,
        "structure_type": "university",
        "centroid": [
          174.770686,
          -36.850707
        ]
      },
      "geometry": {
        "type": "Polygon",
        "coordinates": [
          [
            [
              174.7706894,
              -36.8506541
            ],
            [
              174.7706485,
              -36.8506875
            ],
            [
              174.7706841,
              -36.8507154
            ],
            [
              174.7706448,
              -36.8507475
            ],
            [
              174.7706825,
              -36.8507771
            ],
            [
              174.7707627,
              -36.8507115
            ],
            [
              174.7706894,
              -36.8506541
            ]
          ]
        ]
      }
    },
    {
      "type": "Feature",
      "properties": {
        "id": "b-auk-0548",
        "building_id": "B-AUK-0548",
        "ulpin": "NZ-AUK-CBD-BL-000549-8",
        "name": "WO Carpark",
        "floors": 8,
        "height_m": 25.6,
        "base_elevation_msl": 7.5,
        "roof_elevation_msl": 33.1,
        "structure_type": "university",
        "centroid": [
          174.765616,
          -36.854026
        ]
      },
      "geometry": {
        "type": "Polygon",
        "coordinates": [
          [
            [
              174.7657828,
              -36.8538745
            ],
            [
              174.7657128,
              -36.8539009
            ],
            [
              174.7653228,
              -36.8540483
            ],
            [
              174.765311,
              -36.8540528
            ],
            [
              174.7653307,
              -36.854088
            ],
            [
              174.7654084,
              -36.8542267
            ],
            [
              174.7657431,
              -36.8541005
            ],
            [
              174.7658753,
              -36.8540507
            ],
            [
              174.7658853,
              -36.8540469
            ],
            [
              174.7657828,
              -36.8538745
            ]
          ]
        ]
      }
    },
    {
      "type": "Feature",
      "properties": {
        "id": "b-auk-0552",
        "building_id": "B-AUK-0552",
        "ulpin": "NZ-AUK-CBD-BL-000553-8",
        "name": "Library 27",
        "floors": 16,
        "height_m": 51.2,
        "base_elevation_msl": 7.5,
        "roof_elevation_msl": 58.7,
        "structure_type": "apartments",
        "centroid": [
          174.765547,
          -36.852304
        ]
      },
      "geometry": {
        "type": "Polygon",
        "coordinates": [
          [
            [
              174.7655601,
              -36.8521498
            ],
            [
              174.765449,
              -36.8521629
            ],
            [
              174.7654772,
              -36.8523139
            ],
            [
              174.7655006,
              -36.8524316
            ],
            [
              174.7656091,
              -36.8524192
            ],
            [
              174.7656144,
              -36.8524153
            ],
            [
              174.7656094,
              -36.8523876
            ],
            [
              174.7655601,
              -36.8521498
            ]
          ]
        ]
      }
    },
    {
      "type": "Feature",
      "properties": {
        "id": "b-auk-0568",
        "building_id": "B-AUK-0568",
        "ulpin": "NZ-AUK-CBD-BL-000569-8",
        "name": "Victoria Street Car Park",
        "floors": 10,
        "height_m": 32.0,
        "base_elevation_msl": 7.5,
        "roof_elevation_msl": 39.5,
        "structure_type": "yes",
        "centroid": [
          174.766523,
          -36.848992
        ]
      },
      "geometry": {
        "type": "Polygon",
        "coordinates": [
          [
            [
              174.7662671,
              -36.84918
            ],
            [
              174.766675,
              -36.8492932
            ],
            [
              174.7667183,
              -36.8492698
            ],
            [
              174.7668687,
              -36.8490326
            ],
            [
              174.7669508,
              -36.8489181
            ],
            [
              174.7669995,
              -36.8488838
            ],
            [
              174.7667709,
              -36.8487331
            ],
            [
              174.7667437,
              -36.8487678
            ],
            [
              174.7664114,
              -36.8485898
            ],
            [
              174.7663076,
              -36.8489471
            ],
            [
              174.7662873,
              -36.848942
            ],
            [
              174.7662784,
              -36.8489709
            ],
            [
              174.7662656,
              -36.8490089
            ],
            [
              174.7662961,
              -36.8490165
            ],
            [
              174.7662558,
              -36.8491441
            ],
            [
              174.7662671,
              -36.84918
            ]
          ]
        ]
      }
    },
    {
      "type": "Feature",
      "properties": {
        "id": "b-auk-0570",
        "building_id": "B-AUK-0570",
        "ulpin": "NZ-AUK-CBD-BL-000571-8",
        "name": "Imperial Apartments",
        "floors": 10,
        "height_m": 32.0,
        "base_elevation_msl": 7.5,
        "roof_elevation_msl": 39.5,
        "structure_type": "apartments",
        "centroid": [
          174.759978,
          -36.850108
        ]
      },
      "geometry": {
        "type": "Polygon",
        "coordinates": [
          [
            [
              174.7599219,
              -36.8500144
            ],
            [
              174.7598482,
              -36.850184
            ],
            [
              174.7599983,
              -36.8502258
            ],
            [
              174.760013,
              -36.8501918
            ],
            [
              174.7600672,
              -36.8500672
            ],
            [
              174.760072,
              -36.8500561
            ],
            [
              174.7599219,
              -36.8500144
            ]
          ]
        ]
      }
    },
    {
      "type": "Feature",
      "properties": {
        "id": "b-auk-0571",
        "building_id": "B-AUK-0571",
        "ulpin": "NZ-AUK-CBD-BL-000572-8",
        "name": "Quest on Hobson",
        "floors": 10,
        "height_m": 32.0,
        "base_elevation_msl": 7.5,
        "roof_elevation_msl": 39.5,
        "structure_type": "yes",
        "centroid": [
          174.76021,
          -36.850187
        ]
      },
      "geometry": {
        "type": "Polygon",
        "coordinates": [
          [
            [
              174.7601135,
              -36.8501024
            ],
            [
              174.7600678,
              -36.8502078
            ],
            [
              174.7600583,
              -36.8502296
            ],
            [
              174.7604541,
              -36.8503396
            ],
            [
              174.7605093,
              -36.8502125
            ],
            [
              174.7601529,
              -36.8501134
            ],
            [
              174.7601135,
              -36.8501024
            ]
          ]
        ]
      }
    },
    {
      "type": "Feature",
      "properties": {
        "id": "b-auk-0572",
        "building_id": "B-AUK-0572",
        "ulpin": "NZ-AUK-CBD-BL-000573-8",
        "name": "Fisher and Paykel Auditorium",
        "floors": 2,
        "height_m": 6.4,
        "base_elevation_msl": 7.5,
        "roof_elevation_msl": 13.9,
        "structure_type": "university",
        "centroid": [
          174.771672,
          -36.85258
        ]
      },
      "geometry": {
        "type": "Polygon",
        "coordinates": [
          [
            [
              174.7714281,
              -36.8525026
            ],
            [
              174.7716461,
              -36.8526843
            ],
            [
              174.7716828,
              -36.8526561
            ],
            [
              174.7717014,
              -36.8526716
            ],
            [
              174.77172,
              -36.8526871
            ],
            [
              174.7716844,
              -36.8527145
            ],
            [
              174.7717974,
              -36.8528087
            ],
            [
              174.7720022,
              -36.852643
            ],
            [
              174.7718765,
              -36.8525369
            ],
            [
              174.77164,
              -36.8523398
            ],
            [
              174.7716189,
              -36.852356
            ],
            [
              174.7715084,
              -36.8524409
            ],
            [
              174.7714281,
              -36.8525026
            ]
          ]
        ]
      }
    },
    {
      "type": "Feature",
      "properties": {
        "id": "b-auk-0573",
        "building_id": "B-AUK-0573",
        "ulpin": "NZ-AUK-CBD-BL-000574-8",
        "name": "Northern Roller Milling Co.",
        "floors": 9,
        "height_m": 28.8,
        "base_elevation_msl": 7.5,
        "roof_elevation_msl": 36.3,
        "structure_type": "yes",
        "centroid": [
          174.770086,
          -36.846295
        ]
      },
      "geometry": {
        "type": "Polygon",
        "coordinates": [
          [
            [
              174.7700142,
              -36.8462064
            ],
            [
              174.7699531,
              -36.8463394
            ],
            [
              174.7699806,
              -36.8463799
            ],
            [
              174.7700336,
              -36.8464558
            ],
            [
              174.7700447,
              -36.8464512
            ],
            [
              174.7703556,
              -36.8463039
            ],
            [
              174.7703463,
              -36.8462769
            ],
            [
              174.7703363,
              -36.8462742
            ],
            [
              174.7699365,
              -36.8461682
            ],
            [
              174.7699307,
              -36.8461826
            ],
            [
              174.7700142,
              -36.8462064
            ]
          ]
        ]
      }
    },
    {
      "type": "Feature",
      "properties": {
        "id": "b-auk-0574",
        "building_id": "B-AUK-0574",
        "ulpin": "NZ-AUK-CBD-BL-000575-8",
        "name": "Tower Hill Apartments",
        "floors": 10,
        "height_m": 32.0,
        "base_elevation_msl": 7.5,
        "roof_elevation_msl": 39.5,
        "structure_type": "yes",
        "centroid": [
          174.770333,
          -36.845888
        ]
      },
      "geometry": {
        "type": "Polygon",
        "coordinates": [
          [
            [
              174.7701183,
              -36.8457377
            ],
            [
              174.7700501,
              -36.8458951
            ],
            [
              174.7702821,
              -36.8459546
            ],
            [
              174.7702598,
              -36.8460076
            ],
            [
              174.7704592,
              -36.8460612
            ],
            [
              174.7704798,
              -36.8460078
            ],
            [
              174.7705369,
              -36.8460221
            ],
            [
              174.7706023,
              -36.8458668
            ],
            [
              174.7705047,
              -36.8458434
            ],
            [
              174.770496,
              -36.8458619
            ],
            [
              174.770209,
              -36.8457861
            ],
            [
              174.7702169,
              -36.8457674
            ],
            [
              174.7701183,
              -36.8457377
            ]
          ]
        ]
      }
    },
    {
      "type": "Feature",
      "properties": {
        "id": "b-auk-0575",
        "building_id": "B-AUK-0575",
        "ulpin": "NZ-AUK-CBD-BL-000576-8",
        "name": "Georgia House",
        "floors": 10,
        "height_m": 32.0,
        "base_elevation_msl": 7.5,
        "roof_elevation_msl": 39.5,
        "structure_type": "yes",
        "centroid": [
          174.770605,
          -36.846188
        ]
      },
      "geometry": {
        "type": "Polygon",
        "coordinates": [
          [
            [
              174.7705536,
              -36.846154
            ],
            [
              174.7705349,
              -36.846196
            ],
            [
              174.7706807,
              -36.8462389
            ],
            [
              174.7707004,
              -36.8461972
            ],
            [
              174.7705536,
              -36.846154
            ]
          ]
        ]
      }
    },
    {
      "type": "Feature",
      "properties": {
        "id": "b-auk-0576",
        "building_id": "B-AUK-0576",
        "ulpin": "NZ-AUK-CBD-BL-000577-8",
        "name": "Silo Apartments",
        "floors": 6,
        "height_m": 19.2,
        "base_elevation_msl": 7.5,
        "roof_elevation_msl": 26.7,
        "structure_type": "yes",
        "centroid": [
          174.770321,
          -36.846429
        ]
      },
      "geometry": {
        "type": "Polygon",
        "coordinates": [
          [
            [
              174.7700447,
              -36.8464512
            ],
            [
              174.7701379,
              -36.846576
            ],
            [
              174.7703749,
              -36.8464602
            ],
            [
              174.7703903,
              -36.8464829
            ],
            [
              174.770465,
              -36.8464534
            ],
            [
              174.7704257,
              -36.8464015
            ],
            [
              174.7704535,
              -36.8463909
            ],
            [
              174.770432,
              -36.8463679
            ],
            [
              174.7704062,
              -36.8463792
            ],
            [
              174.7703556,
              -36.8463039
            ],
            [
              174.7700447,
              -36.8464512
            ]
          ]
        ]
      }
    },
    {
      "type": "Feature",
      "properties": {
        "id": "b-auk-0577",
        "building_id": "B-AUK-0577",
        "ulpin": "NZ-AUK-CBD-BL-000578-8",
        "name": "The Carlise",
        "floors": 10,
        "height_m": 32.0,
        "base_elevation_msl": 7.5,
        "roof_elevation_msl": 39.5,
        "structure_type": "yes",
        "centroid": [
          174.770627,
          -36.845991
        ]
      },
      "geometry": {
        "type": "Polygon",
        "coordinates": [
          [
            [
              174.7706023,
              -36.8458668
            ],
            [
              174.7705369,
              -36.8460221
            ],
            [
              174.7705078,
              -36.8460959
            ],
            [
              174.7705718,
              -36.8461144
            ],
            [
              174.7707185,
              -36.8461576
            ],
            [
              174.7708265,
              -36.8459269
            ],
            [
              174.7706471,
              -36.8458797
            ],
            [
              174.7706023,
              -36.8458668
            ]
          ]
        ]
      }
    },
    {
      "type": "Feature",
      "properties": {
        "id": "b-auk-0578",
        "building_id": "B-AUK-0578",
        "ulpin": "NZ-AUK-CBD-BL-000579-8",
        "name": "Shortland Chambers",
        "floors": 14,
        "height_m": 44.8,
        "base_elevation_msl": 7.5,
        "roof_elevation_msl": 52.3,
        "structure_type": "yes",
        "centroid": [
          174.76894,
          -36.846809
        ]
      },
      "geometry": {
        "type": "Polygon",
        "coordinates": [
          [
            [
              174.7688457,
              -36.8467535
            ],
            [
              174.7688832,
              -36.8468363
            ],
            [
              174.7688971,
              -36.8468669
            ],
            [
              174.7689175,
              -36.8469119
            ],
            [
              174.7691311,
              -36.8468499
            ],
            [
              174.7690593,
              -36.8466914
            ],
            [
              174.7688457,
              -36.8467535
            ]
          ]
        ]
      }
    },
    {
      "type": "Feature",
      "properties": {
        "id": "b-auk-0579",
        "building_id": "B-AUK-0579",
        "ulpin": "NZ-AUK-CBD-BL-000580-8",
        "name": "The Antipodean",
        "floors": 15,
        "height_m": 48.0,
        "base_elevation_msl": 7.5,
        "roof_elevation_msl": 55.5,
        "structure_type": "apartments",
        "centroid": [
          174.772571,
          -36.846651
        ]
      },
      "geometry": {
        "type": "Polygon",
        "coordinates": [
          [
            [
              174.7724958,
              -36.8463421
            ],
            [
              174.772365,
              -36.8464103
            ],
            [
              174.7723588,
              -36.8464208
            ],
            [
              174.7723595,
              -36.8464267
            ],
            [
              174.7724049,
              -36.8464788
            ],
            [
              174.7723992,
              -36.8464847
            ],
            [
              174.7724013,
              -36.8464909
            ],
            [
              174.7724075,
              -36.8464979
            ],
            [
              174.7723946,
              -36.8465053
            ],
            [
              174.7726299,
              -36.8467769
            ],
            [
              174.7725342,
              -36.8468374
            ],
            [
              174.7726022,
              -36.8469193
            ],
            [
              174.7726539,
              -36.8468966
            ],
            [
              174.7726827,
              -36.8469255
            ],
            [
              174.7727824,
              -36.8468832
            ],
            [
              174.7727939,
              -36.8468868
            ],
            [
              174.7728027,
              -36.8468844
            ],
            [
              174.7729302,
              -36.8468121
            ],
            [
              174.772935,
              -36.8468078
            ],
            [
              174.7724958,
              -36.8463421
            ]
          ]
        ]
      }
    },
    {
      "type": "Feature",
      "properties": {
        "id": "b-auk-0580",
        "building_id": "B-AUK-0580",
        "ulpin": "NZ-AUK-CBD-BL-000581-8",
        "name": "Chelsea House",
        "floors": 7,
        "height_m": 22.4,
        "base_elevation_msl": 7.5,
        "roof_elevation_msl": 29.9,
        "structure_type": "commercial",
        "centroid": [
          174.770152,
          -36.846003
        ]
      },
      "geometry": {
        "type": "Polygon",
        "coordinates": [
          [
            [
              174.7700501,
              -36.8458951
            ],
            [
              174.7699865,
              -36.84605
            ],
            [
              174.7702164,
              -36.8461132
            ],
            [
              174.7702194,
              -36.8461058
            ],
            [
              174.7702598,
              -36.8460076
            ],
            [
              174.7702821,
              -36.8459546
            ],
            [
              174.7700501,
              -36.8458951
            ]
          ]
        ]
      }
    },
    {
      "type": "Feature",
      "properties": {
        "id": "b-auk-0586",
        "building_id": "B-AUK-0586",
        "ulpin": "NZ-AUK-CBD-BL-000587-8",
        "name": "SkyCity Grand Hotel",
        "floors": 20,
        "height_m": 64.0,
        "base_elevation_msl": 7.5,
        "roof_elevation_msl": 71.5,
        "structure_type": "yes",
        "centroid": [
          174.762533,
          -36.849362
        ]
      },
      "geometry": {
        "type": "Polygon",
        "coordinates": [
          [
            [
              174.763017,
              -36.849254
            ],
            [
              174.7629722,
              -36.8492415
            ],
            [
              174.7629002,
              -36.8492213
            ],
            [
              174.7627986,
              -36.8491929
            ],
            [
              174.7627487,
              -36.8491789
            ],
            [
              174.7626277,
              -36.849145
            ],
            [
              174.7623457,
              -36.8490661
            ],
            [
              174.7623212,
              -36.8490593
            ],
            [
              174.7623007,
              -36.8491062
            ],
            [
              174.7622652,
              -36.8491874
            ],
            [
              174.7622358,
              -36.8492547
            ],
            [
              174.7622204,
              -36.84929
            ],
            [
              174.7621901,
              -36.8493593
            ],
            [
              174.76216,
              -36.8494281
            ],
            [
              174.7621534,
              -36.8494433
            ],
            [
              174.7621514,
              -36.8494479
            ],
            [
              174.7621275,
              -36.8495024
            ],
            [
              174.7622613,
              -36.8495399
            ],
            [
              174.7624819,
              -36.8496016
            ],
            [
              174.762454,
              -36.8496655
            ],
            [
              174.7625783,
              -36.8497003
            ],
            [
              174.7627954,
              -36.849761
            ],
            [
              174.7628181,
              -36.8497089
            ],
            [
              174.7629442,
              -36.8494205
            ],
            [
              174.7629635,
              -36.8493764
            ],
            [
              174.763017,
              -36.849254
            ]
          ]
        ]
      }
    },
    {
      "type": "Feature",
      "properties": {
        "id": "b-auk-0587",
        "building_id": "B-AUK-0587",
        "ulpin": "NZ-AUK-CBD-BL-000588-8",
        "name": "Victoria Residence",
        "floors": 26,
        "height_m": 83.2,
        "base_elevation_msl": 7.5,
        "roof_elevation_msl": 90.7,
        "structure_type": "apartments",
        "centroid": [
          174.762878,
          -36.848098
        ]
      },
      "geometry": {
        "type": "Polygon",
        "coordinates": [
          [
            [
              174.7628907,
              -36.8482109
            ],
            [
              174.762952,
              -36.8480664
            ],
            [
              174.7629821,
              -36.8479945
            ],
            [
              174.7628211,
              -36.8479473
            ],
            [
              174.7627313,
              -36.8481597
            ],
            [
              174.7628907,
              -36.8482109
            ]
          ]
        ]
      }
    },
    {
      "type": "Feature",
      "properties": {
        "id": "b-auk-0588",
        "building_id": "B-AUK-0588",
        "ulpin": "NZ-AUK-CBD-BL-000589-8",
        "name": "Federal City Apartments",
        "floors": 15,
        "height_m": 48.0,
        "base_elevation_msl": 7.5,
        "roof_elevation_msl": 55.5,
        "structure_type": "apartments",
        "centroid": [
          174.761054,
          -36.851168
        ]
      },
      "geometry": {
        "type": "Polygon",
        "coordinates": [
          [
            [
              174.7612809,
              -36.8510667
            ],
            [
              174.7611037,
              -36.8510186
            ],
            [
              174.7610898,
              -36.8510328
            ],
            [
              174.7609096,
              -36.8510125
            ],
            [
              174.7608156,
              -36.8512276
            ],
            [
              174.760972,
              -36.8513034
            ],
            [
              174.7609666,
              -36.851317
            ],
            [
              174.7611476,
              -36.8513694
            ],
            [
              174.7611823,
              -36.851288
            ],
            [
              174.7611191,
              -36.8512664
            ],
            [
              174.7611245,
              -36.8512547
            ],
            [
              174.7610575,
              -36.8512338
            ],
            [
              174.7610621,
              -36.8512233
            ],
            [
              174.7609936,
              -36.8512042
            ],
            [
              174.7609997,
              -36.8511925
            ],
            [
              174.760925,
              -36.851174
            ],
            [
              174.7609304,
              -36.8511647
            ],
            [
              174.7609204,
              -36.8511604
            ],
            [
              174.7609389,
              -36.8511191
            ],
            [
              174.760952,
              -36.8511216
            ],
            [
              174.7609553,
              -36.8511115
            ],
            [
              174.7610233,
              -36.85113
            ],
            [
              174.7610279,
              -36.8511206
            ],
            [
              174.761096,
              -36.8511381
            ],
            [
              174.7611021,
              -36.8511267
            ],
            [
              174.7611702,
              -36.8511463
            ],
            [
              174.7611758,
              -36.8511365
            ],
            [
              174.7612419,
              -36.851154
            ],
            [
              174.7612809,
              -36.8510667
            ]
          ]
        ]
      }
    },
    {
      "type": "Feature",
      "properties": {
        "id": "b-auk-0590",
        "building_id": "B-AUK-0590",
        "ulpin": "NZ-AUK-CBD-BL-000591-8",
        "name": "The Mermaid",
        "floors": 10,
        "height_m": 32.0,
        "base_elevation_msl": 7.5,
        "roof_elevation_msl": 39.5,
        "structure_type": "yes",
        "centroid": [
          174.768363,
          -36.84603
        ]
      },
      "geometry": {
        "type": "Polygon",
        "coordinates": [
          [
            [
              174.768424,
              -36.8460987
            ],
            [
              174.7684727,
              -36.8459769
            ],
            [
              174.7682691,
              -36.8459252
            ],
            [
              174.7682227,
              -36.8460512
            ],
            [
              174.768424,
              -36.8460987
            ]
          ]
        ]
      }
    },
    {
      "type": "Feature",
      "properties": {
        "id": "b-auk-0592",
        "building_id": "B-AUK-0592",
        "ulpin": "NZ-AUK-CBD-BL-000593-8",
        "name": "Giga",
        "floors": 10,
        "height_m": 32.0,
        "base_elevation_msl": 7.5,
        "roof_elevation_msl": 39.5,
        "structure_type": "yes",
        "centroid": [
          174.765181,
          -36.854675
        ]
      },
      "geometry": {
        "type": "Polygon",
        "coordinates": [
          [
            [
              174.7651012,
              -36.854697
            ],
            [
              174.765113,
              -36.8547163
            ],
            [
              174.7653014,
              -36.8546434
            ],
            [
              174.7652894,
              -36.8546237
            ],
            [
              174.7651012,
              -36.854697
            ]
          ]
        ]
      }
    },
    {
      "type": "Feature",
      "properties": {
        "id": "b-auk-0593",
        "building_id": "B-AUK-0593",
        "ulpin": "NZ-AUK-CBD-BL-000594-8",
        "name": "Engineering 405",
        "floors": 11,
        "height_m": 35.2,
        "base_elevation_msl": 7.5,
        "roof_elevation_msl": 42.7,
        "structure_type": "university",
        "centroid": [
          174.770124,
          -36.853064
        ]
      },
      "geometry": {
        "type": "Polygon",
        "coordinates": [
          [
            [
              174.7702385,
              -36.8528641
            ],
            [
              174.7702874,
              -36.8528171
            ],
            [
              174.7703276,
              -36.8527785
            ],
            [
              174.7703157,
              -36.852771
            ],
            [
              174.7702171,
              -36.8527092
            ],
            [
              174.7698582,
              -36.8530571
            ],
            [
              174.7695655,
              -36.8533487
            ],
            [
              174.7696719,
              -36.8534206
            ],
            [
              174.7696451,
              -36.8534458
            ],
            [
              174.7695931,
              -36.8535005
            ],
            [
              174.769832,
              -36.8536584
            ],
            [
              174.7701917,
              -36.8533019
            ],
            [
              174.7704799,
              -36.853024
            ],
            [
              174.770398,
              -36.8529685
            ],
            [
              174.7704137,
              -36.8529536
            ],
            [
              174.7704309,
              -36.8529374
            ],
            [
              174.7703458,
              -36.8528798
            ],
            [
              174.7703107,
              -36.852913
            ],
            [
              174.7702385,
              -36.8528641
            ]
          ]
        ]
      }
    },
    {
      "type": "Feature",
      "properties": {
        "id": "b-auk-0594",
        "building_id": "B-AUK-0594",
        "ulpin": "NZ-AUK-CBD-BL-000595-8",
        "name": "Administrator House",
        "floors": 3,
        "height_m": 9.6,
        "base_elevation_msl": 7.5,
        "roof_elevation_msl": 17.1,
        "structure_type": "yes",
        "centroid": [
          174.767067,
          -36.847098
        ]
      },
      "geometry": {
        "type": "Polygon",
        "coordinates": [
          [
            [
              174.7671782,
              -36.8470791
            ],
            [
              174.7670581,
              -36.847038
            ],
            [
              174.7670426,
              -36.8470328
            ],
            [
              174.7670135,
              -36.8470849
            ],
            [
              174.7669905,
              -36.8470769
            ],
            [
              174.7669817,
              -36.8471191
            ],
            [
              174.7670408,
              -36.8471392
            ],
            [
              174.7670357,
              -36.8471571
            ],
            [
              174.767153,
              -36.8471787
            ],
            [
              174.7671782,
              -36.8470791
            ]
          ]
        ]
      }
    },
    {
      "type": "Feature",
      "properties": {
        "id": "b-auk-0595",
        "building_id": "B-AUK-0595",
        "ulpin": "NZ-AUK-CBD-BL-000596-8",
        "name": "Smith & Caughey's Building",
        "floors": 7,
        "height_m": 22.4,
        "base_elevation_msl": 7.5,
        "roof_elevation_msl": 29.9,
        "structure_type": "yes",
        "centroid": [
          174.763953,
          -36.850434
        ]
      },
      "geometry": {
        "type": "Polygon",
        "coordinates": [
          [
            [
              174.7638378,
              -36.8502715
            ],
            [
              174.7637201,
              -36.8505391
            ],
            [
              174.7640552,
              -36.8506328
            ],
            [
              174.7640967,
              -36.8505342
            ],
            [
              174.7641716,
              -36.8503565
            ],
            [
              174.7638378,
              -36.8502715
            ]
          ]
        ]
      }
    },
    {
      "type": "Feature",
      "properties": {
        "id": "b-auk-0597",
        "building_id": "B-AUK-0597",
        "ulpin": "NZ-AUK-CBD-BL-000598-8",
        "name": "BNZ Building",
        "floors": 3,
        "height_m": 9.6,
        "base_elevation_msl": 7.5,
        "roof_elevation_msl": 17.1,
        "structure_type": "retail",
        "centroid": [
          174.765827,
          -36.846634
        ]
      },
      "geometry": {
        "type": "Polygon",
        "coordinates": [
          [
            [
              174.7658305,
              -36.8467438
            ],
            [
              174.7659042,
              -36.8465096
            ],
            [
              174.7658438,
              -36.8464932
            ],
            [
              174.7658024,
              -36.846596
            ],
            [
              174.7657512,
              -36.8467205
            ],
            [
              174.7658305,
              -36.8467438
            ]
          ]
        ]
      }
    },
    {
      "type": "Feature",
      "properties": {
        "id": "b-auk-0598",
        "building_id": "B-AUK-0598",
        "ulpin": "NZ-AUK-CBD-BL-000599-8",
        "name": "Old Tuck Shop",
        "floors": 2,
        "height_m": 6.4,
        "base_elevation_msl": 7.5,
        "roof_elevation_msl": 13.9,
        "structure_type": "university",
        "centroid": [
          174.770485,
          -36.853285
        ]
      },
      "geometry": {
        "type": "Polygon",
        "coordinates": [
          [
            [
              174.770441,
              -36.8532999
            ],
            [
              174.7704495,
              -36.8533567
            ],
            [
              174.7705469,
              -36.8533474
            ],
            [
              174.7705373,
              -36.8532828
            ],
            [
              174.7705267,
              -36.8532122
            ],
            [
              174.7705158,
              -36.8532132
            ],
            [
              174.7704673,
              -36.8532636
            ],
            [
              174.7704703,
              -36.8532867
            ],
            [
              174.7704525,
              -36.8532882
            ],
            [
              174.770441,
              -36.8532999
            ]
          ]
        ]
      }
    },
    {
      "type": "Feature",
      "properties": {
        "id": "b-auk-0599",
        "building_id": "B-AUK-0599",
        "ulpin": "NZ-AUK-CBD-BL-000600-8",
        "name": "Science Centre 302",
        "floors": 10,
        "height_m": 32.0,
        "base_elevation_msl": 7.5,
        "roof_elevation_msl": 39.5,
        "structure_type": "university",
        "centroid": [
          174.768329,
          -36.853214
        ]
      },
      "geometry": {
        "type": "Polygon",
        "coordinates": [
          [
            [
              174.7682629,
              -36.8529785
            ],
            [
              174.7682232,
              -36.8530236
            ],
            [
              174.7682122,
              -36.8530362
            ],
            [
              174.7682779,
              -36.8531059
            ],
            [
              174.7680714,
              -36.8533098
            ],
            [
              174.7683134,
              -36.853619
            ],
            [
              174.7683641,
              -36.8536626
            ],
            [
              174.7684751,
              -36.8535588
            ],
            [
              174.7687747,
              -36.8532638
            ],
            [
              174.7683701,
              -36.8530022
            ],
            [
              174.7683395,
              -36.8530325
            ],
            [
              174.7682629,
              -36.8529785
            ]
          ]
        ]
      }
    },
    {
      "type": "Feature",
      "properties": {
        "id": "b-auk-0600",
        "building_id": "B-AUK-0600",
        "ulpin": "NZ-AUK-CBD-BL-000601-8",
        "name": "Fifty Albert",
        "floors": 24,
        "height_m": 76.8,
        "base_elevation_msl": 7.5,
        "roof_elevation_msl": 84.3,
        "structure_type": "office",
        "centroid": [
          174.76493,
          -36.846599
        ]
      },
      "geometry": {
        "type": "Polygon",
        "coordinates": [
          [
            [
              174.7650819,
              -36.8467328
            ],
            [
              174.7652356,
              -36.8463999
            ],
            [
              174.7646802,
              -36.8462356
            ],
            [
              174.7644996,
              -36.8466264
            ],
            [
              174.7649526,
              -36.8467604
            ],
            [
              174.7649793,
              -36.8467025
            ],
            [
              174.7650819,
              -36.8467328
            ]
          ]
        ]
      }
    },
    {
      "type": "Feature",
      "properties": {
        "id": "b-auk-0602",
        "building_id": "B-AUK-0602",
        "ulpin": "NZ-AUK-CBD-BL-000603-8",
        "name": "Braemar",
        "floors": 10,
        "height_m": 32.0,
        "base_elevation_msl": 7.5,
        "roof_elevation_msl": 39.5,
        "structure_type": "yes",
        "centroid": [
          174.771961,
          -36.849145
        ]
      },
      "geometry": {
        "type": "Polygon",
        "coordinates": [
          [
            [
              174.7720194,
              -36.8491868
            ],
            [
              174.7719658,
              -36.8490569
            ],
            [
              174.7718731,
              -36.8490814
            ],
            [
              174.7719268,
              -36.8492113
            ],
            [
              174.7720194,
              -36.8491868
            ]
          ]
        ]
      }
    },
    {
      "type": "Feature",
      "properties": {
        "id": "b-auk-0603",
        "building_id": "B-AUK-0603",
        "ulpin": "NZ-AUK-CBD-BL-000604-8",
        "name": "Corner Courtville",
        "floors": 5,
        "height_m": 16.0,
        "base_elevation_msl": 7.5,
        "roof_elevation_msl": 23.5,
        "structure_type": "apartments",
        "centroid": [
          174.771564,
          -36.849257
        ]
      },
      "geometry": {
        "type": "Polygon",
        "coordinates": [
          [
            [
              174.7716805,
              -36.8492939
            ],
            [
              174.77164,
              -36.8491968
            ],
            [
              174.7715209,
              -36.8491673
            ],
            [
              174.7714102,
              -36.8492065
            ],
            [
              174.7714727,
              -36.8493132
            ],
            [
              174.7715427,
              -36.8493304
            ],
            [
              174.7716805,
              -36.8492939
            ]
          ]
        ]
      }
    },
    {
      "type": "Feature",
      "properties": {
        "id": "b-auk-0606",
        "building_id": "B-AUK-0606",
        "ulpin": "NZ-AUK-CBD-BL-000607-8",
        "name": "The Pacifica",
        "floors": 57,
        "height_m": 182.4,
        "base_elevation_msl": 7.5,
        "roof_elevation_msl": 189.9,
        "structure_type": "apartments",
        "centroid": [
          174.767985,
          -36.845627
        ]
      },
      "geometry": {
        "type": "Polygon",
        "coordinates": [
          [
            [
              174.7678828,
              -36.8454577
            ],
            [
              174.7678108,
              -36.8456657
            ],
            [
              174.7677956,
              -36.8457097
            ],
            [
              174.7681388,
              -36.8457962
            ],
            [
              174.7681536,
              -36.8457555
            ],
            [
              174.7682299,
              -36.8455458
            ],
            [
              174.7678828,
              -36.8454577
            ]
          ]
        ]
      }
    },
    {
      "type": "Feature",
      "properties": {
        "id": "b-auk-0608",
        "building_id": "B-AUK-0608",
        "ulpin": "NZ-AUK-CBD-BL-000609-8",
        "name": "A. H. Nathan Warehouse",
        "floors": 5,
        "height_m": 16.0,
        "base_elevation_msl": 7.5,
        "roof_elevation_msl": 23.5,
        "structure_type": "yes",
        "centroid": [
          174.769399,
          -36.845143
        ]
      },
      "geometry": {
        "type": "Polygon",
        "coordinates": [
          [
            [
              174.7694365,
              -36.8452668
            ],
            [
              174.7695413,
              -36.8450081
            ],
            [
              174.7693462,
              -36.8449573
            ],
            [
              174.7692349,
              -36.8452168
            ],
            [
              174.7694365,
              -36.8452668
            ]
          ]
        ]
      }
    },
    {
      "type": "Feature",
      "properties": {
        "id": "b-auk-0609",
        "building_id": "B-AUK-0609",
        "ulpin": "NZ-AUK-CBD-BL-000610-8",
        "name": "Australis House",
        "floors": 5,
        "height_m": 16.0,
        "base_elevation_msl": 7.5,
        "roof_elevation_msl": 23.5,
        "structure_type": "yes",
        "centroid": [
          174.769161,
          -36.845083
        ]
      },
      "geometry": {
        "type": "Polygon",
        "coordinates": [
          [
            [
              174.7690384,
              -36.845168
            ],
            [
              174.7692349,
              -36.8452168
            ],
            [
              174.7693462,
              -36.8449573
            ],
            [
              174.7691451,
              -36.844905
            ],
            [
              174.7690384,
              -36.845168
            ]
          ]
        ]
      }
    },
    {
      "type": "Feature",
      "properties": {
        "id": "b-auk-0612",
        "building_id": "B-AUK-0612",
        "ulpin": "NZ-AUK-CBD-BL-000613-8",
        "name": "Seascape",
        "floors": 56,
        "height_m": 179.2,
        "base_elevation_msl": 7.5,
        "roof_elevation_msl": 186.7,
        "structure_type": "construction",
        "centroid": [
          174.76921,
          -36.845624
        ]
      },
      "geometry": {
        "type": "Polygon",
        "coordinates": [
          [
            [
              174.7690488,
              -36.8454584
            ],
            [
              174.7689424,
              -36.8457198
            ],
            [
              174.769088,
              -36.8457577
            ],
            [
              174.7695228,
              -36.8458711
            ],
            [
              174.7696292,
              -36.8456099
            ],
            [
              174.76919,
              -36.8454953
            ],
            [
              174.7690488,
              -36.8454584
            ]
          ]
        ]
      }
    },
    {
      "type": "Feature",
      "properties": {
        "id": "b-auk-0614",
        "building_id": "B-AUK-0614",
        "ulpin": "NZ-AUK-CBD-BL-000615-8",
        "name": "WQ Building",
        "floors": 15,
        "height_m": 48.0,
        "base_elevation_msl": 7.5,
        "roof_elevation_msl": 55.5,
        "structure_type": "dormitory",
        "centroid": [
          174.764649,
          -36.853901
        ]
      },
      "geometry": {
        "type": "Polygon",
        "coordinates": [
          [
            [
              174.7647477,
              -36.8536962
            ],
            [
              174.7643005,
              -36.8538624
            ],
            [
              174.7645017,
              -36.8542086
            ],
            [
              174.7649487,
              -36.8540424
            ],
            [
              174.7647477,
              -36.8536962
            ]
          ]
        ]
      }
    },
    {
      "type": "Feature",
      "properties": {
        "id": "b-auk-0616",
        "building_id": "B-AUK-0616",
        "ulpin": "NZ-AUK-CBD-BL-000617-8",
        "name": "New Zealand International Convention Centre",
        "floors": 10,
        "height_m": 32.0,
        "base_elevation_msl": 7.5,
        "roof_elevation_msl": 39.5,
        "structure_type": "yes",
        "centroid": [
          174.760383,
          -36.849007
        ]
      },
      "geometry": {
        "type": "Polygon",
        "coordinates": [
          [
            [
              174.7595233,
              -36.8493292
            ],
            [
              174.7602727,
              -36.8495409
            ],
            [
              174.7604124,
              -36.8495789
            ],
            [
              174.760454,
              -36.8494832
            ],
            [
              174.7607927,
              -36.8495792
            ],
            [
              174.7611073,
              -36.8488659
            ],
            [
              174.7611,
              -36.8488501
            ],
            [
              174.761091,
              -36.8488305
            ],
            [
              174.760972,
              -36.8487965
            ],
            [
              174.7609412,
              -36.8487878
            ],
            [
              174.7605835,
              -36.8486871
            ],
            [
              174.7605319,
              -36.8486725
            ],
            [
              174.7598927,
              -36.848492
            ],
            [
              174.7598645,
              -36.8485568
            ],
            [
              174.7597341,
              -36.8488563
            ],
            [
              174.7597201,
              -36.8488886
            ],
            [
              174.7595233,
              -36.8493292
            ]
          ]
        ]
      }
    },
    {
      "type": "Feature",
      "properties": {
        "id": "b-auk-0618",
        "building_id": "B-AUK-0618",
        "ulpin": "NZ-AUK-CBD-BL-000619-8",
        "name": "Science Centre 303S",
        "floors": 10,
        "height_m": 32.0,
        "base_elevation_msl": 7.5,
        "roof_elevation_msl": 39.5,
        "structure_type": "university",
        "centroid": [
          174.767965,
          -36.852952
        ]
      },
      "geometry": {
        "type": "Polygon",
        "coordinates": [
          [
            [
              174.7680874,
              -36.8529711
            ],
            [
              174.7680685,
              -36.852952
            ],
            [
              174.7680528,
              -36.8529602
            ],
            [
              174.7680195,
              -36.8529186
            ],
            [
              174.7679927,
              -36.8529318
            ],
            [
              174.767975,
              -36.852907
            ],
            [
              174.7679375,
              -36.8529384
            ],
            [
              174.7678312,
              -36.8528761
            ],
            [
              174.7676952,
              -36.8527835
            ],
            [
              174.7675743,
              -36.8527575
            ],
            [
              174.7679869,
              -36.8532279
            ],
            [
              174.768152,
              -36.8531276
            ],
            [
              174.7680457,
              -36.8530024
            ],
            [
              174.7680874,
              -36.8529711
            ]
          ]
        ]
      }
    },
    {
      "type": "Feature",
      "properties": {
        "id": "b-auk-0620",
        "building_id": "B-AUK-0620",
        "ulpin": "NZ-AUK-CBD-BL-000621-8",
        "name": "Cottage",
        "floors": 10,
        "height_m": 32.0,
        "base_elevation_msl": 7.5,
        "roof_elevation_msl": 39.5,
        "structure_type": "yes",
        "centroid": [
          174.769599,
          -36.847403
        ]
      },
      "geometry": {
        "type": "Polygon",
        "coordinates": [
          [
            [
              174.7695749,
              -36.8473631
            ],
            [
              174.7695421,
              -36.8474341
            ],
            [
              174.7696354,
              -36.8474618
            ],
            [
              174.7696682,
              -36.8473907
            ],
            [
              174.7695749,
              -36.8473631
            ]
          ]
        ]
      }
    },
    {
      "type": "Feature",
      "properties": {
        "id": "b-auk-0621",
        "building_id": "B-AUK-0621",
        "ulpin": "NZ-AUK-CBD-BL-000622-8",
        "name": "Voco Hotel / Holiday Inn",
        "floors": 38,
        "height_m": 121.6,
        "base_elevation_msl": 7.5,
        "roof_elevation_msl": 129.1,
        "structure_type": "hotel",
        "centroid": [
          174.764749,
          -36.846898
        ]
      },
      "geometry": {
        "type": "Polygon",
        "coordinates": [
          [
            [
              174.7649138,
              -36.8470218
            ],
            [
              174.7649851,
              -36.8468653
            ],
            [
              174.7649954,
              -36.8468427
            ],
            [
              174.7645196,
              -36.8467039
            ],
            [
              174.7645093,
              -36.8467265
            ],
            [
              174.764438,
              -36.846883
            ],
            [
              174.7645998,
              -36.8469302
            ],
            [
              174.7647593,
              -36.8469768
            ],
            [
              174.7648574,
              -36.8470054
            ],
            [
              174.7649138,
              -36.8470218
            ]
          ]
        ]
      }
    },
    {
      "type": "Feature",
      "properties": {
        "id": "b-auk-0622",
        "building_id": "B-AUK-0622",
        "ulpin": "NZ-AUK-CBD-BL-000623-8",
        "name": "The Kiosk",
        "floors": 10,
        "height_m": 32.0,
        "base_elevation_msl": 7.5,
        "roof_elevation_msl": 39.5,
        "structure_type": "yes",
        "centroid": [
          174.763919,
          -36.845663
        ]
      },
      "geometry": {
        "type": "Polygon",
        "coordinates": [
          [
            [
              174.7639654,
              -36.8456577
            ],
            [
              174.7638683,
              -36.8456288
            ],
            [
              174.7638488,
              -36.8456708
            ],
            [
              174.7639458,
              -36.8456997
            ],
            [
              174.7639654,
              -36.8456577
            ]
          ]
        ]
      }
    },
    {
      "type": "Feature",
      "properties": {
        "id": "b-auk-0623",
        "building_id": "B-AUK-0623",
        "ulpin": "NZ-AUK-CBD-BL-000624-8",
        "name": "51 Albert",
        "floors": 41,
        "height_m": 131.2,
        "base_elevation_msl": 7.5,
        "roof_elevation_msl": 138.7,
        "structure_type": "apartments",
        "centroid": [
          174.764003,
          -36.846399
        ]
      },
      "geometry": {
        "type": "Polygon",
        "coordinates": [
          [
            [
              174.7638623,
              -36.8463065
            ],
            [
              174.7638113,
              -36.8464202
            ],
            [
              174.7642164,
              -36.8465381
            ],
            [
              174.7642645,
              -36.8464228
            ],
            [
              174.7638623,
              -36.8463065
            ]
          ]
        ]
      }
    },
    {
      "type": "Feature",
      "properties": {
        "id": "b-auk-0625",
        "building_id": "B-AUK-0625",
        "ulpin": "NZ-AUK-CBD-BL-000626-8",
        "name": "Vincent Tower",
        "floors": 10,
        "height_m": 32.0,
        "base_elevation_msl": 7.5,
        "roof_elevation_msl": 39.5,
        "structure_type": "apartments",
        "centroid": [
          174.760168,
          -36.853926
        ]
      },
      "geometry": {
        "type": "Polygon",
        "coordinates": [
          [
            [
              174.7600557,
              -36.8538706
            ],
            [
              174.7600882,
              -36.8539506
            ],
            [
              174.7600976,
              -36.8539736
            ],
            [
              174.7601716,
              -36.8540062
            ],
            [
              174.7602274,
              -36.8540071
            ],
            [
              174.7603057,
              -36.8539891
            ],
            [
              174.76028,
              -36.8539187
            ],
            [
              174.7602585,
              -36.8538852
            ],
            [
              174.7601855,
              -36.8538551
            ],
            [
              174.7601169,
              -36.8538551
            ],
            [
              174.7600557,
              -36.8538706
            ]
          ]
        ]
      }
    },
    {
      "type": "Feature",
      "properties": {
        "id": "b-auk-0627",
        "building_id": "B-AUK-0627",
        "ulpin": "NZ-AUK-CBD-BL-000628-8",
        "name": "ANZ Building",
        "floors": 10,
        "height_m": 32.0,
        "base_elevation_msl": 7.5,
        "roof_elevation_msl": 39.5,
        "structure_type": "office",
        "centroid": [
          174.764371,
          -36.845535
        ]
      },
      "geometry": {
        "type": "Polygon",
        "coordinates": [
          [
            [
              174.7641665,
              -36.8455101
            ],
            [
              174.7641796,
              -36.8454987
            ],
            [
              174.7641957,
              -36.8454889
            ],
            [
              174.764215,
              -36.8454812
            ],
            [
              174.7642312,
              -36.845477
            ],
            [
              174.7642482,
              -36.845475
            ],
            [
              174.7642646,
              -36.8454746
            ],
            [
              174.7642809,
              -36.8454761
            ],
            [
              174.7645397,
              -36.8455512
            ],
            [
              174.7645649,
              -36.8455643
            ],
            [
              174.7645842,
              -36.8455829
            ],
            [
              174.7645939,
              -36.8455987
            ],
            [
              174.7646025,
              -36.8456299
            ],
            [
              174.7645954,
              -36.8456623
            ],
            [
              174.7645717,
              -36.8456914
            ],
            [
              174.7644413,
              -36.8457814
            ],
            [
              174.7644203,
              -36.8457959
            ],
            [
              174.7644045,
              -36.8458015
            ],
            [
              174.764463,
              -36.8458649
            ],
            [
              174.7645928,
              -36.8457756
            ],
            [
              174.7647461,
              -36.8454145
            ],
            [
              174.764704,
              -36.8454066
            ],
            [
              174.7643841,
              -36.8453146
            ],
            [
              174.7643566,
              -36.8453087
            ],
            [
              174.7643388,
              -36.8453457
            ],
            [
              174.764009,
              -36.8452528
            ],
            [
              174.763974,
              -36.8453421
            ],
            [
              174.7639323,
              -36.8454482
            ],
            [
              174.7641665,
              -36.8455101
            ]
          ]
        ]
      }
    },
    {
      "type": "Feature",
      "properties": {
        "id": "b-auk-0631",
        "building_id": "B-AUK-0631",
        "ulpin": "NZ-AUK-CBD-BL-000632-8",
        "name": "Swanson House",
        "floors": 14,
        "height_m": 44.8,
        "base_elevation_msl": 7.5,
        "roof_elevation_msl": 52.3,
        "structure_type": "commercial",
        "centroid": [
          174.765142,
          -36.846249
        ]
      },
      "geometry": {
        "type": "Polygon",
        "coordinates": [
          [
            [
              174.7650682,
              -36.846164
            ],
            [
              174.765004,
              -36.8463061
            ],
            [
              174.7652515,
              -36.8463777
            ],
            [
              174.7653157,
              -36.8462357
            ],
            [
              174.7650682,
              -36.846164
            ]
          ]
        ]
      }
    },
    {
      "type": "Feature",
      "properties": {
        "id": "b-auk-0634",
        "building_id": "B-AUK-0634",
        "ulpin": "NZ-AUK-CBD-BL-000635-8",
        "name": "Blackstone Chambers",
        "floors": 2,
        "height_m": 6.4,
        "base_elevation_msl": 7.5,
        "roof_elevation_msl": 13.9,
        "structure_type": "office",
        "centroid": [
          174.76492,
          -36.847442
        ]
      },
      "geometry": {
        "type": "Polygon",
        "coordinates": [
          [
            [
              174.7649666,
              -36.8472622
            ],
            [
              174.7648401,
              -36.8475644
            ],
            [
              174.7648577,
              -36.8475692
            ],
            [
              174.7648791,
              -36.847575
            ],
            [
              174.7649005,
              -36.8475808
            ],
            [
              174.7650279,
              -36.8472793
            ],
            [
              174.7649666,
              -36.8472622
            ]
          ]
        ]
      }
    },
    {
      "type": "Feature",
      "properties": {
        "id": "b-auk-0637",
        "building_id": "B-AUK-0637",
        "ulpin": "NZ-AUK-CBD-BL-000638-8",
        "name": "Building 242",
        "floors": 1,
        "height_m": 3.2,
        "base_elevation_msl": 7.5,
        "roof_elevation_msl": 10.7,
        "structure_type": "university",
        "centroid": [
          174.772353,
          -36.851286
        ]
      },
      "geometry": {
        "type": "Polygon",
        "coordinates": [
          [
            [
              174.7720905,
              -36.8513616
            ],
            [
              174.7722964,
              -36.8515252
            ],
            [
              174.7727503,
              -36.8511748
            ],
            [
              174.7725357,
              -36.8510074
            ],
            [
              174.7720905,
              -36.8513616
            ]
          ]
        ]
      }
    },
    {
      "type": "Feature",
      "properties": {
        "id": "b-auk-0638",
        "building_id": "B-AUK-0638",
        "ulpin": "NZ-AUK-CBD-BL-000639-8",
        "name": "Horizon Hotel",
        "floors": 14,
        "height_m": 44.8,
        "base_elevation_msl": 7.5,
        "roof_elevation_msl": 52.3,
        "structure_type": "hotel",
        "centroid": [
          174.760964,
          -36.848578
        ]
      },
      "geometry": {
        "type": "Polygon",
        "coordinates": [
          [
            [
              174.7605518,
              -36.8486117
            ],
            [
              174.7607849,
              -36.8486796
            ],
            [
              174.7608799,
              -36.8486971
            ],
            [
              174.7609735,
              -36.8487039
            ],
            [
              174.76101,
              -36.8487049
            ],
            [
              174.7610554,
              -36.8487012
            ],
            [
              174.7611031,
              -36.8486947
            ],
            [
              174.7611613,
              -36.8486849
            ],
            [
              174.7612181,
              -36.8486686
            ],
            [
              174.7612063,
              -36.8486415
            ],
            [
              174.7611963,
              -36.8486008
            ],
            [
              174.7612403,
              -36.8486131
            ],
            [
              174.7612845,
              -36.8485136
            ],
            [
              174.7612304,
              -36.8484973
            ],
            [
              174.7611395,
              -36.84847
            ],
            [
              174.7610685,
              -36.84846
            ],
            [
              174.7609925,
              -36.8484541
            ],
            [
              174.7609148,
              -36.8484521
            ],
            [
              174.7608467,
              -36.848456
            ],
            [
              174.7607766,
              -36.8484662
            ],
            [
              174.7607082,
              -36.8484823
            ],
            [
              174.7606576,
              -36.8484968
            ],
            [
              174.7605937,
              -36.8485198
            ],
            [
              174.7605518,
              -36.8486117
            ]
          ]
        ]
      }
    },
    {
      "type": "Feature",
      "properties": {
        "id": "b-auk-0642",
        "building_id": "B-AUK-0642",
        "ulpin": "NZ-AUK-CBD-BL-000643-8",
        "name": "Kangnam Station",
        "floors": 10,
        "height_m": 32.0,
        "base_elevation_msl": 7.5,
        "roof_elevation_msl": 39.5,
        "structure_type": "kiosk",
        "centroid": [
          174.762946,
          -36.853933
        ]
      },
      "geometry": {
        "type": "Polygon",
        "coordinates": [
          [
            [
              174.7629684,
              -36.8538748
            ],
            [
              174.7628547,
              -36.853941
            ],
            [
              174.7628922,
              -36.8539821
            ],
            [
              174.7629388,
              -36.853955
            ],
            [
              174.7629457,
              -36.8539626
            ],
            [
              174.7629735,
              -36.8539465
            ],
            [
              174.7629676,
              -36.85394
            ],
            [
              174.7630068,
              -36.8539172
            ],
            [
              174.7629684,
              -36.8538748
            ]
          ]
        ]
      }
    },
    {
      "type": "Feature",
      "properties": {
        "id": "b-auk-0646",
        "building_id": "B-AUK-0646",
        "ulpin": "NZ-AUK-CBD-BL-000647-8",
        "name": "Thomas Doo Building",
        "floors": 2,
        "height_m": 6.4,
        "base_elevation_msl": 7.5,
        "roof_elevation_msl": 13.9,
        "structure_type": "retail",
        "centroid": [
          174.760225,
          -36.851525
        ]
      },
      "geometry": {
        "type": "Polygon",
        "coordinates": [
          [
            [
              174.7602796,
              -36.8516379
            ],
            [
              174.760303,
              -36.8515787
            ],
            [
              174.7601706,
              -36.8515397
            ],
            [
              174.7602655,
              -36.851387
            ],
            [
              174.760246,
              -36.8513802
            ],
            [
              174.7602041,
              -36.8514502
            ],
            [
              174.7602143,
              -36.8514545
            ],
            [
              174.7601338,
              -36.8515786
            ],
            [
              174.7601494,
              -36.851606
            ],
            [
              174.7602796,
              -36.8516379
            ]
          ]
        ]
      }
    },
    {
      "type": "Feature",
      "properties": {
        "id": "b-auk-0647",
        "building_id": "B-AUK-0647",
        "ulpin": "NZ-AUK-CBD-BL-000648-8",
        "name": "Quay West",
        "floors": 10,
        "height_m": 32.0,
        "base_elevation_msl": 7.5,
        "roof_elevation_msl": 39.5,
        "structure_type": "yes",
        "centroid": [
          174.765581,
          -36.845003
        ]
      },
      "geometry": {
        "type": "Polygon",
        "coordinates": [
          [
            [
              174.7653618,
              -36.8447209
            ],
            [
              174.7653523,
              -36.8447433
            ],
            [
              174.7653412,
              -36.8447464
            ],
            [
              174.7652862,
              -36.8448726
            ],
            [
              174.7652731,
              -36.8448689
            ],
            [
              174.7652095,
              -36.8450151
            ],
            [
              174.7652196,
              -36.8450179
            ],
            [
              174.7651848,
              -36.8450968
            ],
            [
              174.7652793,
              -36.8451245
            ],
            [
              174.7652757,
              -36.8451341
            ],
            [
              174.765614,
              -36.8452345
            ],
            [
              174.7656247,
              -36.8452154
            ],
            [
              174.7657084,
              -36.8452384
            ],
            [
              174.7657,
              -36.8452594
            ],
            [
              174.7657431,
              -36.8452709
            ],
            [
              174.7657574,
              -36.8452326
            ],
            [
              174.7658004,
              -36.8452441
            ],
            [
              174.7658279,
              -36.84518
            ],
            [
              174.7658028,
              -36.8451733
            ],
            [
              174.7658315,
              -36.8451083
            ],
            [
              174.7657717,
              -36.8450901
            ],
            [
              174.7657873,
              -36.8450556
            ],
            [
              174.7657705,
              -36.8450518
            ],
            [
              174.7657876,
              -36.8449998
            ],
            [
              174.7658206,
              -36.8449235
            ],
            [
              174.7657701,
              -36.8449095
            ],
            [
              174.7657942,
              -36.8448568
            ],
            [
              174.7657958,
              -36.8448531
            ],
            [
              174.7657182,
              -36.8448324
            ],
            [
              174.7657204,
              -36.8448271
            ],
            [
              174.7654403,
              -36.8447519
            ],
            [
              174.7654444,
              -36.8447423
            ],
            [
              174.7653618,
              -36.8447209
            ]
          ]
        ]
      }
    },
    {
      "type": "Feature",
      "properties": {
        "id": "b-auk-0648",
        "building_id": "B-AUK-0648",
        "ulpin": "NZ-AUK-CBD-BL-000649-8",
        "name": "Queens Residences",
        "floors": 10,
        "height_m": 32.0,
        "base_elevation_msl": 7.5,
        "roof_elevation_msl": 39.5,
        "structure_type": "yes",
        "centroid": [
          174.764154,
          -36.853229
        ]
      },
      "geometry": {
        "type": "Polygon",
        "coordinates": [
          [
            [
              174.7644101,
              -36.8531006
            ],
            [
              174.76417,
              -36.8531824
            ],
            [
              174.7641162,
              -36.8532023
            ],
            [
              174.7641011,
              -36.8532074
            ],
            [
              174.7640581,
              -36.8532231
            ],
            [
              174.7640101,
              -36.8532407
            ],
            [
              174.7639309,
              -36.8532702
            ],
            [
              174.7639663,
              -36.8533241
            ],
            [
              174.7640227,
              -36.8534246
            ],
            [
              174.7644946,
              -36.8532457
            ],
            [
              174.7644101,
              -36.8531006
            ]
          ]
        ]
      }
    },
    {
      "type": "Feature",
      "properties": {
        "id": "b-auk-0651",
        "building_id": "B-AUK-0651",
        "ulpin": "NZ-AUK-CBD-BL-000652-8",
        "name": "Broker House",
        "floors": 10,
        "height_m": 32.0,
        "base_elevation_msl": 7.5,
        "roof_elevation_msl": 39.5,
        "structure_type": "yes",
        "centroid": [
          174.766614,
          -36.847095
        ]
      },
      "geometry": {
        "type": "Polygon",
        "coordinates": [
          [
            [
              174.7665687,
              -36.8470472
            ],
            [
              174.7665478,
              -36.8471154
            ],
            [
              174.7666464,
              -36.8471483
            ],
            [
              174.7666674,
              -36.8471394
            ],
            [
              174.7666843,
              -36.847075
            ],
            [
              174.7665687,
              -36.8470472
            ]
          ]
        ]
      }
    },
    {
      "type": "Feature",
      "properties": {
        "id": "b-auk-0654",
        "building_id": "B-AUK-0654",
        "ulpin": "NZ-AUK-CBD-BL-000655-8",
        "name": "Princeton Apartments",
        "floors": 19,
        "height_m": 60.8,
        "base_elevation_msl": 7.5,
        "roof_elevation_msl": 68.3,
        "structure_type": "apartments",
        "centroid": [
          174.768171,
          -36.854676
        ]
      },
      "geometry": {
        "type": "Polygon",
        "coordinates": [
          [
            [
              174.7679916,
              -36.8545428
            ],
            [
              174.7679654,
              -36.8545656
            ],
            [
              174.7679685,
              -36.8545851
            ],
            [
              174.7679484,
              -36.8546039
            ],
            [
              174.7682531,
              -36.8548231
            ],
            [
              174.7683054,
              -36.8548261
            ],
            [
              174.7683226,
              -36.8548284
            ],
            [
              174.7683413,
              -36.8548286
            ],
            [
              174.7683659,
              -36.8548065
            ],
            [
              174.7683631,
              -36.8547904
            ],
            [
              174.768355,
              -36.8547685
            ],
            [
              174.7683419,
              -36.8547437
            ],
            [
              174.7683193,
              -36.8547275
            ],
            [
              174.7682044,
              -36.8546474
            ],
            [
              174.7680894,
              -36.8545672
            ],
            [
              174.768069,
              -36.8545527
            ],
            [
              174.7680388,
              -36.8545457
            ],
            [
              174.7680107,
              -36.8545421
            ],
            [
              174.7679916,
              -36.8545428
            ]
          ]
        ]
      }
    },
    {
      "type": "Feature",
      "properties": {
        "id": "b-auk-0655",
        "building_id": "B-AUK-0655",
        "ulpin": "NZ-AUK-CBD-BL-000656-8",
        "name": "Kingsbridge Apartments",
        "floors": 6,
        "height_m": 19.2,
        "base_elevation_msl": 7.5,
        "roof_elevation_msl": 26.7,
        "structure_type": "apartments",
        "centroid": [
          174.76023,
          -36.849948
        ]
      },
      "geometry": {
        "type": "Polygon",
        "coordinates": [
          [
            [
              174.76005,
              -36.8497541
            ],
            [
              174.7599504,
              -36.8499763
            ],
            [
              174.7601215,
              -36.8500254
            ],
            [
              174.7602499,
              -36.8500623
            ],
            [
              174.7602447,
              -36.8500739
            ],
            [
              174.7605392,
              -36.8501584
            ],
            [
              174.7606441,
              -36.8499246
            ],
            [
              174.7602216,
              -36.8498033
            ],
            [
              174.76005,
              -36.8497541
            ]
          ]
        ]
      }
    },
    {
      "type": "Feature",
      "properties": {
        "id": "b-auk-0656",
        "building_id": "B-AUK-0656",
        "ulpin": "NZ-AUK-CBD-BL-000657-8",
        "name": "NZ Police Staff Parking",
        "floors": 1,
        "height_m": 3.2,
        "base_elevation_msl": 7.5,
        "roof_elevation_msl": 10.7,
        "structure_type": "parking",
        "centroid": [
          174.760144,
          -36.852409
        ]
      },
      "geometry": {
        "type": "Polygon",
        "coordinates": [
          [
            [
              174.7601313,
              -36.8522037
            ],
            [
              174.7598775,
              -36.8525986
            ],
            [
              174.7601641,
              -36.8527165
            ],
            [
              174.7604178,
              -36.8523216
            ],
            [
              174.7601313,
              -36.8522037
            ]
          ]
        ]
      }
    },
    {
      "type": "Feature",
      "properties": {
        "id": "b-auk-0659",
        "building_id": "B-AUK-0659",
        "ulpin": "NZ-AUK-CBD-BL-000660-8",
        "name": "Omo! Korean Bowls",
        "floors": 10,
        "height_m": 32.0,
        "base_elevation_msl": 7.5,
        "roof_elevation_msl": 39.5,
        "structure_type": "yes",
        "centroid": [
          174.768889,
          -36.847204
        ]
      },
      "geometry": {
        "type": "Polygon",
        "coordinates": [
          [
            [
              174.7688681,
              -36.8472442
            ],
            [
              174.7688765,
              -36.8472962
            ],
            [
              174.7689395,
              -36.8472897
            ],
            [
              174.7689159,
              -36.8471424
            ],
            [
              174.7689092,
              -36.8471007
            ],
            [
              174.7688461,
              -36.8471072
            ],
            [
              174.7688681,
              -36.8472442
            ]
          ]
        ]
      }
    },
    {
      "type": "Feature",
      "properties": {
        "id": "b-auk-0660",
        "building_id": "B-AUK-0660",
        "ulpin": "NZ-AUK-CBD-BL-000661-8",
        "name": "Eden Hall",
        "floors": 4,
        "height_m": 12.8,
        "base_elevation_msl": 7.5,
        "roof_elevation_msl": 20.3,
        "structure_type": "apartments",
        "centroid": [
          174.77114,
          -36.847795
        ]
      },
      "geometry": {
        "type": "Polygon",
        "coordinates": [
          [
            [
              174.7709945,
              -36.8477485
            ],
            [
              174.7711266,
              -36.8478834
            ],
            [
              174.7711719,
              -36.847859
            ],
            [
              174.7712004,
              -36.8478992
            ],
            [
              174.7712354,
              -36.8478585
            ],
            [
              174.7712726,
              -36.8478303
            ],
            [
              174.7712227,
              -36.847779
            ],
            [
              174.7712031,
              -36.8477897
            ],
            [
              174.7710758,
              -36.847664
            ],
            [
              174.7710423,
              -36.847684
            ],
            [
              174.7709945,
              -36.8477485
            ]
          ]
        ]
      }
    },
    {
      "type": "Feature",
      "properties": {
        "id": "b-auk-0661",
        "building_id": "B-AUK-0661",
        "ulpin": "NZ-AUK-CBD-BL-000662-8",
        "name": "The Cresent",
        "floors": 4,
        "height_m": 12.8,
        "base_elevation_msl": 7.5,
        "roof_elevation_msl": 20.3,
        "structure_type": "apartments",
        "centroid": [
          174.771355,
          -36.847915
        ]
      },
      "geometry": {
        "type": "Polygon",
        "coordinates": [
          [
            [
              174.7713652,
              -36.8479747
            ],
            [
              174.771422,
              -36.8480074
            ],
            [
              174.7714764,
              -36.8479465
            ],
            [
              174.7713098,
              -36.84778
            ],
            [
              174.7712726,
              -36.8478303
            ],
            [
              174.7712354,
              -36.8478585
            ],
            [
              174.7713913,
              -36.8479444
            ],
            [
              174.7713652,
              -36.8479747
            ]
          ]
        ]
      }
    },
    {
      "type": "Feature",
      "properties": {
        "id": "b-auk-0662",
        "building_id": "B-AUK-0662",
        "ulpin": "NZ-AUK-CBD-BL-000663-8",
        "name": "Administrator House",
        "floors": 9,
        "height_m": 28.8,
        "base_elevation_msl": 7.5,
        "roof_elevation_msl": 36.3,
        "structure_type": "apartments",
        "centroid": [
          174.772401,
          -36.846975
        ]
      },
      "geometry": {
        "type": "Polygon",
        "coordinates": [
          [
            [
              174.7722465,
              -36.8469812
            ],
            [
              174.7723024,
              -36.847076
            ],
            [
              174.7724759,
              -36.8470114
            ],
            [
              174.7724717,
              -36.847004
            ],
            [
              174.7724709,
              -36.8469814
            ],
            [
              174.7724654,
              -36.8469621
            ],
            [
              174.7724565,
              -36.8469465
            ],
            [
              174.7724371,
              -36.846933
            ],
            [
              174.7724223,
              -36.8469263
            ],
            [
              174.7724172,
              -36.8469195
            ],
            [
              174.7722465,
              -36.8469812
            ]
          ]
        ]
      }
    },
    {
      "type": "Feature",
      "properties": {
        "id": "b-auk-0664",
        "building_id": "B-AUK-0664",
        "ulpin": "NZ-AUK-CBD-BL-000665-8",
        "name": "Chapman and Goldwater Building",
        "floors": 3,
        "height_m": 9.6,
        "base_elevation_msl": 7.5,
        "roof_elevation_msl": 17.1,
        "structure_type": "yes",
        "centroid": [
          174.766265,
          -36.846687
        ]
      },
      "geometry": {
        "type": "Polygon",
        "coordinates": [
          [
            [
              174.7663209,
              -36.846733
            ],
            [
              174.7663488,
              -36.8466569
            ],
            [
              174.766182,
              -36.8466178
            ],
            [
              174.7661541,
              -36.8466939
            ],
            [
              174.7663209,
              -36.846733
            ]
          ]
        ]
      }
    },
    {
      "type": "Feature",
      "properties": {
        "id": "b-auk-0666",
        "building_id": "B-AUK-0666",
        "ulpin": "NZ-AUK-CBD-BL-000667-8",
        "name": "SAP Tower",
        "floors": 5,
        "height_m": 16.0,
        "base_elevation_msl": 7.5,
        "roof_elevation_msl": 23.5,
        "structure_type": "office",
        "centroid": [
          174.765354,
          -36.847033
        ]
      },
      "geometry": {
        "type": "Polygon",
        "coordinates": [
          [
            [
              174.7654695,
              -36.8468962
            ],
            [
              174.7650427,
              -36.8467697
            ],
            [
              174.7649077,
              -36.8470605
            ],
            [
              174.7650016,
              -36.8470904
            ],
            [
              174.7650469,
              -36.8471047
            ],
            [
              174.7656678,
              -36.8473013
            ],
            [
              174.765702,
              -36.8472851
            ],
            [
              174.7657693,
              -36.8470057
            ],
            [
              174.7654608,
              -36.8469166
            ],
            [
              174.7654695,
              -36.8468962
            ]
          ]
        ]
      }
    },
    {
      "type": "Feature",
      "properties": {
        "id": "b-auk-0667",
        "building_id": "B-AUK-0667",
        "ulpin": "NZ-AUK-CBD-BL-000668-8",
        "name": "Ranchhod Chambers",
        "floors": 3,
        "height_m": 9.6,
        "base_elevation_msl": 7.5,
        "roof_elevation_msl": 17.1,
        "structure_type": "yes",
        "centroid": [
          174.765843,
          -36.845673
        ]
      },
      "geometry": {
        "type": "Polygon",
        "coordinates": [
          [
            [
              174.7657165,
              -36.8456178
            ],
            [
              174.7656981,
              -36.8456125
            ],
            [
              174.7656755,
              -36.8456625
            ],
            [
              174.7661151,
              -36.8457898
            ],
            [
              174.7661377,
              -36.8457398
            ],
            [
              174.7657165,
              -36.8456178
            ]
          ]
        ]
      }
    },
    {
      "type": "Feature",
      "properties": {
        "id": "b-auk-0669",
        "building_id": "B-AUK-0669",
        "ulpin": "NZ-AUK-CBD-BL-000670-8",
        "name": "Campbell's Building",
        "floors": 10,
        "height_m": 32.0,
        "base_elevation_msl": 7.5,
        "roof_elevation_msl": 39.5,
        "structure_type": "yes",
        "centroid": [
          174.76691,
          -36.847181
        ]
      },
      "geometry": {
        "type": "Polygon",
        "coordinates": [
          [
            [
              174.7669774,
              -36.847225
            ],
            [
              174.7669957,
              -36.8471653
            ],
            [
              174.7668067,
              -36.8471127
            ],
            [
              174.7667904,
              -36.8471781
            ],
            [
              174.7669774,
              -36.847225
            ]
          ]
        ]
      }
    },
    {
      "type": "Feature",
      "properties": {
        "id": "b-auk-0673",
        "building_id": "B-AUK-0673",
        "ulpin": "NZ-AUK-CBD-BL-000674-8",
        "name": "Hotel DeBrett",
        "floors": 10,
        "height_m": 32.0,
        "base_elevation_msl": 7.5,
        "roof_elevation_msl": 39.5,
        "structure_type": "yes",
        "centroid": [
          174.767004,
          -36.846841
        ]
      },
      "geometry": {
        "type": "Polygon",
        "coordinates": [
          [
            [
              174.7668707,
              -36.8468724
            ],
            [
              174.7670188,
              -36.8469228
            ],
            [
              174.7670251,
              -36.8468974
            ],
            [
              174.7669869,
              -36.8468856
            ],
            [
              174.7670085,
              -36.8468013
            ],
            [
              174.7670608,
              -36.8468102
            ],
            [
              174.7670461,
              -36.8468767
            ],
            [
              174.7671009,
              -36.8468846
            ],
            [
              174.7671342,
              -36.8467525
            ],
            [
              174.766924,
              -36.846675
            ],
            [
              174.7668707,
              -36.8468724
            ]
          ]
        ]
      }
    },
    {
      "type": "Feature",
      "properties": {
        "id": "b-auk-0679",
        "building_id": "B-AUK-0679",
        "ulpin": "NZ-AUK-CBD-BL-000680-8",
        "name": "Freyberg Chambers",
        "floors": 2,
        "height_m": 6.4,
        "base_elevation_msl": 7.5,
        "roof_elevation_msl": 13.9,
        "structure_type": "retail",
        "centroid": [
          174.767644,
          -36.847849
        ]
      },
      "geometry": {
        "type": "Polygon",
        "coordinates": [
          [
            [
              174.7676147,
              -36.847908
            ],
            [
              174.7677086,
              -36.8478994
            ],
            [
              174.767687,
              -36.8477601
            ],
            [
              174.7675939,
              -36.8477696
            ],
            [
              174.7676147,
              -36.847908
            ]
          ]
        ]
      }
    },
    {
      "type": "Feature",
      "properties": {
        "id": "b-auk-0686",
        "building_id": "B-AUK-0686",
        "ulpin": "NZ-AUK-CBD-BL-000687-8",
        "name": "Shortland & Fort",
        "floors": 29,
        "height_m": 92.8,
        "base_elevation_msl": 7.5,
        "roof_elevation_msl": 100.3,
        "structure_type": "commercial",
        "centroid": [
          174.769708,
          -36.846443
        ]
      },
      "geometry": {
        "type": "Polygon",
        "coordinates": [
          [
            [
              174.7694571,
              -36.8464116
            ],
            [
              174.7695833,
              -36.8465841
            ],
            [
              174.7696958,
              -36.8467379
            ],
            [
              174.769819,
              -36.8466802
            ],
            [
              174.7700197,
              -36.8465862
            ],
            [
              174.7698925,
              -36.8464124
            ],
            [
              174.7698494,
              -36.8463536
            ],
            [
              174.7698156,
              -36.8463074
            ],
            [
              174.7697809,
              -36.8462599
            ],
            [
              174.769676,
              -36.846309
            ],
            [
              174.7696484,
              -36.8463219
            ],
            [
              174.769508,
              -36.8463877
            ],
            [
              174.7694571,
              -36.8464116
            ]
          ]
        ]
      }
    },
    {
      "type": "Feature",
      "properties": {
        "id": "b-auk-0688",
        "building_id": "B-AUK-0688",
        "ulpin": "NZ-AUK-CBD-BL-000689-8",
        "name": "Northern Roller Mills",
        "floors": 7,
        "height_m": 22.4,
        "base_elevation_msl": 7.5,
        "roof_elevation_msl": 29.9,
        "structure_type": "yes",
        "centroid": [
          174.769827,
          -36.846309
        ]
      },
      "geometry": {
        "type": "Polygon",
        "coordinates": [
          [
            [
              174.7696988,
              -36.8462408
            ],
            [
              174.7697323,
              -36.8464185
            ],
            [
              174.7699077,
              -36.8463557
            ],
            [
              174.7699318,
              -36.846347
            ],
            [
              174.7699531,
              -36.8463394
            ],
            [
              174.7698699,
              -36.8462227
            ],
            [
              174.7696988,
              -36.8462408
            ]
          ]
        ]
      }
    },
    {
      "type": "Feature",
      "properties": {
        "id": "b-auk-0691",
        "building_id": "B-AUK-0691",
        "ulpin": "NZ-AUK-CBD-BL-000692-8",
        "name": "The Britomart",
        "floors": 8,
        "height_m": 25.6,
        "base_elevation_msl": 7.5,
        "roof_elevation_msl": 33.1,
        "structure_type": "yes",
        "centroid": [
          174.771021,
          -36.845786
        ]
      },
      "geometry": {
        "type": "Polygon",
        "coordinates": [
          [
            [
              174.7709964,
              -36.84589
            ],
            [
              174.771136,
              -36.8457642
            ],
            [
              174.7711165,
              -36.8457513
            ],
            [
              174.7710982,
              -36.8457423
            ],
            [
              174.7709894,
              -36.8457093
            ],
            [
              174.770933,
              -36.8457011
            ],
            [
              174.770903,
              -36.8458368
            ],
            [
              174.7709964,
              -36.84589
            ]
          ]
        ]
      }
    },
    {
      "type": "Feature",
      "properties": {
        "id": "b-auk-0694",
        "building_id": "B-AUK-0694",
        "ulpin": "NZ-AUK-CBD-BL-000695-8",
        "name": "Anzac Court",
        "floors": 5,
        "height_m": 16.0,
        "base_elevation_msl": 7.5,
        "roof_elevation_msl": 23.5,
        "structure_type": "yes",
        "centroid": [
          174.771678,
          -36.846909
        ]
      },
      "geometry": {
        "type": "Polygon",
        "coordinates": [
          [
            [
              174.771546,
              -36.8468981
            ],
            [
              174.7716267,
              -36.8470068
            ],
            [
              174.771865,
              -36.84693
            ],
            [
              174.7718056,
              -36.846812
            ],
            [
              174.771546,
              -36.8468981
            ]
          ]
        ]
      }
    },
    {
      "type": "Feature",
      "properties": {
        "id": "b-auk-0695",
        "building_id": "B-AUK-0695",
        "ulpin": "NZ-AUK-CBD-BL-000696-8",
        "name": "The Cube",
        "floors": 4,
        "height_m": 12.8,
        "base_elevation_msl": 7.5,
        "roof_elevation_msl": 20.3,
        "structure_type": "apartments",
        "centroid": [
          174.77409,
          -36.849702
        ]
      },
      "geometry": {
        "type": "Polygon",
        "coordinates": [
          [
            [
              174.7743221,
              -36.8496511
            ],
            [
              174.7739559,
              -36.849659
            ],
            [
              174.7738795,
              -36.8496607
            ],
            [
              174.7738831,
              -36.8497681
            ],
            [
              174.7739408,
              -36.8497669
            ],
            [
              174.7743258,
              -36.8497585
            ],
            [
              174.7743221,
              -36.8496511
            ]
          ]
        ]
      }
    },
    {
      "type": "Feature",
      "properties": {
        "id": "b-auk-0696",
        "building_id": "B-AUK-0696",
        "ulpin": "NZ-AUK-CBD-BL-000697-8",
        "name": "Bike Cage",
        "floors": 10,
        "height_m": 32.0,
        "base_elevation_msl": 7.5,
        "roof_elevation_msl": 39.5,
        "structure_type": "shed",
        "centroid": [
          174.770628,
          -36.850297
        ]
      },
      "geometry": {
        "type": "Polygon",
        "coordinates": [
          [
            [
              174.7706013,
              -36.8502882
            ],
            [
              174.7705616,
              -36.8503393
            ],
            [
              174.7706251,
              -36.8503709
            ],
            [
              174.7706975,
              -36.8502777
            ],
            [
              174.7706778,
              -36.8502679
            ],
            [
              174.7706339,
              -36.8502461
            ],
            [
              174.7706013,
              -36.8502882
            ]
          ]
        ]
      }
    },
    {
      "type": "Feature",
      "properties": {
        "id": "b-auk-0697",
        "building_id": "B-AUK-0697",
        "ulpin": "NZ-AUK-CBD-BL-000698-8",
        "name": "Thomas Building Extension",
        "floors": 10,
        "height_m": 32.0,
        "base_elevation_msl": 7.5,
        "roof_elevation_msl": 39.5,
        "structure_type": "university",
        "centroid": [
          174.771602,
          -36.850478
        ]
      },
      "geometry": {
        "type": "Polygon",
        "coordinates": [
          [
            [
              174.7713204,
              -36.8504979
            ],
            [
              174.7714865,
              -36.8506281
            ],
            [
              174.7715304,
              -36.8505949
            ],
            [
              174.7716273,
              -36.8506708
            ],
            [
              174.7716773,
              -36.8506236
            ],
            [
              174.7716826,
              -36.8506268
            ],
            [
              174.7717353,
              -36.8505682
            ],
            [
              174.771752,
              -36.8505471
            ],
            [
              174.7717802,
              -36.8505085
            ],
            [
              174.7717929,
              -36.8504806
            ],
            [
              174.7718043,
              -36.8504586
            ],
            [
              174.7718108,
              -36.8504295
            ],
            [
              174.7718077,
              -36.8504038
            ],
            [
              174.7718057,
              -36.8503754
            ],
            [
              174.7717816,
              -36.8503392
            ],
            [
              174.7717009,
              -36.8502754
            ],
            [
              174.7714813,
              -36.8502893
            ],
            [
              174.771337,
              -36.8504028
            ],
            [
              174.7713342,
              -36.8504001
            ],
            [
              174.7713045,
              -36.850423
            ],
            [
              174.771361,
              -36.8504676
            ],
            [
              174.7713204,
              -36.8504979
            ]
          ]
        ]
      }
    },
    {
      "type": "Feature",
      "properties": {
        "id": "b-auk-0698",
        "building_id": "B-AUK-0698",
        "ulpin": "NZ-AUK-CBD-BL-000699-8",
        "name": "Architecture West",
        "floors": 10,
        "height_m": 32.0,
        "base_elevation_msl": 7.5,
        "roof_elevation_msl": 39.5,
        "structure_type": "university",
        "centroid": [
          174.769006,
          -36.854148
        ]
      },
      "geometry": {
        "type": "Polygon",
        "coordinates": [
          [
            [
              174.769071,
              -36.8543224
            ],
            [
              174.7692024,
              -36.8541845
            ],
            [
              174.7691159,
              -36.8541306
            ],
            [
              174.7691117,
              -36.8541125
            ],
            [
              174.7691026,
              -36.8541068
            ],
            [
              174.7689921,
              -36.8540374
            ],
            [
              174.7689125,
              -36.853987
            ],
            [
              174.7688553,
              -36.8540449
            ],
            [
              174.7688793,
              -36.8540579
            ],
            [
              174.7688172,
              -36.8541238
            ],
            [
              174.768973,
              -36.8542263
            ],
            [
              174.7689765,
              -36.8542648
            ],
            [
              174.769071,
              -36.8543224
            ]
          ]
        ]
      }
    },
    {
      "type": "Feature",
      "properties": {
        "id": "b-auk-0699",
        "building_id": "B-AUK-0699",
        "ulpin": "NZ-AUK-CBD-BL-000700-8",
        "name": "Science Centre 305",
        "floors": 10,
        "height_m": 32.0,
        "base_elevation_msl": 7.5,
        "roof_elevation_msl": 39.5,
        "structure_type": "university",
        "centroid": [
          174.768099,
          -36.852823
        ]
      },
      "geometry": {
        "type": "Polygon",
        "coordinates": [
          [
            [
              174.7682646,
              -36.8527294
            ],
            [
              174.7683273,
              -36.8526694
            ],
            [
              174.7681515,
              -36.8525642
            ],
            [
              174.7678312,
              -36.8528761
            ],
            [
              174.7679375,
              -36.8529384
            ],
            [
              174.767975,
              -36.852907
            ],
            [
              174.7679998,
              -36.8528798
            ],
            [
              174.7680726,
              -36.8529317
            ],
            [
              174.7680845,
              -36.852919
            ],
            [
              174.7681298,
              -36.8528708
            ],
            [
              174.7681438,
              -36.8528559
            ],
            [
              174.7682646,
              -36.8527294
            ]
          ]
        ]
      }
    },
    {
      "type": "Feature",
      "properties": {
        "id": "b-auk-0706",
        "building_id": "B-AUK-0706",
        "ulpin": "NZ-AUK-CBD-BL-000707-8",
        "name": "Ten Twelve Federal",
        "floors": 10,
        "height_m": 32.0,
        "base_elevation_msl": 7.5,
        "roof_elevation_msl": 39.5,
        "structure_type": "yes",
        "centroid": [
          174.764201,
          -36.845074
        ]
      },
      "geometry": {
        "type": "Polygon",
        "coordinates": [
          [
            [
              174.7642411,
              -36.8451529
            ],
            [
              174.7643083,
              -36.8450044
            ],
            [
              174.7641412,
              -36.8449559
            ],
            [
              174.7640739,
              -36.8451045
            ],
            [
              174.7642411,
              -36.8451529
            ]
          ]
        ]
      }
    },
    {
      "type": "Feature",
      "properties": {
        "id": "b-auk-0710",
        "building_id": "B-AUK-0710",
        "ulpin": "NZ-AUK-CBD-BL-000711-8",
        "name": "Precinct Apartments",
        "floors": 33,
        "height_m": 105.6,
        "base_elevation_msl": 7.5,
        "roof_elevation_msl": 113.1,
        "structure_type": "apartments",
        "centroid": [
          174.766214,
          -36.849844
        ]
      },
      "geometry": {
        "type": "Polygon",
        "coordinates": [
          [
            [
              174.766332,
              -36.8499554
            ],
            [
              174.7663941,
              -36.8498117
            ],
            [
              174.7664024,
              -36.8497929
            ],
            [
              174.7662518,
              -36.8497503
            ],
            [
              174.7659749,
              -36.8496738
            ],
            [
              174.7659043,
              -36.8498364
            ],
            [
              174.7661493,
              -36.8499046
            ],
            [
              174.7661842,
              -36.8499143
            ],
            [
              174.766332,
              -36.8499554
            ]
          ]
        ]
      }
    },
    {
      "type": "Feature",
      "properties": {
        "id": "b-auk-0713",
        "building_id": "B-AUK-0713",
        "ulpin": "NZ-AUK-CBD-BL-000714-8",
        "name": "Darby Building",
        "floors": 4,
        "height_m": 12.8,
        "base_elevation_msl": 7.5,
        "roof_elevation_msl": 20.3,
        "structure_type": "retail",
        "centroid": [
          174.764282,
          -36.84964
        ]
      },
      "geometry": {
        "type": "Polygon",
        "coordinates": [
          [
            [
              174.7641239,
              -36.8496195
            ],
            [
              174.7641613,
              -36.8496301
            ],
            [
              174.764204,
              -36.8496422
            ],
            [
              174.7642641,
              -36.8496593
            ],
            [
              174.7643148,
              -36.8496737
            ],
            [
              174.7643651,
              -36.8496879
            ],
            [
              174.7644073,
              -36.8497
            ],
            [
              174.7644543,
              -36.8497133
            ],
            [
              174.7645026,
              -36.8495942
            ],
            [
              174.7641765,
              -36.8495015
            ],
            [
              174.7641239,
              -36.8496195
            ]
          ]
        ]
      }
    },
    {
      "type": "Feature",
      "properties": {
        "id": "b-auk-0714",
        "building_id": "B-AUK-0714",
        "ulpin": "NZ-AUK-CBD-BL-000715-8",
        "name": "The Strand",
        "floors": 4,
        "height_m": 12.8,
        "base_elevation_msl": 7.5,
        "roof_elevation_msl": 20.3,
        "structure_type": "retail",
        "centroid": [
          174.764403,
          -36.849794
        ]
      },
      "geometry": {
        "type": "Polygon",
        "coordinates": [
          [
            [
              174.7641239,
              -36.8496195
            ],
            [
              174.7640851,
              -36.8497069
            ],
            [
              174.7640429,
              -36.8498021
            ],
            [
              174.7641232,
              -36.8498249
            ],
            [
              174.7641833,
              -36.849842
            ],
            [
              174.7642342,
              -36.8498564
            ],
            [
              174.7642845,
              -36.8498707
            ],
            [
              174.7643738,
              -36.8498961
            ],
            [
              174.7644188,
              -36.8499089
            ],
            [
              174.7644688,
              -36.8499231
            ],
            [
              174.7645171,
              -36.8499368
            ],
            [
              174.7645635,
              -36.84995
            ],
            [
              174.7646093,
              -36.849963
            ],
            [
              174.7647423,
              -36.8500008
            ],
            [
              174.7647837,
              -36.8499075
            ],
            [
              174.7648233,
              -36.8498182
            ],
            [
              174.7646902,
              -36.8497804
            ],
            [
              174.7646444,
              -36.8497674
            ],
            [
              174.764598,
              -36.8497542
            ],
            [
              174.7645497,
              -36.8497404
            ],
            [
              174.7644994,
              -36.8497262
            ],
            [
              174.7644543,
              -36.8497133
            ],
            [
              174.7644073,
              -36.8497
            ],
            [
              174.7643148,
              -36.8496737
            ],
            [
              174.7642641,
              -36.8496593
            ],
            [
              174.764204,
              -36.8496422
            ],
            [
              174.7641613,
              -36.8496301
            ],
            [
              174.7641239,
              -36.8496195
            ]
          ]
        ]
      }
    },
    {
      "type": "Feature",
      "properties": {
        "id": "b-auk-0716",
        "building_id": "B-AUK-0716",
        "ulpin": "NZ-AUK-CBD-BL-000717-8",
        "name": "Civic Hotel",
        "floors": 2,
        "height_m": 6.4,
        "base_elevation_msl": 7.5,
        "roof_elevation_msl": 13.9,
        "structure_type": "retail",
        "centroid": [
          174.764298,
          -36.850656
        ]
      },
      "geometry": {
        "type": "Polygon",
        "coordinates": [
          [
            [
              174.7640967,
              -36.8505342
            ],
            [
              174.7640552,
              -36.8506328
            ],
            [
              174.7644068,
              -36.8507305
            ],
            [
              174.7644152,
              -36.8507307
            ],
            [
              174.7644228,
              -36.8507284
            ],
            [
              174.764429,
              -36.8507206
            ],
            [
              174.7644643,
              -36.850637
            ],
            [
              174.7640967,
              -36.8505342
            ]
          ]
        ]
      }
    },
    {
      "type": "Feature",
      "properties": {
        "id": "b-auk-0720",
        "building_id": "B-AUK-0720",
        "ulpin": "NZ-AUK-CBD-BL-000721-8",
        "name": "Newland House",
        "floors": 10,
        "height_m": 32.0,
        "base_elevation_msl": 7.5,
        "roof_elevation_msl": 39.5,
        "structure_type": "apartments",
        "centroid": [
          174.765703,
          -36.850548
        ]
      },
      "geometry": {
        "type": "Polygon",
        "coordinates": [
          [
            [
              174.7656219,
              -36.8504808
            ],
            [
              174.7655776,
              -36.8505786
            ],
            [
              174.7658244,
              -36.8506502
            ],
            [
              174.7658705,
              -36.8505501
            ],
            [
              174.7656219,
              -36.8504808
            ]
          ]
        ]
      }
    },
    {
      "type": "Feature",
      "properties": {
        "id": "b-auk-0721",
        "building_id": "B-AUK-0721",
        "ulpin": "NZ-AUK-CBD-BL-000722-8",
        "name": "Michael House",
        "floors": 10,
        "height_m": 32.0,
        "base_elevation_msl": 7.5,
        "roof_elevation_msl": 39.5,
        "structure_type": "yes",
        "centroid": [
          174.765858,
          -36.850175
        ]
      },
      "geometry": {
        "type": "Polygon",
        "coordinates": [
          [
            [
              174.765758,
              -36.8501679
            ],
            [
              174.7659891,
              -36.850231
            ],
            [
              174.7660084,
              -36.8501845
            ],
            [
              174.7657781,
              -36.8501214
            ],
            [
              174.765758,
              -36.8501679
            ]
          ]
        ]
      }
    },
    {
      "type": "Feature",
      "properties": {
        "id": "b-auk-0727",
        "building_id": "B-AUK-0727",
        "ulpin": "NZ-AUK-CBD-BL-000728-8",
        "name": "Kebabzilla",
        "floors": 10,
        "height_m": 32.0,
        "base_elevation_msl": 7.5,
        "roof_elevation_msl": 39.5,
        "structure_type": "container",
        "centroid": [
          174.764214,
          -36.848981
        ]
      },
      "geometry": {
        "type": "Polygon",
        "coordinates": [
          [
            [
              174.7642076,
              -36.8489684
            ],
            [
              174.7641959,
              -36.8489921
            ],
            [
              174.7642226,
              -36.8490005
            ],
            [
              174.7642342,
              -36.8489768
            ],
            [
              174.7642076,
              -36.8489684
            ]
          ]
        ]
      }
    },
    {
      "type": "Feature",
      "properties": {
        "id": "b-auk-0728",
        "building_id": "B-AUK-0728",
        "ulpin": "NZ-AUK-CBD-BL-000729-8",
        "name": "Yooa & Tako",
        "floors": 10,
        "height_m": 32.0,
        "base_elevation_msl": 7.5,
        "roof_elevation_msl": 39.5,
        "structure_type": "container",
        "centroid": [
          174.764235,
          -36.848947
        ]
      },
      "geometry": {
        "type": "Polygon",
        "coordinates": [
          [
            [
              174.7642431,
              -36.8489599
            ],
            [
              174.7642535,
              -36.8489343
            ],
            [
              174.7642241,
              -36.8489266
            ],
            [
              174.7642137,
              -36.8489522
            ],
            [
              174.7642431,
              -36.8489599
            ]
          ]
        ]
      }
    },
    {
      "type": "Feature",
      "properties": {
        "id": "b-auk-0729",
        "building_id": "B-AUK-0729",
        "ulpin": "NZ-AUK-CBD-BL-000730-8",
        "name": "Toastie",
        "floors": 10,
        "height_m": 32.0,
        "base_elevation_msl": 7.5,
        "roof_elevation_msl": 39.5,
        "structure_type": "container",
        "centroid": [
          174.764255,
          -36.848908
        ]
      },
      "geometry": {
        "type": "Polygon",
        "coordinates": [
          [
            [
              174.764259,
              -36.8489205
            ],
            [
              174.7642713,
              -36.8488953
            ],
            [
              174.7642489,
              -36.8488883
            ],
            [
              174.7642366,
              -36.8489135
            ],
            [
              174.764259,
              -36.8489205
            ]
          ]
        ]
      }
    },
    {
      "type": "Feature",
      "properties": {
        "id": "b-auk-0733",
        "building_id": "B-AUK-0733",
        "ulpin": "NZ-AUK-CBD-BL-000734-8",
        "name": "Vietnamese Street Food",
        "floors": 10,
        "height_m": 32.0,
        "base_elevation_msl": 7.5,
        "roof_elevation_msl": 39.5,
        "structure_type": "container",
        "centroid": [
          174.76402,
          -36.849437
        ]
      },
      "geometry": {
        "type": "Polygon",
        "coordinates": [
          [
            [
              174.764015,
              -36.849426
            ],
            [
              174.7640056,
              -36.8494474
            ],
            [
              174.7640279,
              -36.8494537
            ],
            [
              174.7640373,
              -36.8494323
            ],
            [
              174.764015,
              -36.849426
            ]
          ]
        ]
      }
    },
    {
      "type": "Feature",
      "properties": {
        "id": "b-auk-0735",
        "building_id": "B-AUK-0735",
        "ulpin": "NZ-AUK-CBD-BL-000736-8",
        "name": "Imagine",
        "floors": 15,
        "height_m": 48.0,
        "base_elevation_msl": 7.5,
        "roof_elevation_msl": 55.5,
        "structure_type": "yes",
        "centroid": [
          174.772334,
          -36.846311
        ]
      },
      "geometry": {
        "type": "Polygon",
        "coordinates": [
          [
            [
              174.7724958,
              -36.8463421
            ],
            [
              174.7724021,
              -36.8462591
            ],
            [
              174.772319,
              -36.8461988
            ],
            [
              174.7721389,
              -36.8462722
            ],
            [
              174.7721993,
              -36.846348
            ],
            [
              174.7722863,
              -36.8464125
            ],
            [
              174.7724958,
              -36.8463421
            ]
          ]
        ]
      }
    },
    {
      "type": "Feature",
      "properties": {
        "id": "b-auk-0739",
        "building_id": "B-AUK-0739",
        "ulpin": "NZ-AUK-CBD-BL-000740-8",
        "name": "Wellesley Court",
        "floors": 5,
        "height_m": 16.0,
        "base_elevation_msl": 7.5,
        "roof_elevation_msl": 23.5,
        "structure_type": "commercial",
        "centroid": [
          174.761985,
          -36.850463
        ]
      },
      "geometry": {
        "type": "Polygon",
        "coordinates": [
          [
            [
              174.7619443,
              -36.8503746
            ],
            [
              174.7619357,
              -36.8503947
            ],
            [
              174.7619697,
              -36.8504042
            ],
            [
              174.7619412,
              -36.8504696
            ],
            [
              174.7619011,
              -36.8504584
            ],
            [
              174.7618861,
              -36.8504918
            ],
            [
              174.761926,
              -36.850503
            ],
            [
              174.7619137,
              -36.8505312
            ],
            [
              174.7619628,
              -36.850545
            ],
            [
              174.7619526,
              -36.8505684
            ],
            [
              174.7620435,
              -36.8505938
            ],
            [
              174.7620532,
              -36.8505715
            ],
            [
              174.7620306,
              -36.8505652
            ],
            [
              174.7620942,
              -36.8504194
            ],
            [
              174.7621145,
              -36.8504251
            ],
            [
              174.7621477,
              -36.8503487
            ],
            [
              174.7619774,
              -36.8503007
            ],
            [
              174.7619443,
              -36.8503746
            ]
          ]
        ]
      }
    },
    {
      "type": "Feature",
      "properties": {
        "id": "b-auk-0740",
        "building_id": "B-AUK-0740",
        "ulpin": "NZ-AUK-CBD-BL-000741-8",
        "name": "Te Waihorotiu Station",
        "floors": 4,
        "height_m": 12.8,
        "base_elevation_msl": 7.5,
        "roof_elevation_msl": 20.3,
        "structure_type": "train_station",
        "centroid": [
          174.762909,
          -36.850769
        ]
      },
      "geometry": {
        "type": "Polygon",
        "coordinates": [
          [
            [
              174.7631233,
              -36.850642
            ],
            [
              174.7627768,
              -36.8505443
            ],
            [
              174.7627152,
              -36.8506843
            ],
            [
              174.762693,
              -36.8507347
            ],
            [
              174.7626496,
              -36.8508332
            ],
            [
              174.7627289,
              -36.8508555
            ],
            [
              174.7629547,
              -36.8509191
            ],
            [
              174.7629962,
              -36.8509308
            ],
            [
              174.7630082,
              -36.8509035
            ],
            [
              174.7630331,
              -36.8508471
            ],
            [
              174.7630998,
              -36.8506955
            ],
            [
              174.7631233,
              -36.850642
            ]
          ]
        ]
      }
    },
    {
      "type": "Feature",
      "properties": {
        "id": "b-auk-0742",
        "building_id": "B-AUK-0742",
        "ulpin": "NZ-AUK-CBD-BL-000743-8",
        "name": "Galaxy Tower",
        "floors": 10,
        "height_m": 32.0,
        "base_elevation_msl": 7.5,
        "roof_elevation_msl": 39.5,
        "structure_type": "commercial",
        "centroid": [
          174.764146,
          -36.853058
        ]
      },
      "geometry": {
        "type": "Polygon",
        "coordinates": [
          [
            [
              174.76417,
              -36.8531824
            ],
            [
              174.7644101,
              -36.8531006
            ],
            [
              174.7642813,
              -36.8528838
            ],
            [
              174.7640485,
              -36.8529696
            ],
            [
              174.7640579,
              -36.8529866
            ],
            [
              174.7640677,
              -36.8530038
            ],
            [
              174.7640782,
              -36.8530222
            ],
            [
              174.7640877,
              -36.8530388
            ],
            [
              174.7641086,
              -36.8530752
            ],
            [
              174.7641273,
              -36.8531078
            ],
            [
              174.7641468,
              -36.8531419
            ],
            [
              174.76417,
              -36.8531824
            ]
          ]
        ]
      }
    },
    {
      "type": "Feature",
      "properties": {
        "id": "b-auk-0747",
        "building_id": "B-AUK-0747",
        "ulpin": "NZ-AUK-CBD-BL-000748-8",
        "name": "Auckland Live Digital Stage",
        "floors": 10,
        "height_m": 32.0,
        "base_elevation_msl": 7.5,
        "roof_elevation_msl": 39.5,
        "structure_type": "container",
        "centroid": [
          174.762562,
          -36.852804
        ]
      },
      "geometry": {
        "type": "Polygon",
        "coordinates": [
          [
            [
              174.7625299,
              -36.8527916
            ],
            [
              174.7625894,
              -36.8528402
            ],
            [
              174.7626108,
              -36.8528234
            ],
            [
              174.7625513,
              -36.8527748
            ],
            [
              174.7625299,
              -36.8527916
            ]
          ]
        ]
      }
    },
    {
      "type": "Feature",
      "properties": {
        "id": "b-auk-0749",
        "building_id": "B-AUK-0749",
        "ulpin": "NZ-AUK-CBD-BL-000750-8",
        "name": "CRL Ventilation",
        "floors": 10,
        "height_m": 32.0,
        "base_elevation_msl": 7.5,
        "roof_elevation_msl": 39.5,
        "structure_type": "service",
        "centroid": [
          174.763515,
          -36.847606
        ]
      },
      "geometry": {
        "type": "Polygon",
        "coordinates": [
          [
            [
              174.7634937,
              -36.8475845
            ],
            [
              174.763485,
              -36.8475892
            ],
            [
              174.7634846,
              -36.8476143
            ],
            [
              174.76349,
              -36.8476191
            ],
            [
              174.7635429,
              -36.8476321
            ],
            [
              174.7635513,
              -36.8476248
            ],
            [
              174.76355,
              -36.8476041
            ],
            [
              174.7635445,
              -36.847599
            ],
            [
              174.7634937,
              -36.8475845
            ]
          ]
        ]
      }
    },
    {
      "type": "Feature",
      "properties": {
        "id": "b-auk-0753",
        "building_id": "B-AUK-0753",
        "ulpin": "NZ-AUK-CBD-BL-000754-8",
        "name": "Waitemata Electric Power Board Building",
        "floors": 4,
        "height_m": 12.8,
        "base_elevation_msl": 7.5,
        "roof_elevation_msl": 20.3,
        "structure_type": "office",
        "centroid": [
          174.763533,
          -36.847768
        ]
      },
      "geometry": {
        "type": "Polygon",
        "coordinates": [
          [
            [
              174.7634791,
              -36.8476802
            ],
            [
              174.763433,
              -36.8477842
            ],
            [
              174.7635153,
              -36.8478076
            ],
            [
              174.7635082,
              -36.8478235
            ],
            [
              174.7636294,
              -36.8478588
            ],
            [
              174.7636853,
              -36.8477388
            ],
            [
              174.7634791,
              -36.8476802
            ]
          ]
        ]
      }
    },
    {
      "type": "Feature",
      "properties": {
        "id": "b-auk-0758",
        "building_id": "B-AUK-0758",
        "ulpin": "NZ-AUK-CBD-BL-000759-8",
        "name": "Formery West",
        "floors": 15,
        "height_m": 48.0,
        "base_elevation_msl": 7.5,
        "roof_elevation_msl": 55.5,
        "structure_type": "yes",
        "centroid": [
          174.763119,
          -36.847708
        ]
      },
      "geometry": {
        "type": "Polygon",
        "coordinates": [
          [
            [
              174.7629115,
              -36.8477264
            ],
            [
              174.7631166,
              -36.8477845
            ],
            [
              174.76317,
              -36.8477997
            ],
            [
              174.7631721,
              -36.8477949
            ],
            [
              174.7632359,
              -36.8478129
            ],
            [
              174.7632546,
              -36.8478182
            ],
            [
              174.7632814,
              -36.8477588
            ],
            [
              174.7632484,
              -36.8477504
            ],
            [
              174.7632023,
              -36.8477374
            ],
            [
              174.7631447,
              -36.847721
            ],
            [
              174.7631985,
              -36.8475995
            ],
            [
              174.7630959,
              -36.8475705
            ],
            [
              174.7630188,
              -36.8475486
            ],
            [
              174.7629934,
              -36.8475414
            ],
            [
              174.7629525,
              -36.8476339
            ],
            [
              174.7629115,
              -36.8477264
            ]
          ]
        ]
      }
    },
    {
      "type": "Feature",
      "properties": {
        "id": "b-auk-0760",
        "building_id": "B-AUK-0760",
        "ulpin": "NZ-AUK-CBD-BL-000761-8",
        "name": "Buckland Building",
        "floors": 10,
        "height_m": 32.0,
        "base_elevation_msl": 7.5,
        "roof_elevation_msl": 39.5,
        "structure_type": "yes",
        "centroid": [
          174.768781,
          -36.845024
        ]
      },
      "geometry": {
        "type": "Polygon",
        "coordinates": [
          [
            [
              174.7687027,
              -36.845072
            ],
            [
              174.7688425,
              -36.8451082
            ],
            [
              174.7688923,
              -36.8449852
            ],
            [
              174.7687951,
              -36.84496
            ],
            [
              174.7687493,
              -36.8449482
            ],
            [
              174.7687027,
              -36.845072
            ]
          ]
        ]
      }
    },
    {
      "type": "Feature",
      "properties": {
        "id": "b-auk-0761",
        "building_id": "B-AUK-0761",
        "ulpin": "NZ-AUK-CBD-BL-000762-8",
        "name": "Stanbeth House",
        "floors": 4,
        "height_m": 12.8,
        "base_elevation_msl": 7.5,
        "roof_elevation_msl": 20.3,
        "structure_type": "yes",
        "centroid": [
          174.768419,
          -36.844886
        ]
      },
      "geometry": {
        "type": "Polygon",
        "coordinates": [
          [
            [
              174.7682689,
              -36.8449595
            ],
            [
              174.7684884,
              -36.8450164
            ],
            [
              174.768536,
              -36.8448929
            ],
            [
              174.7685849,
              -36.8447721
            ],
            [
              174.7683642,
              -36.8447149
            ],
            [
              174.7682689,
              -36.8449595
            ]
          ]
        ]
      }
    },
    {
      "type": "Feature",
      "properties": {
        "id": "b-auk-0769",
        "building_id": "B-AUK-0769",
        "ulpin": "NZ-AUK-CBD-BL-000770-8",
        "name": "The Manhattan",
        "floors": 12,
        "height_m": 38.4,
        "base_elevation_msl": 7.5,
        "roof_elevation_msl": 45.9,
        "structure_type": "apartments",
        "centroid": [
          174.762927,
          -36.849086
        ]
      },
      "geometry": {
        "type": "Polygon",
        "coordinates": [
          [
            [
              174.7628455,
              -36.8489534
            ],
            [
              174.7628328,
              -36.848983
            ],
            [
              174.7627487,
              -36.8491789
            ],
            [
              174.7627986,
              -36.8491929
            ],
            [
              174.7629002,
              -36.8492213
            ],
            [
              174.7629722,
              -36.8492415
            ],
            [
              174.7630072,
              -36.849163
            ],
            [
              174.7630396,
              -36.8490902
            ],
            [
              174.7630599,
              -36.8490448
            ],
            [
              174.7630724,
              -36.8490166
            ],
            [
              174.7629968,
              -36.8489947
            ],
            [
              174.7628455,
              -36.8489534
            ]
          ]
        ]
      }
    },
    {
      "type": "Feature",
      "properties": {
        "id": "b-auk-0772",
        "building_id": "B-AUK-0772",
        "ulpin": "NZ-AUK-CBD-BL-000773-8",
        "name": "Kiwi Tavern",
        "floors": 3,
        "height_m": 9.6,
        "base_elevation_msl": 7.5,
        "roof_elevation_msl": 17.1,
        "structure_type": "yes",
        "centroid": [
          174.770143,
          -36.845217
        ]
      },
      "geometry": {
        "type": "Polygon",
        "coordinates": [
          [
            [
              174.7700191,
              -36.8452142
            ],
            [
              174.7702887,
              -36.8452829
            ],
            [
              174.7703372,
              -36.8452286
            ],
            [
              174.7700491,
              -36.8451445
            ],
            [
              174.7700191,
              -36.8452142
            ]
          ]
        ]
      }
    },
    {
      "type": "Feature",
      "properties": {
        "id": "b-auk-0786",
        "building_id": "B-AUK-0786",
        "ulpin": "NZ-AUK-CBD-BL-000787-8",
        "name": "Gold House",
        "floors": 10,
        "height_m": 32.0,
        "base_elevation_msl": 7.5,
        "roof_elevation_msl": 39.5,
        "structure_type": "yes",
        "centroid": [
          174.762283,
          -36.847952
        ]
      },
      "geometry": {
        "type": "Polygon",
        "coordinates": [
          [
            [
              174.7622806,
              -36.8478905
            ],
            [
              174.7622474,
              -36.8479654
            ],
            [
              174.7622217,
              -36.8480231
            ],
            [
              174.7622818,
              -36.8480402
            ],
            [
              174.7623207,
              -36.8479526
            ],
            [
              174.7623067,
              -36.8479486
            ],
            [
              174.7623267,
              -36.8479036
            ],
            [
              174.7622806,
              -36.8478905
            ]
          ]
        ]
      }
    },
    {
      "type": "Feature",
      "properties": {
        "id": "b-auk-0787",
        "building_id": "B-AUK-0787",
        "ulpin": "NZ-AUK-CBD-BL-000788-8",
        "name": "Bluestone Store",
        "floors": 10,
        "height_m": 32.0,
        "base_elevation_msl": 7.5,
        "roof_elevation_msl": 39.5,
        "structure_type": "yes",
        "centroid": [
          174.764449,
          -36.847559
        ]
      },
      "geometry": {
        "type": "Polygon",
        "coordinates": [
          [
            [
              174.7642996,
              -36.847553
            ],
            [
              174.764703,
              -36.8476689
            ],
            [
              174.7647382,
              -36.8475905
            ],
            [
              174.7643345,
              -36.8474744
            ],
            [
              174.7643177,
              -36.8475126
            ],
            [
              174.7642996,
              -36.847553
            ]
          ]
        ]
      }
    },
    {
      "type": "Feature",
      "properties": {
        "id": "b-auk-0788",
        "building_id": "B-AUK-0788",
        "ulpin": "NZ-AUK-CBD-BL-000789-8",
        "name": "Empire Hotel",
        "floors": 2,
        "height_m": 6.4,
        "base_elevation_msl": 7.5,
        "roof_elevation_msl": 13.9,
        "structure_type": "yes",
        "centroid": [
          174.759942,
          -36.847453
        ]
      },
      "geometry": {
        "type": "Polygon",
        "coordinates": [
          [
            [
              174.7598659,
              -36.8475498
            ],
            [
              174.7599678,
              -36.8475364
            ],
            [
              174.7599868,
              -36.8475279
            ],
            [
              174.7599959,
              -36.8475103
            ],
            [
              174.760072,
              -36.847336
            ],
            [
              174.7599906,
              -36.8473124
            ],
            [
              174.7599674,
              -36.8473616
            ],
            [
              174.7599221,
              -36.8473502
            ],
            [
              174.7598746,
              -36.8474438
            ],
            [
              174.7599443,
              -36.8474633
            ],
            [
              174.7599238,
              -36.8474769
            ],
            [
              174.7598722,
              -36.8474741
            ],
            [
              174.7598659,
              -36.8475498
            ]
          ]
        ]
      }
    },
    {
      "type": "Feature",
      "properties": {
        "id": "b-auk-0797",
        "building_id": "B-AUK-0797",
        "ulpin": "NZ-AUK-CBD-BL-000798-8",
        "name": "Kong's Eatery",
        "floors": 10,
        "height_m": 32.0,
        "base_elevation_msl": 7.5,
        "roof_elevation_msl": 39.5,
        "structure_type": "yes",
        "centroid": [
          174.766325,
          -36.854505
        ]
      },
      "geometry": {
        "type": "Polygon",
        "coordinates": [
          [
            [
              174.7663041,
              -36.8545493
            ],
            [
              174.7663665,
              -36.854545
            ],
            [
              174.7663552,
              -36.8544396
            ],
            [
              174.7662928,
              -36.8544439
            ],
            [
              174.7663041,
              -36.8545493
            ]
          ]
        ]
      }
    },
    {
      "type": "Feature",
      "properties": {
        "id": "b-auk-0812",
        "building_id": "B-AUK-0812",
        "ulpin": "NZ-AUK-CBD-BL-000813-8",
        "name": "The CAB Display Suite",
        "floors": 10,
        "height_m": 32.0,
        "base_elevation_msl": 7.5,
        "roof_elevation_msl": 39.5,
        "structure_type": "yes",
        "centroid": [
          174.76261,
          -36.852964
        ]
      },
      "geometry": {
        "type": "Polygon",
        "coordinates": [
          [
            [
              174.7625543,
              -36.8529483
            ],
            [
              174.7626456,
              -36.8530252
            ],
            [
              174.7626947,
              -36.8529879
            ],
            [
              174.7626034,
              -36.852911
            ],
            [
              174.7625543,
              -36.8529483
            ]
          ]
        ]
      }
    },
    {
      "type": "Feature",
      "properties": {
        "id": "b-auk-0813",
        "building_id": "B-AUK-0813",
        "ulpin": "NZ-AUK-CBD-BL-000814-8",
        "name": "Container in the Square Caf\u00e9",
        "floors": 10,
        "height_m": 32.0,
        "base_elevation_msl": 7.5,
        "roof_elevation_msl": 39.5,
        "structure_type": "container",
        "centroid": [
          174.763179,
          -36.852331
        ]
      },
      "geometry": {
        "type": "Polygon",
        "coordinates": [
          [
            [
              174.7631932,
              -36.8523813
            ],
            [
              174.7632522,
              -36.8523358
            ],
            [
              174.7631566,
              -36.8522563
            ],
            [
              174.7630976,
              -36.8523018
            ],
            [
              174.7631932,
              -36.8523813
            ]
          ]
        ]
      }
    },
    {
      "type": "Feature",
      "properties": {
        "id": "b-auk-0816",
        "building_id": "B-AUK-0816",
        "ulpin": "NZ-AUK-CBD-BL-000817-8",
        "name": "Te M\u0101t\u0101wai",
        "floors": 10,
        "height_m": 32.0,
        "base_elevation_msl": 7.5,
        "roof_elevation_msl": 39.5,
        "structure_type": "apartments",
        "centroid": [
          174.760045,
          -36.854701
        ]
      },
      "geometry": {
        "type": "Polygon",
        "coordinates": [
          [
            [
              174.7601713,
              -36.8542881
            ],
            [
              174.760009,
              -36.8544184
            ],
            [
              174.7601385,
              -36.8545216
            ],
            [
              174.7598426,
              -36.8547591
            ],
            [
              174.7600105,
              -36.8548931
            ],
            [
              174.7599848,
              -36.8549136
            ],
            [
              174.7597805,
              -36.8547506
            ],
            [
              174.7596093,
              -36.8548881
            ],
            [
              174.7598305,
              -36.8550646
            ],
            [
              174.7600018,
              -36.8549271
            ],
            [
              174.7600274,
              -36.8549065
            ],
            [
              174.7602945,
              -36.8546922
            ],
            [
              174.7603233,
              -36.854669
            ],
            [
              174.7604856,
              -36.8545388
            ],
            [
              174.7601713,
              -36.8542881
            ]
          ]
        ]
      }
    },
    {
      "type": "Feature",
      "properties": {
        "id": "b-auk-0833",
        "building_id": "B-AUK-0833",
        "ulpin": "NZ-AUK-CBD-BL-000834-8",
        "name": "Quest Carlaw Park",
        "floors": 10,
        "height_m": 32.0,
        "base_elevation_msl": 7.5,
        "roof_elevation_msl": 39.5,
        "structure_type": "hotel",
        "centroid": [
          174.77502,
          -36.85337
        ]
      },
      "geometry": {
        "type": "Polygon",
        "coordinates": [
          [
            [
              174.7752458,
              -36.8535551
            ],
            [
              174.7752739,
              -36.853526
            ],
            [
              174.7753132,
              -36.8534852
            ],
            [
              174.7745531,
              -36.8530156
            ],
            [
              174.7744856,
              -36.8530856
            ],
            [
              174.7752458,
              -36.8535551
            ]
          ]
        ]
      }
    },
    {
      "type": "Feature",
      "properties": {
        "id": "b-auk-0841",
        "building_id": "B-AUK-0841",
        "ulpin": "NZ-AUK-CBD-BL-000842-8",
        "name": "Towny Apartments",
        "floors": 10,
        "height_m": 32.0,
        "base_elevation_msl": 7.5,
        "roof_elevation_msl": 39.5,
        "structure_type": "apartments",
        "centroid": [
          174.773175,
          -36.84853
        ]
      },
      "geometry": {
        "type": "Polygon",
        "coordinates": [
          [
            [
              174.7732493,
              -36.8484423
            ],
            [
              174.7730001,
              -36.8485304
            ],
            [
              174.7730613,
              -36.8486542
            ],
            [
              174.7733132,
              -36.8485822
            ],
            [
              174.7732493,
              -36.8484423
            ]
          ]
        ]
      }
    },
    {
      "type": "Feature",
      "properties": {
        "id": "b-auk-0854",
        "building_id": "B-AUK-0854",
        "ulpin": "NZ-AUK-CBD-BL-000855-8",
        "name": "Scarrott\u2019s Building",
        "floors": 3,
        "height_m": 9.6,
        "base_elevation_msl": 7.5,
        "roof_elevation_msl": 17.1,
        "structure_type": "yes",
        "centroid": [
          174.769346,
          -36.845982
        ]
      },
      "geometry": {
        "type": "Polygon",
        "coordinates": [
          [
            [
              174.7693228,
              -36.8458937
            ],
            [
              174.7692346,
              -36.8461027
            ],
            [
              174.7693947,
              -36.8460891
            ],
            [
              174.7694575,
              -36.8459312
            ],
            [
              174.7693228,
              -36.8458937
            ]
          ]
        ]
      }
    },
    {
      "type": "Feature",
      "properties": {
        "id": "b-auk-0873",
        "building_id": "B-AUK-0873",
        "ulpin": "NZ-AUK-CBD-BL-000874-8",
        "name": "Bike Cage 201",
        "floors": 10,
        "height_m": 32.0,
        "base_elevation_msl": 7.5,
        "roof_elevation_msl": 39.5,
        "structure_type": "yes",
        "centroid": [
          174.77155,
          -36.852055
        ]
      },
      "geometry": {
        "type": "Polygon",
        "coordinates": [
          [
            [
              174.7715221,
              -36.8520215
            ],
            [
              174.7715078,
              -36.8520328
            ],
            [
              174.7715487,
              -36.8520657
            ],
            [
              174.7715759,
              -36.8520876
            ],
            [
              174.7715832,
              -36.8520817
            ],
            [
              174.7715902,
              -36.8520762
            ],
            [
              174.7715221,
              -36.8520215
            ]
          ]
        ]
      }
    },
    {
      "type": "Feature",
      "properties": {
        "id": "b-auk-0874",
        "building_id": "B-AUK-0874",
        "ulpin": "NZ-AUK-CBD-BL-000875-8",
        "name": "Queens Court",
        "floors": 2,
        "height_m": 6.4,
        "base_elevation_msl": 7.5,
        "roof_elevation_msl": 13.9,
        "structure_type": "retail",
        "centroid": [
          174.763932,
          -36.852999
        ]
      },
      "geometry": {
        "type": "Polygon",
        "coordinates": [
          [
            [
              174.7639139,
              -36.8527319
            ],
            [
              174.7638911,
              -36.8527402
            ],
            [
              174.7638694,
              -36.8527482
            ],
            [
              174.7638875,
              -36.8527797
            ],
            [
              174.7639135,
              -36.8528242
            ],
            [
              174.7638925,
              -36.8528305
            ],
            [
              174.7638748,
              -36.8528376
            ],
            [
              174.763848,
              -36.8527914
            ],
            [
              174.7638256,
              -36.8528413
            ],
            [
              174.7638045,
              -36.8528892
            ],
            [
              174.7637891,
              -36.8529245
            ],
            [
              174.7637652,
              -36.8529801
            ],
            [
              174.7637946,
              -36.8529788
            ],
            [
              174.7637953,
              -36.8529902
            ],
            [
              174.763796,
              -36.853001
            ],
            [
              174.7637773,
              -36.8530017
            ],
            [
              174.7637959,
              -36.8530334
            ],
            [
              174.7638055,
              -36.8530505
            ],
            [
              174.763816,
              -36.8530689
            ],
            [
              174.7638264,
              -36.853087
            ],
            [
              174.7638373,
              -36.8531057
            ],
            [
              174.7638537,
              -36.8531364
            ],
            [
              174.7638862,
              -36.8531247
            ],
            [
              174.7638883,
              -36.8531284
            ],
            [
              174.7638903,
              -36.8531316
            ],
            [
              174.7638939,
              -36.8531384
            ],
            [
              174.7638974,
              -36.8531446
            ],
            [
              174.7638645,
              -36.8531567
            ],
            [
              174.7638846,
              -36.8531917
            ],
            [
              174.763907,
              -36.8532291
            ],
            [
              174.7639078,
              -36.8532333
            ],
            [
              174.7639309,
              -36.8532702
            ],
            [
              174.7640101,
              -36.8532407
            ],
            [
              174.7640581,
              -36.8532231
            ],
            [
              174.7641011,
              -36.8532074
            ],
            [
              174.7641162,
              -36.8532023
            ],
            [
              174.76417,
              -36.8531824
            ],
            [
              174.7641468,
              -36.8531419
            ],
            [
              174.7641273,
              -36.8531078
            ],
            [
              174.7641086,
              -36.8530752
            ],
            [
              174.7640877,
              -36.8530388
            ],
            [
              174.7640782,
              -36.8530222
            ],
            [
              174.7640677,
              -36.8530038
            ],
            [
              174.7640579,
              -36.8529866
            ],
            [
              174.7640485,
              -36.8529696
            ],
            [
              174.7640371,
              -36.8529497
            ],
            [
              174.7640209,
              -36.8529213
            ],
            [
              174.7640093,
              -36.8528991
            ],
            [
              174.7639969,
              -36.8528777
            ],
            [
              174.7639828,
              -36.8528529
            ],
            [
              174.7639689,
              -36.8528284
            ],
            [
              174.7639573,
              -36.8528079
            ],
            [
              174.7639435,
              -36.8527836
            ],
            [
              174.7639318,
              -36.8527634
            ],
            [
              174.7639139,
              -36.8527319
            ]
          ]
        ]
      }
    },
    {
      "type": "Feature",
      "properties": {
        "id": "b-auk-0877",
        "building_id": "B-AUK-0877",
        "ulpin": "NZ-AUK-CBD-BL-000878-8",
        "name": "SQ Bar",
        "floors": 10,
        "height_m": 32.0,
        "base_elevation_msl": 7.5,
        "roof_elevation_msl": 39.5,
        "structure_type": "yes",
        "centroid": [
          174.767504,
          -36.848013
        ]
      },
      "geometry": {
        "type": "Polygon",
        "coordinates": [
          [
            [
              174.7674408,
              -36.8479952
            ],
            [
              174.7674982,
              -36.8480377
            ],
            [
              174.7675659,
              -36.8480622
            ],
            [
              174.7675881,
              -36.8480357
            ],
            [
              174.7675339,
              -36.8479947
            ],
            [
              174.767463,
              -36.8479687
            ],
            [
              174.7674408,
              -36.8479952
            ]
          ]
        ]
      }
    }
  ]
}