  0
SECTION
  2
HEADER
  9
$ACADVER
  1
AC1021
  9
$ACADMAINTVER
 70
    25
  9
$DWGCODEPAGE
  3
ANSI_1252
  9
$INSBASE
 10
0.0
 20
0.0
 30
0.0
  9
$EXTMIN
 10
-51.4649
 20
-65.732
 30
0.0
  9
$EXTMAX
 10
51.4702
 20
65.732
 30
0.0
  9
$LIMMIN
 10
0.0
 20
0.0
  9
$LIMMAX
 10
12.0
 20
9.0
  9
$ORTHOMODE
 70
     0
  9
$REGENMODE
 70
     1
  9
$FILLMODE
 70
     1
  9
$QTEXTMODE
 70
     0
  9
$MIRRTEXT
 70
     1
  9
$LTSCALE
 40
1.0
  9
$ATTMODE
 70
     1
  9
$TEXTSIZE
 40
0.2
  9
$TRACEWID
 40
0.05
  9
$TEXTSTYLE
  7
Standard
  9
$CLAYER
  8
0
  9
$CELTYPE
  6
ByLayer
  9
$CECOLOR
 62
   256
  9
$CELTSCALE
 40
1.0
  9
$DISPSILH
 70
     0
  9
$DIMSCALE
 40
1.0
  9
$DIMASZ
 40
0.18
  9
$DIMEXO
 40
0.0625
  9
$DIMDLI
 40
0.38
  9
$DIMRND
 40
0.0
  9
$DIMDLE
 40
0.0
  9
$DIMEXE
 40
0.18
  9
$DIMTP
 40
0.0
  9
$DIMTM
 40
0.0
  9
$DIMTXT
 40
0.18
  9
$DIMCEN
 40
0.09
  9
$DIMTSZ
 40
0.0
  9
$DIMTOL
 70
     0
  9
$DIMLIM
 70
     0
  9
$DIMTIH
 70
     1
  9
$DIMTOH
 70
     1
  9
$DIMSE1
 70
     0
  9
$DIMSE2
 70
     0
  9
$DIMTAD
 70
     0
  9
$DIMZIN
 70
     0
  9
$DIMBLK
  1

  9
$DIMASO
 70
     1
  9
$DIMSHO
 70
     1
  9
$DIMPOST
  1

  9
$DIMAPOST
  1

  9
$DIMALT
 70
     0
  9
$DIMALTD
 70
     2
  9
$DIMALTF
 40
25.4
  9
$DIMLFAC
 40
1.0
  9
$DIMTOFL
 70
     0
  9
$DIMTVP
 40
0.0
  9
$DIMTIX
 70
     0
  9
$DIMSOXD
 70
     0
  9
$DIMSAH
 70
     0
  9
$DIMBLK1
  1

  9
$DIMBLK2
  1

  9
$DIMSTYLE
  2
Standard
  9
$DIMCLRD
 70
     0
  9
$DIMCLRE
 70
     0
  9
$DIMCLRT
 70
     0
  9
$DIMTFAC
 40
1.0
  9
$DIMGAP
 40
0.09
  9
$DIMJUST
 70
     0
  9
$DIMSD1
 70
     0
  9
$DIMSD2
 70
     0
  9
$DIMTOLJ
 70
     1
  9
$DIMTZIN
 70
     0
  9
$DIMALTZ
 70
     0
  9
$DIMALTTZ
 70
     0
  9
$DIMUPT
 70
     0
  9
$DIMDEC
 70
     4
  9
$DIMTDEC
 70
     4
  9
$DIMALTU
 70
     2
  9
$DIMALTTD
 70
     2
  9
$DIMTXSTY
  7
Standard
  9
$DIMAUNIT
 70
     0
  9
$DIMADEC
 70
     0
  9
$DIMALTRND
 40
0.0
  9
$DIMAZIN
 70
     0
  9
$DIMDSEP
 70
    46
  9
$DIMATFIT
 70
     3
  9
$DIMFRAC
 70
     0
  9
$DIMLDRBLK
  1

  9
$DIMLUNIT
 70
     2
  9
$DIMLWD
 70
    -2
  9
$DIMLWE
 70
    -2
  9
$DIMTMOVE
 70
     0
  9
$DIMFXL
 40
1.0
  9
$DIMFXLON
 70
     0
  9
$DIMJOGANG
 40
0.7853981633974483
  9
$DIMTFILL
 70
     0
  9
$DIMTFILLCLR
 70
     0
  9
$DIMARCSYM
 70
     0
  9
$DIMLTYPE
  6

  9
$DIMLTEX1
  6

  9
$DIMLTEX2
  6

  9
$LUNITS
 70
     2
  9
$LUPREC
 70
     4
  9
$SKETCHINC
 40
0.1
  9
$FILLETRAD
 40
0.5
  9
$AUNITS
 70
     0
  9
$AUPREC
 70
     0
  9
$MENU
  1
.
  9
$ELEVATION
 40
0.0
  9
$PELEVATION
 40
0.0
  9
$THICKNESS
 40
0.0
  9
$LIMCHECK
 70
     0
  9
$CHAMFERA
 40
0.0
  9
$CHAMFERB
 40
0.0
  9
$CHAMFERC
 40
0.0
  9
$CHAMFERD
 40
0.0
  9
$SKPOLY
 70
     0
  9
$TDCREATE
 40
2460780.698185232
  9
$TDUCREATE
 40
2460780.656518565
  9
$TDUPDATE
 40
2460780.698185232
  9
$TDUUPDATE
 40
2460780.656518565
  9
$TDINDWG
 40
0.0000000116
  9
$TDUSRTIMER
 40
0.0000000116
  9
$USRTIMER
 70
     1
  9
$ANGBASE
 50
0.0
  9
$ANGDIR
 70
     0
  9
$PDMODE
 70
     0
  9
$PDSIZE
 40
0.0
  9
$PLINEWID
 40
0.0
  9
$SPLFRAME
 70
     0
  9
$SPLINETYPE
 70
     6
  9
$SPLINESEGS
 70
     8
  9
$HANDSEED
  5
C4
  9
$SURFTAB1
 70
     6
  9
$SURFTAB2
 70
     6
  9
$SURFTYPE
 70
     6
  9
$SURFU
 70
     6
  9
$SURFV
 70
     6
  9
$UCSBASE
  2

  9
$UCSNAME
  2

  9
$UCSORG
 10
0.0
 20
0.0
 30
0.0
  9
$UCSXDIR
 10
1.0
 20
0.0
 30
0.0
  9
$UCSYDIR
 10
0.0
 20
1.0
 30
0.0
  9
$UCSORTHOREF
  2

  9
$UCSORTHOVIEW
 70
     0
  9
$UCSORGTOP
 10
0.0
 20
0.0
 30
0.0
  9
$UCSORGBOTTOM
 10
0.0
 20
0.0
 30
0.0
  9
$UCSORGLEFT
 10
0.0
 20
0.0
 30
0.0
  9
$UCSORGRIGHT
 10
0.0
 20
0.0
 30
0.0
  9
$UCSORGFRONT
 10
0.0
 20
0.0
 30
0.0
  9
$UCSORGBACK
 10
0.0
 20
0.0
 30
0.0
  9
$PUCSBASE
  2

  9
$PUCSNAME
  2

  9
$PUCSORG
 10
0.0
 20
0.0
 30
0.0
  9
$PUCSXDIR
 10
1.0
 20
0.0
 30
0.0
  9
$PUCSYDIR
 10
0.0
 20
1.0
 30
0.0
  9
$PUCSORTHOREF
  2

  9
$PUCSORTHOVIEW
 70
     0
  9
$PUCSORGTOP
 10
0.0
 20
0.0
 30
0.0
  9
$PUCSORGBOTTOM
 10
0.0
 20
0.0
 30
0.0
  9
$PUCSORGLEFT
 10
0.0
 20
0.0
 30
0.0
  9
$PUCSORGRIGHT
 10
0.0
 20
0.0
 30
0.0
  9
$PUCSORGFRONT
 10
0.0
 20
0.0
 30
0.0
  9
$PUCSORGBACK
 10
0.0
 20
0.0
 30
0.0
  9
$USERI1
 70
     0
  9
$USERI2
 70
     0
  9
$USERI3
 70
     0
  9
$USERI4
 70
     0
  9
$USERI5
 70
     0
  9
$USERR1
 40
0.0
  9
$USERR2
 40
0.0
  9
$USERR3
 40
0.0
  9
$USERR4
 40
0.0
  9
$USERR5
 40
0.0
  9
$WORLDVIEW
 70
     1
  9
$SHADEDGE
 70
     3
  9
$SHADEDIF
 70
    70
  9
$TILEMODE
 70
     1
  9
$MAXACTVP
 70
    64
  9
$PINSBASE
 10
0.0
 20
0.0
 30
0.0
  9
$PLIMCHECK
 70
     0
  9
$PEXTMIN
 10
1.000000000000000E+20
 20
1.000000000000000E+20
 30
1.000000000000000E+20
  9
$PEXTMAX
 10
-1.000000000000000E+20
 20
-1.000000000000000E+20
 30
-1.000000000000000E+20
  9
$PLIMMIN
 10
0.0
 20
0.0
  9
$PLIMMAX
 10
12.0
 20
9.0
  9
$UNITMODE
 70
     0
  9
$VISRETAIN
 70
     1
  9
$PLINEGEN
 70
     0
  9
$PSLTSCALE
 70
     1
  9
$TREEDEPTH
 70
  3020
  9
$CMLSTYLE
  2
Standard
  9
$CMLJUST
 70
     0
  9
$CMLSCALE
 40
1.0
  9
$PROXYGRAPHICS
 70
     1
  9
$MEASUREMENT
 70
     0
  9
$CELWEIGHT
370
    -1
  9
$ENDCAPS
280
     0
  9
$JOINSTYLE
280
     0
  9
$LWDISPLAY
290
     0
  9
$INSUNITS
 70
     4
  9
$HYPERLINKBASE
  1

  9
$STYLESHEET
  1

  9
$XEDIT
290
     1
  9
$CEPSNTYPE
380
     0
  9
$PSTYLEMODE
290
     1
  9
$FINGERPRINTGUID
  2
{4ccdfd54-b3c9-4359-9a28-67356fa61689}
  9
$VERSIONGUID
  2
{FAEB1C32-E019-11D5-929B-00C0DF256EC4}
  9
$EXTNAMES
290
     1
  9
$PSVPSCALE
 40
0.0
  9
$OLESTARTUP
290
     0
  9
$SORTENTS
280
   127
  9
$INDEXCTL
280
     0
  9
$HIDETEXT
280
     1
  9
$XCLIPFRAME
290
     0
  9
$HALOGAP
280
     0
  9
$OBSCOLOR
 70
   257
  9
$OBSLTYPE
280
     0
  9
$INTERSECTIONDISPLAY
280
     0
  9
$INTERSECTIONCOLOR
 70
   257
  9
$DIMASSOC
280
     2
  9
$PROJECTNAME
  1

  9
$CAMERADISPLAY
290
     0
  9
$LENSLENGTH
 40
50.0
  9
$CAMERAHEIGHT
 40
0.0
  9
$STEPSPERSEC
 40
2.0
  9
$STEPSIZE
 40
6.0
  9
$3DDWFPREC
 40
2.0
  9
$PSOLWIDTH
 40
0.25
  9
$PSOLHEIGHT
 40
4.0
  9
$LOFTANG1
 40
1.570796326794897
  9
$LOFTANG2
 40
1.570796326794897
  9
$LOFTMAG1
 40
0.0
  9
$LOFTMAG2
 40
0.0
  9
$LOFTPARAM
 70
     7
  9
$LOFTNORMALS
280
     1
  9
$LATITUDE
 40
37.795
  9
$LONGITUDE
 40
-122.394
  9
$NORTHDIRECTION
 40
0.0
  9
$TIMEZONE
 70
 -8000
  9
$LIGHTGLYPHDISPLAY
280
     1
  9
$TILEMODELIGHTSYNCH
280
     1
  9
$CMATERIAL
347
44
  9
$SOLIDHIST
280
     0
  9
$SHOWHIST
280
     1
  9
$DWFFRAME
280
     2
  9
$DGNFRAME
280
     2
  9
$REALWORLDSCALE
290
     1
  9
$INTERFERECOLOR
 62
   256
  9
$CSHADOW
280
     0
  9
$SHADOWPLANELOCATION
 40
0.0
  0
ENDSEC
  0
SECTION
  2
CLASSES
  0
CLASS
  1
ACDBDICTIONARYWDFLT
  2
AcDbDictionaryWithDefault
  3
ObjectDBX Classes
 90
        0
 91
        3
280
     0
281
     0
  0
CLASS
  1
VISUALSTYLE
  2
AcDbVisualStyle
  3
ObjectDBX Classes
 90
     4095
 91
        3
280
     0
281
     0
  0
CLASS
  1
MATERIAL
  2
AcDbMaterial
  3
ObjectDBX Classes
 90
     1153
 91
        3
280
     0
281
     0
  0
CLASS
  1
SCALE
  2
AcDbScale
  3
ObjectDBX Classes
 90
     1153
 91
        3
280
     0
281
     0
  0
CLASS
  1
TABLESTYLE
  2
AcDbTableStyle
  3
ObjectDBX Classes
 90
     4095
 91
        3
280
     0
281
     0
  0
CLASS
  1
MLEADERSTYLE
  2
AcDbMLeaderStyle
  3
ACDB_MLEADERSTYLE_CLASS
 90
     4095
 91
        3
280
     0
281
     0
  0
CLASS
  1
SUN
  2
AcDbSun
  3
SCENEOE
 90
     1153
 91
        3
280
     0
281
     0
  0
CLASS
  1
DICTIONARYVAR
  2
AcDbDictionaryVar
  3
ObjectDBX Classes
 90
        0
 91
        3
280
     0
281
     0
  0
CLASS
  1
CELLSTYLEMAP
  2
AcDbCellStyleMap
  3
ObjectDBX Classes
 90
     1152
 91
        3
280
     0
281
     0
  0
ENDSEC
  0
SECTION
  2
TABLES
  0
TABLE
  2
VPORT
  5
8
330
0
100
AcDbSymbolTable
 70
     1
  0
VPORT
  5
29
330
8
100
AcDbSymbolTableRecord
100
AcDbViewportTableRecord
  2
*Active
 70
     0
 10
0.0
 20
0.0
 11
1.0
 21
1.0
 12
10.42990654205607
 22
4.5
 13
0.0
 23
0.0
 14
0.5
 24
0.5
 15
0.5
 25
0.5
 16
0.0
 26
0.0
 36
1.0
 17
0.0
 27
0.0
 37
0.0
 40
9.0
 41
1.972972972850329
 42
50.0
 43
0.0
 44
0.0
 50
0.0
 51
0.0
 71
     0
 72
   100
 73
     1
 74
     3
 75
     0
 76
     0
 77
     0
 78
     0
281
     0
 65
     1
110
0.0
120
0.0
130
0.0
111
1.0
121
0.0
131
0.0
112
0.0
122
1.0
132
0.0
 79
     0
146
0.0
348
2F
 60
     3
 61
     5
292
     1
282
     1
141
0.0
142
0.0
 63
   250
361
6D
  0
ENDTAB
  0
TABLE
  2
LTYPE
  5
5
330
0
100
AcDbSymbolTable
 70
     1
  0
LTYPE
  5
14
330
5
100
AcDbSymbolTableRecord
100
AcDbLinetypeTableRecord
  2
ByBlock
 70
     0
  3

 72
    65
 73
     0
 40
0.0
  0
LTYPE
  5
15
330
5
100
AcDbSymbolTableRecord
100
AcDbLinetypeTableRecord
  2
ByLayer
 70
     0
  3

 72
    65
 73
     0
 40
0.0
  0
LTYPE
  5
16
330
5
100
AcDbSymbolTableRecord
100
AcDbLinetypeTableRecord
  2
Continuous
 70
     0
  3
Solid line
 72
    65
 73
     0
 40
0.0
  0
ENDTAB
  0
TABLE
  2
LAYER
  5
2
330
0
100
AcDbSymbolTable
 70
     2
  0
LAYER
  5
10
330
2
100
AcDbSymbolTableRecord
100
AcDbLayerTableRecord
  2
0
 70
     0
 62
     7
  6
Continuous
370
    -3
390
F
347
46
  0
LAYER
  5
6F
330
2
100
AcDbSymbolTableRecord
100
AcDbLayerTableRecord
  2
Layer 1
 70
     0
 62
     7
  6
Continuous
370
    -3
390
F
347
46
  0
ENDTAB
  0
TABLE
  2
STYLE
  5
3
330
0
100
AcDbSymbolTable
 70
     1
  0
STYLE
  5
11
330
3
100
AcDbSymbolTableRecord
100
AcDbTextStyleTableRecord
  2
Standard
 70
     0
 40
0.0
 41
1.0
 50
0.0
 71
     0
 42
0.2
  3
txt
  4

  0
ENDTAB
  0
TABLE
  2
VIEW
  5
6
330
0
100
AcDbSymbolTable
 70
     0
  0
ENDTAB
  0
TABLE
  2
UCS
  5
7
330
0
100
AcDbSymbolTable
 70
     0
  0
ENDTAB
  0
TABLE
  2
APPID
  5
9
330
0
100
AcDbSymbolTable
 70
     3
  0
APPID
  5
12
330
9
100
AcDbSymbolTableRecord
100
AcDbRegAppTableRecord
  2
ACAD
 70
     0
  0
APPID
  5
6E
330
9
100
AcDbSymbolTableRecord
100
AcDbRegAppTableRecord
  2
ODA
 70
     0
  0
APPID
  5
BC
330
9
100
AcDbSymbolTableRecord
100
AcDbRegAppTableRecord
  2
ACAD_MLEADERVER
 70
     0
  0
ENDTAB
  0
TABLE
  2
DIMSTYLE
  5
A
330
0
100
AcDbSymbolTable
 70
     1
100
AcDbDimStyleTable
  0
DIMSTYLE
105
27
330
A
100
AcDbSymbolTableRecord
100
AcDbDimStyleTableRecord
  2
Standard
 70
     0
178
     0
340
11
  0
ENDTAB
  0
TABLE
  2
BLOCK_RECORD
  5
1
330
0
100
AcDbSymbolTable
 70
     1
  0
BLOCK_RECORD
  5
1F
330
1
100
AcDbSymbolTableRecord
100
AcDbBlockTableRecord
  2
*Model_Space
340
22
 70
     0
280
     1
281
     0
  0
BLOCK_RECORD
  5
1B
330
1
100
AcDbSymbolTableRecord
100
AcDbBlockTableRecord
  2
*Paper_Space
340
1E
 70
     0
280
     1
281
     0
  0
BLOCK_RECORD
  5
23
330
1
100
AcDbSymbolTableRecord
100
AcDbBlockTableRecord
  2
*Paper_Space0
340
26
 70
     0
280
     1
281
     0
  0
ENDTAB
  0
ENDSEC
  0
SECTION
  2
BLOCKS
  0
BLOCK
  5
20
330
1F
100
AcDbEntity
  8
0
100
AcDbBlockBegin
  2
*Model_Space
 70
     0
 10
0.0
 20
0.0
 30
0.0
  3
*Model_Space
  1

  0
ENDBLK
  5
21
330
1F
100
AcDbEntity
  8
0
100
AcDbBlockEnd
  0
BLOCK
  5
1C
330
1B
100
AcDbEntity
 67
     1
  8
0
100
AcDbBlockBegin
  2
*Paper_Space
 70
     0
 10
0.0
 20
0.0
 30
0.0
  3
*Paper_Space
  1

  0
ENDBLK
  5
1D
330
1B
100
AcDbEntity
 67
     1
  8
0
100
AcDbBlockEnd
  0
BLOCK
  5
24
330
23
100
AcDbEntity
  8
0
100
AcDbBlockBegin
  2
*Paper_Space0
 70
     0
 10
0.0
 20
0.0
 30
0.0
  3
*Paper_Space0
  1

  0
ENDBLK
  5
25
330
23
100
AcDbEntity
  8
0
100
AcDbBlockEnd
  0
ENDSEC
  0
SECTION
  2
ENTITIES
  0
SPLINE
  5
70
330
1F
100
AcDbEntity
  8
Layer 1
370
     5
100
AcDbSpline
210
0.0
220
0.0
230
1.0
 70
    11
 71
     3
 72
    80
 73
    76
 74
     0
 42
0.000000001
 43
0.0000000001
 40
0.0
 40
0.0
 40
0.0
 40
0.0
 40
0.05
 40
0.05
 40
0.05
 40
0.05
 40
0.1
 40
0.1
 40
0.1
 40
0.1
 40
0.15
 40
0.15
 40
0.15
 40
0.15
 40
0.2
 40
0.2
 40
0.2
 40
0.2
 40
0.25
 40
0.25
 40
0.25
 40
0.25
 40
0.3
 40
0.3
 40
0.3
 40
0.3
 40
0.35
 40
0.35
 40
0.35
 40
0.35
 40
0.4
 40
0.4
 40
0.4
 40
0.4
 40
0.45
 40
0.45
 40
0.45
 40
0.45
 40
0.5
 40
0.5
 40
0.5
 40
0.5
 40
0.55
 40
0.55
 40
0.55
 40
0.55
 40
0.6
 40
0.6
 40
0.6
 40
0.6
 40
0.65
 40
0.65
 40
0.65
 40
0.65
 40
0.7
 40
0.7
 40
0.7
 40
0.7
 40
0.75
 40
0.75
 40
0.75
 40
0.75
 40
0.8
 40
0.8
 40
0.8
 40
0.8
 40
0.85
 40
0.85
 40
0.85
 40
0.85
 40
0.9
 40
0.9
 40
0.9
 40
0.9
 40
1.0
 40
1.0
 40
1.0
 40
1.0
 10
36.6355
 20
40.7567
 30
0.0
 10
38.8749
 20
40.955
 30
0.0
 10
40.7974
 20
41.5768
 30
0.0
 10
42.696
 20
42.9228
 30
0.0
 10
42.696
 20
42.9228
 30
0.0
 10
40.5498
 20
42.6166
 30
0.0
 10
38.7231
 20
43.5579
 30
0.0
 10
36.7487
 20
43.4594
 30
0.0
 10
36.7487
 20
43.4594
 30
0.0
 10
38.4622
 20
44.7495
 30
0.0
 10
40.8227
 20
44.9013
 30
0.0
 10
42.3006
 20
46.6667
 30
0.0
 10
42.3006
 20
46.6667
 30
0.0
 10
41.0517
 20
46.3818
 30
0.0
 10
39.7882
 20
46.6068
 30
0.0
 10
38.4848
 20
46.1941
 30
0.0
 10
38.4848
 20
46.1941
 30
0.0
 10
39.3395
 20
47.3923
 30
0.0
 10
40.4007
 20
48.2044
 30
0.0
 10
41.4951
 20
49.0006
 30
0.0
 10
41.4951
 20
49.0006
 30
0.0
 10
40.153
 20
48.8795
 30
0.0
 10
38.8869
 20
48.5546
 30
0.0
 10
37.6913
 20
47.9448
 30
0.0
 10
37.6913
 20
47.9448
 30
0.0
 10
36.509
 20
47.3417
 30
0.0
 10
35.5557
 20
46.4603
 30
0.0
 10
34.6544
 20
45.5084
 30
0.0
 10
34.6544
 20
45.5084
 30
0.0
 10
35.6223
 20
48.5985
 30
0.0
 10
37.9962
 20
50.087
 30
0.0
 10
40.8986
 20
50.9817
 30
0.0
 10
40.8986
 20
50.9817
 30
0.0
 10
37.3731
 20
51.3678
 30
0.0
 10
33.9603
 20
49.4453
 30
0.0
 10
32.198
 20
44.9679
 30
0.0
 10
32.198
 20
44.9679
 30
0.0
 10
32.3309
 20
47.5241
 30
0.0
 10
32.8855
 20
49.7329
 30
0.0
 10
35.7355
 20
52.0415
 30
0.0
 10
35.7355
 20
52.0415
 30
0.0
 10
33.8054
 20
51.6781
 30
0.0
 10
32.2338
 20
50.8965
 30
0.0
 10
30.8653
 20
49.6064
 30
0.0
 10
30.8653
 20
49.6064
 30
0.0
 10
31.252
 20
53.0494
 30
0.0
 10
38.2691
 20
58.7264
 30
0.0
 10
44.1672
 20
60.3707
 30
0.0
 10
44.1672
 20
60.3707
 30
0.0
 10
42.8664
 20
59.2417
 30
0.0
 10
41.6935
 20
58.1326
 30
0.0
 10
40.7788
 20
56.7946
 30
0.0
 10
40.7788
 20
56.7946
 30
0.0
 10
40.2396
 20
56.0037
 30
0.0
 10
39.7696
 20
55.1676
 30
0.0
 10
39.1878
 20
54.2197
 30
0.0
 10
39.1878
 20
54.2197
 30
0.0
 10
41.069
 20
54.9999
 30
0.0
 10
42.8571
 20
55.6003
 30
0.0
 10
44.7623
 20
56.2008
 30
0.0
 10
44.7623
 20
56.2008
 30
0.0
 10
43.8956
 20
53.2571
 30
0.0
 10
44.4161
 20
50.2348
 30
0.0
 10
43.9795
 20
47.2831
 30
0.0
 10
43.9795
 20
47.2831
 30
0.0
 10
43.7904
 20
46.0077
 30
0.0
 10
43.7238
 20
45.8386
 30
0.0
 10
42.4324
 20
44.1051
 30
0.0
 10
42.4324
 20
44.1051
 30
0.0
 10
43.4189
 20
44.4619
 30
0.0
 10
44.311
 20
44.7854
 30
0.0
 10
45.2043
 20
45.109
 30
0.0
 10
45.2043
 20
45.109
 30
0.0
 10
44.6651
 20
41.5528
 30
0.0
 10
41.8119
 20
38.7156
 30
0.0
 10
36.6355
 20
40.7567
 30
0.0
  0
SPLINE
  5
71
330
1F
100
AcDbEntity
  8
Layer 1
370
     5
100
AcDbSpline
210
0.0
220
0.0
230
1.0
 70
    11
 71
     3
 72
    24
 73
    20
 74
     0
 42
0.000000001
 43
0.0000000001
 40
0.0
 40
0.0
 40
0.0
 40
0.0
 40
0.1666666666666667
 40
0.1666666666666667
 40
0.1666666666666667
 40
0.1666666666666667
 40
0.3333333333333333
 40
0.3333333333333333
 40
0.3333333333333333
 40
0.3333333333333333
 40
0.5
 40
0.5
 40
0.5
 40
0.5
 40
0.6666666666666666
 40
0.6666666666666666
 40
0.6666666666666666
 40
0.6666666666666666
 40
1.0
 40
1.0
 40
1.0
 40
1.0
 10
36.6914
 20
25.9315
 30
0.0
 10
36.0311
 20
25.2811
 30
0.0
 10
35.3015
 20
25.1755
 30
0.0
 10
34.3237
 20
25.5871
 30
0.0
 10
34.3237
 20
25.5871
 30
0.0
 10
33.3158
 20
26.0115
 30
0.0
 10
32.7904
 20
26.9113
 30
0.0
 10
32.8335
 20
28.3723
 30
0.0
 10
32.8335
 20
28.3723
 30
0.0
 10
33.3315
 20
27.0741
 30
0.0
 10
34.0919
 20
26.2739
 30
0.0
 10
35.3607
 20
26.5454
 30
0.0
 10
35.3607
 20
26.5454
 30
0.0
 10
36.5117
 20
26.7921
 30
0.0
 10
37.0243
 20
27.7056
 30
0.0
 10
37.0908
 20
29.0226
 30
0.0
 10
37.0908
 20
29.0226
 30
0.0
 10
37.6234
 20
27.7785
 30
0.0
 10
37.4516
 20
26.6788
 30
0.0
 10
36.6914
 20
25.9315
 30
0.0
  0
SPLINE
  5
72
330
1F
100
AcDbEntity
  8
Layer 1
370
     5
100
AcDbSpline
210
0.0
220
0.0
230
1.0
 70
    11
 71
     3
 72
   516
 73
   512
 74
     0
 42
0.000000001
 43
0.0000000001
 40
0.0
 40
0.0
 40
0.0
 40
0.0
 40
0.0077519379844961
 40
0.0077519379844961
 40
0.0077519379844961
 40
0.0077519379844961
 40
0.0155038759689922
 40
0.0155038759689922
 40
0.0155038759689922
 40
0.0155038759689922
 40
0.0232558139534884
 40
0.0232558139534884
 40
0.0232558139534884
 40
0.0232558139534884
 40
0.0310077519379845
 40
0.0310077519379845
 40
0.0310077519379845
 40
0.0310077519379845
 40
0.0387596899224806
 40
0.0387596899224806
 40
0.0387596899224806
 40
0.0387596899224806
 40
0.0465116279069767
 40
0.0465116279069767
 40
0.0465116279069767
 40
0.0465116279069767
 40
0.0542635658914729
 40
0.0542635658914729
 40
0.0542635658914729
 40
0.0542635658914729
 40
0.062015503875969
 40
0.062015503875969
 40
0.062015503875969
 40
0.062015503875969
 40
0.0697674418604651
 40
0.0697674418604651
 40
0.0697674418604651
 40
0.0697674418604651
 40
0.0775193798449612
 40
0.0775193798449612
 40
0.0775193798449612
 40
0.0775193798449612
 40
0.0852713178294574
 40
0.0852713178294574
 40
0.0852713178294574
 40
0.0852713178294574
 40
0.0930232558139535
 40
0.0930232558139535
 40
0.0930232558139535
 40
0.0930232558139535
 40
0.1007751937984496
 40
0.1007751937984496
 40
0.1007751937984496
 40
0.1007751937984496
 40
0.1085271317829457
 40
0.1085271317829457
 40
0.1085271317829457
 40
0.1085271317829457
 40
0.1162790697674419
 40
0.1162790697674419
 40
0.1162790697674419
 40
0.1162790697674419
 40
0.124031007751938
 40
0.124031007751938
 40
0.124031007751938
 40
0.124031007751938
 40
0.1317829457364341
 40
0.1317829457364341
 40
0.1317829457364341
 40
0.1317829457364341
 40
0.1395348837209302
 40
0.1395348837209302
 40
0.1395348837209302
 40
0.1395348837209302
 40
0.1472868217054264
 40
0.1472868217054264
 40
0.1472868217054264
 40
0.1472868217054264
 40
0.1550387596899225
 40
0.1550387596899225
 40
0.1550387596899225
 40
0.1550387596899225
 40
0.1627906976744186
 40
0.1627906976744186
 40
0.1627906976744186
 40
0.1627906976744186
 40
0.1705426356589147
 40
0.1705426356589147
 40
0.1705426356589147
 40
0.1705426356589147
 40
0.1782945736434109
 40
0.1782945736434109
 40
0.1782945736434109
 40
0.1782945736434109
 40
0.186046511627907
 40
0.186046511627907
 40
0.186046511627907
 40
0.186046511627907
 40
0.1937984496124031
 40
0.1937984496124031
 40
0.1937984496124031
 40
0.1937984496124031
 40
0.2015503875968992
 40
0.2015503875968992
 40
0.2015503875968992
 40
0.2015503875968992
 40
0.2093023255813954
 40
0.2093023255813954
 40
0.2093023255813954
 40
0.2093023255813954
 40
0.2170542635658915
 40
0.2170542635658915
 40
0.2170542635658915
 40
0.2170542635658915
 40
0.2248062015503876
 40
0.2248062015503876
 40
0.2248062015503876
 40
0.2248062015503876
 40
0.2325581395348837
 40
0.2325581395348837
 40
0.2325581395348837
 40
0.2325581395348837
 40
0.2403100775193799
 40
0.2403100775193799
 40
0.2403100775193799
 40
0.2403100775193799
 40
0.248062015503876
 40
0.248062015503876
 40
0.248062015503876
 40
0.248062015503876
 40
0.2558139534883721
 40
0.2558139534883721
 40
0.2558139534883721
 40
0.2558139534883721
 40
0.2635658914728682
 40
0.2635658914728682
 40
0.2635658914728682
 40
0.2635658914728682
 40
0.2713178294573643
 40
0.2713178294573643
 40
0.2713178294573643
 40
0.2713178294573643
 40
0.2790697674418605
 40
0.2790697674418605
 40
0.2790697674418605
 40
0.2790697674418605
 40
0.2868217054263566
 40
0.2868217054263566
 40
0.2868217054263566
 40
0.2868217054263566
 40
0.2945736434108527
 40
0.2945736434108527
 40
0.2945736434108527
 40
0.2945736434108527
 40
0.3023255813953488
 40
0.3023255813953488
 40
0.3023255813953488
 40
0.3023255813953488
 40
0.310077519379845
 40
0.310077519379845
 40
0.310077519379845
 40
0.310077519379845
 40
0.3178294573643411
 40
0.3178294573643411
 40
0.3178294573643411
 40
0.3178294573643411
 40
0.3255813953488372
 40
0.3255813953488372
 40
0.3255813953488372
 40
0.3255813953488372
 40
0.3333333333333333
 40
0.3333333333333333
 40
0.3333333333333333
 40
0.3333333333333333
 40
0.3410852713178295
 40
0.3410852713178295
 40
0.3410852713178295
 40
0.3410852713178295
 40
0.3488372093023256
 40
0.3488372093023256
 40
0.3488372093023256
 40
0.3488372093023256
 40
0.3565891472868217
 40
0.3565891472868217
 40
0.3565891472868217
 40
0.3565891472868217
 40
0.3643410852713178
 40
0.3643410852713178
 40
0.3643410852713178
 40
0.3643410852713178
 40
0.3720930232558139
 40
0.3720930232558139
 40
0.3720930232558139
 40
0.3720930232558139
 40
0.3798449612403101
 40
0.3798449612403101
 40
0.3798449612403101
 40
0.3798449612403101
 40
0.3875968992248062
 40
0.3875968992248062
 40
0.3875968992248062
 40
0.3875968992248062
 40
0.3953488372093023
 40
0.3953488372093023
 40
0.3953488372093023
 40
0.3953488372093023
 40
0.4031007751937984
 40
0.4031007751937984
 40
0.4031007751937984
 40
0.4031007751937984
 40
0.4108527131782946
 40
0.4108527131782946
 40
0.4108527131782946
 40
0.4108527131782946
 40
0.4186046511627907
 40
0.4186046511627907
 40
0.4186046511627907
 40
0.4186046511627907
 40
0.4263565891472868
 40
0.4263565891472868
 40
0.4263565891472868
 40
0.4263565891472868
 40
0.4341085271317829
 40
0.4341085271317829
 40
0.4341085271317829
 40
0.4341085271317829
 40
0.4418604651162791
 40
0.4418604651162791
 40
0.4418604651162791
 40
0.4418604651162791
 40
0.4496124031007752
 40
0.4496124031007752
 40
0.4496124031007752
 40
0.4496124031007752
 40
0.4573643410852713
 40
0.4573643410852713
 40
0.4573643410852713
 40
0.4573643410852713
 40
0.4651162790697674
 40
0.4651162790697674
 40
0.4651162790697674
 40
0.4651162790697674
 40
0.4728682170542636
 40
0.4728682170542636
 40
0.4728682170542636
 40
0.4728682170542636
 40
0.4806201550387597
 40
0.4806201550387597
 40
0.4806201550387597
 40
0.4806201550387597
 40
0.4883720930232558
 40
0.4883720930232558
 40
0.4883720930232558
 40
0.4883720930232558
 40
0.4961240310077519
 40
0.4961240310077519
 40
0.4961240310077519
 40
0.4961240310077519
 40
0.5038759689922481
 40
0.5038759689922481
 40
0.5038759689922481
 40
0.5038759689922481
 40
0.5116279069767442
 40
0.5116279069767442
 40
0.5116279069767442
 40
0.5116279069767442
 40
0.5193798449612403
 40
0.5193798449612403
 40
0.5193798449612403
 40
0.5193798449612403
 40
0.5271317829457365
 40
0.5271317829457365
 40
0.5271317829457365
 40
0.5271317829457365
 40
0.5348837209302325
 40
0.5348837209302325
 40
0.5348837209302325
 40
0.5348837209302325
 40
0.5426356589147286
 40
0.5426356589147286
 40
0.5426356589147286
 40
0.5426356589147286
 40
0.5503875968992248
 40
0.5503875968992248
 40
0.5503875968992248
 40
0.5503875968992248
 40
0.5581395348837209
 40
0.5581395348837209
 40
0.5581395348837209
 40
0.5581395348837209
 40
0.5658914728682171
 40
0.5658914728682171
 40
0.5658914728682171
 40
0.5658914728682171
 40
0.5736434108527132
 40
0.5736434108527132
 40
0.5736434108527132
 40
0.5736434108527132
 40
0.5813953488372093
 40
0.5813953488372093
 40
0.5813953488372093
 40
0.5813953488372093
 40
0.5891472868217055
 40
0.5891472868217055
 40
0.5891472868217055
 40
0.5891472868217055
 40
0.5968992248062015
 40
0.5968992248062015
 40
0.5968992248062015
 40
0.5968992248062015
 40
0.6046511627906976
 40
0.6046511627906976
 40
0.6046511627906976
 40
0.6046511627906976
 40
0.6124031007751938
 40
0.6124031007751938
 40
0.6124031007751938
 40
0.6124031007751938
 40
0.6201550387596899
 40
0.6201550387596899
 40
0.6201550387596899
 40
0.6201550387596899
 40
0.627906976744186
 40
0.627906976744186
 40
0.627906976744186
 40
0.627906976744186
 40
0.6356589147286822
 40
0.6356589147286822
 40
0.6356589147286822
 40
0.6356589147286822
 40
0.6434108527131783
 40
0.6434108527131783
 40
0.6434108527131783
 40
0.6434108527131783
 40
0.6511627906976745
 40
0.6511627906976745
 40
0.6511627906976745
 40
0.6511627906976745
 40
0.6589147286821705
 40
0.6589147286821705
 40
0.6589147286821705
 40
0.6589147286821705
 40
0.6666666666666666
 40
0.6666666666666666
 40
0.6666666666666666
 40
0.6666666666666666
 40
0.6744186046511628
 40
0.6744186046511628
 40
0.6744186046511628
 40
0.6744186046511628
 40
0.6821705426356589
 40
0.6821705426356589
 40
0.6821705426356589
 40
0.6821705426356589
 40
0.689922480620155
 40
0.689922480620155
 40
0.689922480620155
 40
0.689922480620155
 40
0.6976744186046512
 40
0.6976744186046512
 40
0.6976744186046512
 40
0.6976744186046512
 40
0.7054263565891473
 40
0.7054263565891473
 40
0.7054263565891473
 40
0.7054263565891473
 40
0.7131782945736435
 40
0.7131782945736435
 40
0.7131782945736435
 40
0.7131782945736435
 40
0.7209302325581395
 40
0.7209302325581395
 40
0.7209302325581395
 40
0.7209302325581395
 40
0.7286821705426356
 40
0.7286821705426356
 40
0.7286821705426356
 40
0.7286821705426356
 40
0.7364341085271318
 40
0.7364341085271318
 40
0.7364341085271318
 40
0.7364341085271318
 40
0.7441860465116279
 40
0.7441860465116279
 40
0.7441860465116279
 40
0.7441860465116279
 40
0.751937984496124
 40
0.751937984496124
 40
0.751937984496124
 40
0.751937984496124
 40
0.7596899224806202
 40
0.7596899224806202
 40
0.7596899224806202
 40
0.7596899224806202
 40
0.7674418604651163
 40
0.7674418604651163
 40
0.7674418604651163
 40
0.7674418604651163
 40
0.7751937984496124
 40
0.7751937984496124
 40
0.7751937984496124
 40
0.7751937984496124
 40
0.7829457364341085
 40
0.7829457364341085
 40
0.7829457364341085
 40
0.7829457364341085
 40
0.7906976744186046
 40
0.7906976744186046
 40
0.7906976744186046
 40
0.7906976744186046
 40
0.7984496124031008
 40
0.7984496124031008
 40
0.7984496124031008
 40
0.7984496124031008
 40
0.8062015503875969
 40
0.8062015503875969
 40
0.8062015503875969
 40
0.8062015503875969
 40
0.813953488372093
 40
0.813953488372093
 40
0.813953488372093
 40
0.813953488372093
 40
0.8217054263565892
 40
0.8217054263565892
 40
0.8217054263565892
 40
0.8217054263565892
 40
0.8294573643410853
 40
0.8294573643410853
 40
0.8294573643410853
 40
0.8294573643410853
 40
0.8372093023255814
 40
0.8372093023255814
 40
0.8372093023255814
 40
0.8372093023255814
 40
0.8449612403100775
 40
0.8449612403100775
 40
0.8449612403100775
 40
0.8449612403100775
 40
0.8527131782945736
 40
0.8527131782945736
 40
0.8527131782945736
 40
0.8527131782945736
 40
0.8604651162790697
 40
0.8604651162790697
 40
0.8604651162790697
 40
0.8604651162790697
 40
0.8682170542635659
 40
0.8682170542635659
 40
0.8682170542635659
 40
0.8682170542635659
 40
0.875968992248062
 40
0.875968992248062
 40
0.875968992248062
 40
0.875968992248062
 40
0.8837209302325582
 40
0.8837209302325582
 40
0.8837209302325582
 40
0.8837209302325582
 40
0.8914728682170543
 40
0.8914728682170543
 40
0.8914728682170543
 40
0.8914728682170543
 40
0.8992248062015504
 40
0.8992248062015504
 40
0.8992248062015504
 40
0.8992248062015504
 40
0.9069767441860465
 40
0.9069767441860465
 40
0.9069767441860465
 40
0.9069767441860465
 40
0.9147286821705426
 40
0.9147286821705426
 40
0.9147286821705426
 40
0.9147286821705426
 40
0.9224806201550387
 40
0.9224806201550387
 40
0.9224806201550387
 40
0.9224806201550387
 40
0.9302325581395349
 40
0.9302325581395349
 40
0.9302325581395349
 40
0.9302325581395349
 40
0.937984496124031
 40
0.937984496124031
 40
0.937984496124031
 40
0.937984496124031
 40
0.9457364341085271
 40
0.9457364341085271
 40
0.9457364341085271
 40
0.9457364341085271
 40
0.9534883720930233
 40
0.9534883720930233
 40
0.9534883720930233
 40
0.9534883720930233
 40
0.9612403100775194
 40
0.9612403100775194
 40
0.9612403100775194
 40
0.9612403100775194
 40
0.9689922480620154
 40
0.9689922480620154
 40
0.9689922480620154
 40
0.9689922480620154
 40
0.9767441860465116
 40
0.9767441860465116
 40
0.9767441860465116
 40
0.9767441860465116
 40
0.9844961240310077
 40
0.9844961240310077
 40
0.9844961240310077
 40
0.9844961240310077
 40
1.0
 40
1.0
 40
1.0
 40
1.0
 10
36.1762
 20
17.8871
 30
0.0
 10
35.7861
 20
16.6215
 30
0.0
 10
34.916
 20
15.973
 30
0.0
 10
33.7019
 20
16.0238
 30
0.0
 10
33.7019
 20
16.0238
 30
0.0
 10
32.4994
 20
16.0739
 30
0.0
 10
31.2852
 20
17.0987
 30
0.0
 10
31.0241
 20
18.2113
 30
0.0
 10
31.0241
 20
18.2113
 30
0.0
 10
30.8965
 20
18.753
 30
0.0
 10
31.3354
 20
18.613
 30
0.0
 10
31.5312
 20
18.6781
 30
0.0
 10
31.5312
 20
18.6781
 30
0.0
 10
32.8288
 20
19.1104
 30
0.0
 10
33.7787
 20
19.8741
 30
0.0
 10
34.1367
 20
21.2478
 30
0.0
 10
34.1367
 20
21.2478
 30
0.0
 10
34.4954
 20
22.6222
 30
0.0
 10
33.8308
 20
23.8585
 30
0.0
 10
32.4656
 20
24.2446
 30
0.0
 10
32.4656
 20
24.2446
 30
0.0
 10
31.1928
 20
24.6046
 30
0.0
 10
29.9083
 20
24.6815
 30
0.0
 10
28.6211
 20
24.2322
 30
0.0
 10
28.6211
 20
24.2322
 30
0.0
 10
26.9524
 20
23.6508
 30
0.0
 10
26.3802
 20
22.0304
 30
0.0
 10
27.3489
 20
20.535
 30
0.0
 10
27.3489
 20
20.535
 30
0.0
 10
28.058
 20
19.4391
 30
0.0
 10
29.1048
 20
18.8552
 30
0.0
 10
30.4485
 20
18.5857
 30
0.0
 10
30.4485
 20
18.5857
 30
0.0
 10
30.1699
 20
17.9509
 30
0.0
 10
29.7669
 20
17.4561
 30
0.0
 10
29.2865
 20
17.0362
 30
0.0
 10
29.2865
 20
17.0362
 30
0.0
 10
26.5436
 20
14.6397
 30
0.0
 10
21.7337
 20
14.0693
 30
0.0
 10
19.0383
 20
15.8506
 30
0.0
 10
19.0383
 20
15.8506
 30
0.0
 10
18.2655
 20
16.3611
 30
0.0
 10
17.8188
 20
16.1976
 30
0.0
 10
17.3586
 20
15.432
 30
0.0
 10
17.3586
 20
15.432
 30
0.0
 10
17.1567
 20
15.0967
 30
0.0
 10
17.1788
 20
14.8337
 30
0.0
 10
17.4335
 20
14.5159
 30
0.0
 10
17.4335
 20
14.5159
 30
0.0
 10
18.1952
 20
13.5667
 30
0.0
 10
19.2036
 20
12.986
 30
0.0
 10
20.287
 20
12.5036
 30
0.0
 10
20.287
 20
12.5036
 30
0.0
 10
20.4505
 20
12.4307
 30
0.0
 10
20.6177
 20
12.3669
 30
0.0
 10
21.0078
 20
12.2074
 30
0.0
 10
21.0078
 20
12.2074
 30
0.0
 10
19.2851
 20
12.1065
 30
0.0
 10
17.8001
 20
12.107
 30
0.0
 10
16.2941
 20
12.2568
 30
0.0
 10
16.2941
 20
12.2568
 30
0.0
 10
17.3065
 20
11.4124
 30
0.0
 10
18.468
 20
10.8486
 30
0.0
 10
19.6913
 20
10.4391
 30
0.0
 10
19.6913
 20
10.4391
 30
0.0
 10
22.8781
 20
9.3719
 30
0.0
 10
26.1198
 20
8.913
 30
0.0
 10
29.4505
 20
9.7301
 30
0.0
 10
29.4505
 20
9.7301
 30
0.0
 10
29.6549
 20
9.7801
 30
0.0
 10
29.9766
 20
9.9801
 30
0.0
 10
29.9362
 20
9.4456
 30
0.0
 10
29.9362
 20
9.4456
 30
0.0
 10
29.8412
 20
8.2027
 30
0.0
 10
30.086
 20
6.9943
 30
0.0
 10
30.5508
 20
5.8517
 30
0.0
 10
30.5508
 20
5.8517
 30
0.0
 10
31.7975
 20
2.7879
 30
0.0
 10
32.0202
 20
-0.4236
 30
0.0
 10
32.0059
 20
-3.675
 30
0.0
 10
32.0059
 20
-3.675
 30
0.0
 10
32.0047
 20
-3.9381
 30
0.0
 10
31.9675
 20
-4.1932
 30
0.0
 10
31.8353
 20
-4.4322
 30
0.0
 10
31.8353
 20
-4.4322
 30
0.0
 10
30.8945
 20
-1.4497
 30
0.0
 10
29.6003
 20
1.2788
 30
0.0
 10
26.6771
 20
3.0457
 30
0.0
 10
26.6771
 20
3.0457
 30
0.0
 10
29.3437
 20
-3.4322
 30
0.0
 10
28.5078
 20
-9.8717
 30
0.0
 10
27.0319
 20
-16.3894
 30
0.0
 10
27.0319
 20
-16.3894
 30
0.0
 10
28.5241
 20
-14.8861
 30
0.0
 10
29.679
 20
-13.2376
 30
0.0
 10
30.5859
 20
-11.3822
 30
0.0
 10
30.5859
 20
-11.3822
 30
0.0
 10
32.8099
 20
-15.0443
 30
0.0
 10
30.9896
 20
-23.2612
 30
0.0
 10
27.1869
 20
-26.5679
 30
0.0
 10
27.1869
 20
-26.5679
 30
0.0
 10
27.1985
 20
-24.9506
 30
0.0
 10
27.2383
 20
-23.4005
 30
0.0
 10
26.6843
 20
-21.7541
 30
0.0
 10
26.6843
 20
-21.7541
 30
0.0
 10
25.7949
 20
-25.9344
 30
0.0
 10
24.2441
 20
-29.635
 30
0.0
 10
21.4048
 20
-32.7177
 30
0.0
 10
21.4048
 20
-32.7177
 30
0.0
 10
22.138
 20
-30.8368
 30
0.0
 10
22.261
 20
-28.8641
 30
0.0
 10
22.371
 20
-26.8706
 30
0.0
 10
22.371
 20
-26.8706
 30
0.0
 10
21.6958
 20
-28.2762
 30
0.0
 10
20.9693
 20
-29.6512
 30
0.0
 10
20.1678
 20
-30.9853
 30
0.0
 10
20.1678
 20
-30.9853
 30
0.0
 10
19.3579
 20
-32.3322
 30
0.0
 10
18.457
 20
-33.6096
 30
0.0
 10
17.3795
 20
-34.7614
 30
0.0
 10
17.3795
 20
-34.7614
 30
0.0
 10
16.2901
 20
-35.9261
 30
0.0
 10
15.0747
 20
-36.9313
 30
0.0
 10
13.7016
 20
-37.788
 30
0.0
 10
13.7016
 20
-37.788
 30
0.0
 10
17.343
 20
-34.3557
 30
0.0
 10
19.2687
 20
-30.1871
 30
0.0
 10
19.2023
 20
-25.1441
 30
0.0
 10
19.2023
 20
-25.1441
 30
0.0
 10
18.4973
 20
-29.5399
 30
0.0
 10
16.1828
 20
-32.8733
 30
0.0
 10
12.5194
 20
-35.3297
 30
0.0
 10
12.5194
 20
-35.3297
 30
0.0
 10
14.9855
 20
-32.7476
 30
0.0
 10
16.5363
 20
-29.7483
 30
0.0
 10
16.7954
 20
-26.131
 30
0.0
 10
16.7954
 20
-26.131
 30
0.0
 10
15.6228
 20
-28.5717
 30
0.0
 10
13.8755
 20
-30.3876
 30
0.0
 10
11.2459
 20
-31.2867
 30
0.0
 10
11.2459
 20
-31.2867
 30
0.0
 10
11.574
 20
-30.7821
 30
0.0
 10
11.9386
 20
-30.2964
 30
0.0
 10
12.2231
 20
-29.7679
 30
0.0
 10
12.2231
 20
-29.7679
 30
0.0
 10
12.9242
 20
-28.4624
 30
0.0
 10
13.4223
 20
-27.0731
 30
0.0
 10
13.3013
 20
-25.5757
 30
0.0
 10
13.3013
 20
-25.5757
 30
0.0
 10
13.1567
 20
-23.7879
 30
0.0
 10
11.6072
 20
-23.1668
 30
0.0
 10
10.1534
 20
-24.2488
 30
0.0
 10
10.1534
 20
-24.2488
 30
0.0
 10
8.7999
 20
-25.2567
 30
0.0
 10
8.3923
 20
-26.7163
 30
0.0
 10
8.2583
 20
-28.2854
 30
0.0
 10
8.2583
 20
-28.2854
 30
0.0
 10
8.0076
 20
-31.2209
 30
0.0
 10
8.8057
 20
-34.0328
 30
0.0
 10
9.3383
 20
-36.872
 30
0.0
 10
9.3383
 20
-36.872
 30
0.0
 10
10.227
 20
-41.6116
 30
0.0
 10
11.2824
 20
-46.3208
 30
0.0
 10
11.9184
 20
-51.1052
 30
0.0
 10
11.9184
 20
-51.1052
 30
0.0
 10
12.1112
 20
-52.5538
 30
0.0
 10
12.2498
 20
-54.0095
 30
0.0
 10
12.3741
 20
-55.4661
 30
0.0
 10
12.3741
 20
-55.4661
 30
0.0
 10
12.4126
 20
-55.9158
 30
0.0
 10
12.4822
 20
-56.1269
 30
0.0
 10
13.0206
 20
-56.1776
 30
0.0
 10
13.0206
 20
-56.1776
 30
0.0
 10
14.173
 20
-56.2857
 30
0.0
 10
15.268
 20
-56.6177
 30
0.0
 10
16.1405
 20
-57.4602
 30
0.0
 10
16.1405
 20
-57.4602
 30
0.0
 10
17.3847
 20
-58.6614
 30
0.0
 10
17.675
 20
-60.1366
 30
0.0
 10
17.4295
 20
-61.7806
 30
0.0
 10
17.4295
 20
-61.7806
 30
0.0
 10
17.3775
 20
-62.1295
 30
0.0
 10
17.1301
 20
-62.0728
 30
0.0
 10
16.9028
 20
-62.0911
 30
0.0
 10
16.9028
 20
-62.0911
 30
0.0
 10
16.6314
 20
-62.112
 30
0.0
 10
16.6555
 20
-61.9466
 30
0.0
 10
16.6294
 20
-61.746
 30
0.0
 10
16.6294
 20
-61.746
 30
0.0
 10
16.3547
 20
-59.6152
 30
0.0
 10
15.5643
 20
-58.7844
 30
0.0
 10
13.3741
 20
-58.3717
 30
0.0
 10
13.3741
 20
-58.3717
 30
0.0
 10
14.1664
 20
-59.1965
 30
0.0
 10
14.7199
 20
-60.067
 30
0.0
 10
14.6456
 20
-61.2017
 30
0.0
 10
14.6456
 20
-61.2017
 30
0.0
 10
14.6196
 20
-61.6047
 30
0.0
 10
14.5617
 20
-62.0533
 30
0.0
 10
14.1659
 20
-62.2096
 30
0.0
 10
14.1659
 20
-62.2096
 30
0.0
 10
13.6515
 20
-62.4134
 30
0.0
 10
13.0812
 20
-62.285
 30
0.0
 10
12.5428
 20
-62.2102
 30
0.0
 10
12.5428
 20
-62.2102
 30
0.0
 10
12.3547
 20
-62.1836
 30
0.0
 10
12.4595
 20
-61.9525
 30
0.0
 10
12.466
 20
-61.8065
 30
0.0
 10
12.466
 20
-61.8065
 30
0.0
 10
12.5415
 20
-60.0748
 30
0.0
 10
11.4692
 20
-58.9068
 30
0.0
 10
9.6098
 20
-58.789
 30
0.0
 10
9.6098
 20
-58.789
 30
0.0
 10
10.1319
 20
-59.3834
 30
0.0
 10
10.5232
 20
-59.9836
 30
0.0
 10
10.617
 20
-60.7363
 30
0.0
 10
10.617
 20
-60.7363
 30
0.0
 10
10.7719
 20
-61.9766
 30
0.0
 10
10.4549
 20
-62.2844
 30
0.0
 10
9.2432
 20
-61.9993
 30
0.0
 10
9.2432
 20
-61.9993
 30
0.0
 10
7.0968
 20
-61.4961
 30
0.0
 10
6.0629
 20
-59.9367
 30
0.0
 10
5.5316
 20
-57.964
 30
0.0
 10
5.5316
 20
-57.964
 30
0.0
 10
5.1866
 20
-56.6835
 30
0.0
 10
5.072
 20
-55.3684
 30
0.0
 10
5.225
 20
-54.0032
 30
0.0
 10
5.225
 20
-54.0032
 30
0.0
 10
4.8968
 20
-54.5409
 30
0.0
 10
4.568
 20
-55.0793
 30
0.0
 10
4.1155
 20
-55.8189
 30
0.0
 10
4.1155
 20
-55.8189
 30
0.0
 10
4.0328
 20
-54.714
 30
0.0
 10
4.07
 20
-53.85
 30
0.0
 10
4.268
 20
-52.9953
 30
0.0
 10
4.268
 20
-52.9953
 30
0.0
 10
4.4646
 20
-52.1464
 30
0.0
 10
4.682
 20
-51.3019
 30
0.0
 10
4.848
 20
-50.4289
 30
0.0
 10
4.848
 20
-50.4289
 30
0.0
 10
3.7543
 20
-51.8221
 30
0.0
 10
2.4137
 20
-52.6542
 30
0.0
 10
0.3844
 20
-52.5923
 30
0.0
 10
0.3844
 20
-52.5923
 30
0.0
 10
1.2549
 20
-51.9985
 30
0.0
 10
1.803
 20
-51.4112
 30
0.0
 10
2.1267
 20
-50.6112
 30
0.0
 10
2.1267
 20
-50.6112
 30
0.0
 10
2.4261
 20
-49.8709
 30
0.0
 10
2.2939
 20
-48.977
 30
0.0
 10
3.1325
 20
-48.2505
 30
0.0
 10
3.1325
 20
-48.2505
 30
0.0
 10
2.0244
 20
-48.5044
 30
0.0
 10
1.1423
 20
-48.451
 30
0.0
 10
0.3076
 20
-48.0167
 30
0.0
 10
0.3076
 20
-48.0167
 30
0.0
 10
-0.542
 20
-47.574
 30
0.0
 10
-1.0472
 20
-46.8475
 30
0.0
 10
-1.4418
 20
-45.9834
 30
0.0
 10
-1.4418
 20
-45.9834
 30
0.0
 10
-0.8474
 20
-45.932
 30
0.0
 10
-0.2992
 20
-45.9243
 30
0.0
 10
0.2333
 20
-45.8286
 30
0.0
 10
0.2333
 20
-45.8286
 30
0.0
 10
0.7868
 20
-45.7295
 30
0.0
 10
1.3252
 20
-45.5467
 30
0.0
 10
2.1143
 20
-45.335
 30
0.0
 10
2.1143
 20
-45.335
 30
0.0
 10
0.6084
 20
-45.0766
 30
0.0
 10
-0.5804
 20
-44.656
 30
0.0
 10
-1.5336
 20
-43.738
 30
0.0
 10
-1.5336
 20
-43.738
 30
0.0
 10
-2.2595
 20
-43.0394
 30
0.0
 10
-2.7901
 20
-42.2113
 30
0.0
 10
-3.2342
 20
-41.2399
 30
0.0
 10
-3.2342
 20
-41.2399
 30
0.0
 10
-2.4717
 20
-41.251
 30
0.0
 10
-1.7933
 20
-41.6716
 30
0.0
 10
-0.9379
 20
-41.5159
 30
0.0
 10
-0.9379
 20
-41.5159
 30
0.0
 10
-3.6
 20
-39.917
 30
0.0
 10
-5.02
 20
-37.5862
 30
0.0
 10
-5.4307
 20
-34.6487
 30
0.0
 10
-5.4307
 20
-34.6487
 30
0.0
 10
-5.7693
 20
-32.2295
 30
0.0
 10
-5.1169
 20
-30.0204
 30
0.0
 10
-3.7061
 20
-27.7736
 30
0.0
 10
-3.7061
 20
-27.7736
 30
0.0
 10
-3.8084
 20
-31.3101
 30
0.0
 10
-2.9535
 20
-34.2653
 30
0.0
 10
-0.279
 20
-36.4879
 30
0.0
 10
-0.279
 20
-36.4879
 30
0.0
 10
-2.115
 20
-35.9989
 30
0.0
 10
-3.2765
 20
-34.803
 30
0.0
 10
-3.9738
 20
-33.0907
 30
0.0
 10
-3.9738
 20
-33.0907
 30
0.0
 10
-3.4196
 20
-35.5895
 30
0.0
 10
-2.3376
 20
-37.7321
 30
0.0
 10
-0.0186
 20
-39.0446
 30
0.0
 10
-0.0186
 20
-39.0446
 30
0.0
 10
1.6904
 20
-40.0121
 30
0.0
 10
3.7367
 20
-40.0205
 30
0.0
 10
4.9346
 20
-37.5823
 30
0.0
 10
4.9346
 20
-37.5823
 30
0.0
 10
5.3565
 20
-40.1227
 30
0.0
 10
3.3982
 20
-41.8695
 30
0.0
 10
0.124
 20
-41.8727
 30
0.0
 10
0.124
 20
-41.8727
 30
0.0
 10
1.5901
 20
-43.4796
 30
0.0
 10
4.2504
 20
-43.339
 30
0.0
 10
5.6579
 20
-41.5765
 30
0.0
 10
5.6579
 20
-41.5765
 30
0.0
 10
6.4522
 20
-40.5817
 30
0.0
 10
6.7881
 20
-39.4163
 30
0.0
 10
6.9008
 20
-38.1715
 30
0.0
 10
6.9008
 20
-38.1715
 30
0.0
 10
7.0584
 20
-36.4345
 30
0.0
 10
6.7289
 20
-34.7418
 30
0.0
 10
6.4607
 20
-33.0387
 30
0.0
 10
6.4607
 20
-33.0387
 30
0.0
 10
5.684
 20
-28.1024
 30
0.0
 10
5.6899
 20
-26.1772
 30
0.0
 10
6.9073
 20
-21.1608
 30
0.0
 10
6.9073
 20
-21.1608
 30
0.0
 10
5.6723
 20
-23.2319
 30
0.0
 10
4.7548
 20
-25.3088
 30
0.0
 10
3.0778
 20
-26.8875
 30
0.0
 10
3.0778
 20
-26.8875
 30
0.0
 10
3.8422
 20
-24.4507
 30
0.0
 10
4.6365
 20
-22.0294
 30
0.0
 10
4.9763
 20
-19.4793
 30
0.0
 10
4.9763
 20
-19.4793
 30
0.0
 10
4.1046
 20
-21.241
 30
0.0
 10
2.8388
 20
-22.6433
 30
0.0
 10
1.2685
 20
-23.7859
 30
0.0
 10
1.2685
 20
-23.7859
 30
0.0
 10
2.7257
 20
-21.4754
 30
0.0
 10
3.557
 20
-18.9603
 30
0.0
 10
3.9359
 20
-16.265
 30
0.0
 10
3.9359
 20
-16.265
 30
0.0
 10
3.0576
 20
-17.8393
 30
0.0
 10
1.8805
 20
-19.0815
 30
0.0
 10
0.2321
 20
-19.853
 30
0.0
 10
0.2321
 20
-19.853
 30
0.0
 10
1.5439
 20
-18.1342
 30
0.0
 10
2.3382
 20
-16.2116
 30
0.0
 10
2.7086
 20
-14.1035
 30
0.0
 10
2.7086
 20
-14.1035
 30
0.0
 10
2.7471
 20
-13.8828
 30
0.0
 10
2.9314
 20
-13.6809
 30
0.0
 10
2.5622
 20
-13.5501
 30
0.0
 10
2.5622
 20
-13.5501
 30
0.0
 10
-0.3232
 20
-12.5241
 30
0.0
 10
-1.9508
 20
-10.2591
 30
0.0
 10
-3.1189
 20
-7.6119
 30
0.0
 10
-3.1189
 20
-7.6119
 30
0.0
 10
-4.7726
 20
-3.8645
 30
0.0
 10
-4.9776
 20
-0.0102
 30
0.0
 10
-3.74
 20
3.9071
 30
0.0
 10
-3.74
 20
3.9071
 30
0.0
 10
-3.6872
 20
4.0725
 30
0.0
 10
-3.6163
 20
4.2326
 30
0.0
 10
-3.4965
 20
4.3941
 30
0.0
 10
-3.4965
 20
4.3941
 30
0.0
 10
-3.4203
 20
1.4365
 30
0.0
 10
-2.8845
 20
-1.3983
 30
0.0
 10
-1.4894
 20
-4.026
 30
0.0
 10
-1.4894
 20
-4.026
 30
0.0
 10
-0.1195
 20
-6.6054
 30
0.0
 10
1.5101
 20
-8.9771
 30
0.0
 10
3.9131
 20
-10.7636
 30
0.0
 10
3.9131
 20
-10.7636
 30
0.0
 10
3.2425
 20
-9.2428
 30
0.0
 10
2.7613
 20
-7.6744
 30
0.0
 10
2.5453
 20
-6.037
 30
0.0
 10
2.5453
 20
-6.037
 30
0.0
 10
2.3265
 20
-4.3808
 30
0.0
 10
2.2484
 20
-2.7205
 30
0.0
 10
2.6669
 20
-1.0402
 30
0.0
 10
2.6669
 20
-1.0402
 30
0.0
 10
2.9118
 20
-4.9153
 30
0.0
 10
4.5147
 20
-8.1698
 30
0.0
 10
7.0968
 20
-10.9895
 30
0.0
 10
7.0968
 20
-10.9895
 30
0.0
 10
8.4568
 20
-12.4746
 30
0.0
 10
9.8983
 20
-13.8523
 30
0.0
 10
11.7758
 20
-14.9402
 30
0.0
 10
11.7758
 20
-14.9402
 30
0.0
 10
10.5037
 20
-11.7102
 30
0.0
 10
9.9431
 20
-8.5259
 30
0.0
 10
10.5473
 20
-5.2116
 30
0.0
 10
10.5473
 20
-5.2116
 30
0.0
 10
12.2439
 20
-11.2806
 30
0.0
 10
17.7023
 20
-16.4408
 30
0.0
 10
23.041
 20
-17.8399
 30
0.0
 10
23.041
 20
-17.8399
 30
0.0
 10
21.4692
 20
-16.2689
 30
0.0
 10
20.3085
 20
-14.5644
 30
0.0
 10
19.3983
 20
-12.7057
 30
0.0
 10
19.3983
 20
-12.7057
 30
0.0
 10
17.9178
 20
-9.6842
 30
0.0
 10
16.0598
 20
-6.8411
 30
0.0
 10
15.0247
 20
-3.6086
 30
0.0
 10
15.0247
 20
-3.6086
 30
0.0
 10
14.4067
 20
-1.6782
 30
0.0
 10
14.0376
 20
0.2833
 30
0.0
 10
14.6027
 20
2.3049
 30
0.0
 10
14.6027
 20
2.3049
 30
0.0
 10
14.6444
 20
2.4539
 30
0.0
 10
14.6879
 20
2.603
 30
0.0
 10
14.7413
 20
2.7483
 30
0.0
 10
14.7413
 20
2.7483
 30
0.0
 10
14.7857
 20
2.8686
 30
0.0
 10
14.8449
 20
2.9839
 30
0.0
 10
14.8996
 20
3.105
 30
0.0
 10
14.8996
 20
3.105
 30
0.0
 10
13.4712
 20
2.8686
 30
0.0
 10
12.2655
 20
1.4735
 30
0.0
 10
10.3351
 20
-2.1697
 30
0.0
 10
10.3351
 20
-2.1697
 30
0.0
 10
9.962
 20
1.2417
 30
0.0
 10
11.4568
 20
5.7131
 30
0.0
 10
15.076
 20
8.1773
 30
0.0
 10
15.076
 20
8.1773
 30
0.0
 10
14.2889
 20
8.0256
 30
0.0
 10
13.5591
 20
7.7008
 30
0.0
 10
12.8461
 20
7.3428
 30
0.0
 10
12.8461
 20
7.3428
 30
0.0
 10
12.1008
 20
6.9677
 30
0.0
 10
11.3527
 20
6.59
 30
0.0
 10
10.6424
 20
6.1538
 30
0.0
 10
10.6424
 20
6.1538
 30
0.0
 10
9.9438
 20
5.7242
 30
0.0
 10
9.2914
 20
5.2203
 30
0.0
 10
8.587
 20
4.7866
 30
0.0
 10
8.587
 20
4.7866
 30
0.0
 10
9.3982
 20
6.0764
 30
0.0
 10
10.5206
 20
7.0745
 30
0.0
 10
11.619
 20
8.1338
 30
0.0
 10
11.619
 20
8.1338
 30
0.0
 10
8.7647
 20
7.0353
 30
0.0
 10
5.9803
 20
6.9209
 30
0.0
 10
3.4372
 20
8.8258
 30
0.0
 10
3.4372
 20
8.8258
 30
0.0
 10
1.2946
 20
10.43
 30
0.0
 10
0.2457
 20
12.7217
 30
0.0
 10
-0.2745
 20
15.2816
 30
0.0
 10
-0.2745
 20
15.2816
 30
0.0
 10
3.6722
 20
8.8062
 30
0.0
 10
10.3651
 20
9.5654
 30
0.0
 10
12.7823
 20
13.5427
 30
0.0
 10
12.7823
 20
13.5427
 30
0.0
 10
10.2374
 20
12.7503
 30
0.0
 10
7.7667
 20
12.5224
 30
0.0
 10
5.4757
 20
14.1097
 30
0.0
 10
5.4757
 20
14.1097
 30
0.0
 10
3.2536
 20
15.6494
 30
0.0
 10
2.281
 20
17.9606
 30
0.0
 10
1.6149
 20
20.6508
 30
0.0
 10
1.6149
 20
20.6508
 30
0.0
 10
2.1513
 20
19.813
 30
0.0
 10
2.5466
 20
19.0759
 30
0.0
 10
3.1977
 20
18.5402
 30
0.0
 10
3.1977
 20
18.5402
 30
0.0
 10
3.8467
 20
18.0056
 30
0.0
 10
4.5414
 20
17.5505
 30
0.0
 10
5.3063
 20
17.1964
 30
0.0
 10
5.3063
 20
17.1964
 30
0.0
 10
6.0909
 20
16.833
 30
0.0
 10
6.9118
 20
16.5974
 30
0.0
 10
7.8246
 20
16.4268
 30
0.0
 10
7.8246
 20
16.4268
 30
0.0
 10
7.6541
 20
16.7393
 30
0.0
 10
7.365
 20
16.8428
 30
0.0
 10
7.1476
 20
17.0245
 30
0.0
 10
7.1476
 20
17.0245
 30
0.0
 10
5.5707
 20
18.346
 30
0.0
 10
4.4788
 20
20.0135
 30
0.0
 10
3.68
 20
21.8923
 30
0.0
 10
3.68
 20
21.8923
 30
0.0
 10
3.5257
 20
22.2557
 30
0.0
 10
3.598
 20
22.4718
 30
0.0
 10
3.9424
 20
22.6508
 30
0.0
 10
3.9424
 20
22.6508
 30
0.0
 10
6.0902
 20
23.7673
 30
0.0
 10
9.1821
 20
23.8266
 30
0.0
 10
10.8852
 20
21.5141
 30
0.0
 10
10.8852
 20
21.5141
 30
0.0
 10
12.6618
 20
19.1007
 30
0.0
 10
14.66
 20
18.9835
 30
0.0
 10
17.1678
 20
20.0655
 30
0.0
 10
17.1678
 20
20.0655
 30
0.0
 10
18.733
 20
20.7407
 30
0.0
 10
19.9797
 20
21.8488
 30
0.0
 10
21.0846
 20
23.1352
 30
0.0
 10
21.0846
 20
23.1352
 30
0.0
 10
22.0885
 20
24.3039
 30
0.0
 10
23.0722
 20
25.5051
 30
0.0
 10
24.5253
 20
26.171
 30
0.0
 10
24.5253
 20
26.171
 30
0.0
 10
27.2883
 20
27.4373
 30
0.0
 10
29.931
 20
27.3195
 30
0.0
 10
32.4388
 20
25.5089
 30
0.0
 10
32.4388
 20
25.5089
 30
0.0
 10
33.991
 20
24.3891
 30
0.0
 10
35.3061
 20
23.0759
 30
0.0
 10
36.0111
 20
21.2478
 30
0.0
 10
36.0111
 20
21.2478
 30
0.0
 10
36.4345
 20
20.1462
 30
0.0
 10
36.525
 20
19.0245
 30
0.0
 10
36.1762
 20
17.8871
 30
0.0
  0
SPLINE
  5
73
330
1F
100
AcDbEntity
  8
Layer 1
370
     5
100
AcDbSpline
210
0.0
220
0.0
230
1.0
 70
    11
 71
     3
 72
    20
 73
    16
 74
     0
 42
0.000000001
 43
0.0000000001
 40
0.0
 40
0.0
 40
0.0
 40
0.0
 40
0.2
 40
0.2
 40
0.2
 40
0.2
 40
0.4
 40
0.4
 40
0.4
 40
0.4
 40
0.6
 40
0.6
 40
0.6
 40
0.6
 40
1.0
 40
1.0
 40
1.0
 40
1.0
 10
32.5834
 20
21.0615
 30
0.0
 10
32.5436
 20
21.0108
 30
0.0
 10
32.5125
 20
20.9281
 30
0.0
 10
32.4609
 20
20.9132
 30
0.0
 10
32.4609
 20
20.9132
 30
0.0
 10
32.3647
 20
20.8845
 30
0.0
 10
32.3476
 20
20.9815
 30
0.0
 10
32.3665
 20
21.0421
 30
0.0
 10
32.3665
 20
21.0421
 30
0.0
 10
32.3836
 20
21.0948
 30
0.0
 10
32.4467
 20
21.1332
 30
0.0
 10
32.489
 20
21.1782
 30
0.0
 10
32.489
 20
21.1782
 30
0.0
 10
32.5163
 20
21.1444
 30
0.0
 10
32.5443
 20
21.1099
 30
0.0
 10
32.5834
 20
21.0615
 30
0.0
  0
SPLINE
  5
74
330
1F
100
AcDbEntity
  8
Layer 1
370
     5
100
AcDbSpline
210
0.0
220
0.0
230
1.0
 70
    11
 71
     3
 72
    20
 73
    16
 74
     0
 42
0.000000001
 43
0.0000000001
 40
0.0
 40
0.0
 40
0.0
 40
0.0
 40
0.2
 40
0.2
 40
0.2
 40
0.2
 40
0.4
 40
0.4
 40
0.4
 40
0.4
 40
0.6
 40
0.6
 40
0.6
 40
0.6
 40
1.0
 40
1.0
 40
1.0
 40
1.0
 10
30.1315
 20
21.1579
 30
0.0
 10
30.1381
 20
20.9835
 30
0.0
 10
30.0417
 20
20.8781
 30
0.0
 10
29.8815
 20
20.8247
 30
0.0
 10
29.8815
 20
20.8247
 30
0.0
 10
29.7578
 20
20.8195
 30
0.0
 10
29.6914
 20
20.8975
 30
0.0
 10
29.6857
 20
21.0031
 30
0.0
 10
29.6857
 20
21.0031
 30
0.0
 10
29.6751
 20
21.1795
 30
0.0
 10
29.7936
 20
21.2836
 30
0.0
 10
29.9459
 20
21.3273
 30
0.0
 10
29.9459
 20
21.3273
 30
0.0
 10
30.0684
 20
21.3624
 30
0.0
 10
30.127
 20
21.2686
 30
0.0
 10
30.1315
 20
21.1579
 30
0.0
  0
SPLINE
  5
75
330
1F
100
AcDbEntity
  8
Layer 1
370
     5
100
AcDbSpline
210
0.0
220
0.0
230
1.0
 70
    11
 71
     3
 72
    20
 73
    16
 74
     0
 42
0.000000001
 43
0.0000000001
 40
0.0
 40
0.0
 40
0.0
 40
0.0
 40
0.2
 40
0.2
 40
0.2
 40
0.2
 40
0.4
 40
0.4
 40
0.4
 40
0.4
 40
0.6
 40
0.6
 40
0.6
 40
0.6
 40
1.0
 40
1.0
 40
1.0
 40
1.0
 10
29.5638
 20
23.3246
 30
0.0
 10
30.6355
 20
24.2114
 30
0.0
 10
32.8828
 20
23.8279
 30
0.0
 10
33.4611
 20
22.5844
 30
0.0
 10
33.4611
 20
22.5844
 30
0.0
 10
32.8574
 20
22.7283
 30
0.0
 10
32.3444
 20
22.8071
 30
0.0
 10
31.9218
 20
22.3708
 30
0.0
 10
31.9218
 20
22.3708
 30
0.0
 10
31.6661
 20
22.1065
 30
0.0
 10
31.5267
 20
22.3201
 30
0.0
 10
31.364
 20
22.4997
 30
0.0
 10
31.364
 20
22.4997
 30
0.0
 10
30.8894
 20
23.0239
 30
0.0
 10
30.2949
 20
23.3052
 30
0.0
 10
29.5638
 20
23.3246
 30
0.0
  0
SPLINE
  5
76
330
1F
100
AcDbEntity
  8
Layer 1
370
     5
100
AcDbSpline
210
0.0
220
0.0
230
1.0
 70
    11
 71
     3
 72
    20
 73
    16
 74
     0
 42
0.000000001
 43
0.0000000001
 40
0.0
 40
0.0
 40
0.0
 40
0.0
 40
0.2
 40
0.2
 40
0.2
 40
0.2
 40
0.4
 40
0.4
 40
0.4
 40
0.4
 40
0.6
 40
0.6
 40
0.6
 40
0.6
 40
1.0
 40
1.0
 40
1.0
 40
1.0
 10
24.6021
 20
12.9078
 30
0.0
 10
26.4908
 20
13.1234
 30
0.0
 10
28.0443
 20
13.9417
 30
0.0
 10
29.6107
 20
14.7289
 30
0.0
 10
29.6107
 20
14.7289
 30
0.0
 10
29.9968
 20
14.9229
 30
0.0
 10
30.3802
 20
14.8297
 30
0.0
 10
30.7481
 20
14.6742
 30
0.0
 10
30.7481
 20
14.6742
 30
0.0
 10
31.3712
 20
14.4111
 30
0.0
 10
31.9878
 20
14.1319
 30
0.0
 10
32.6609
 20
13.8357
 30
0.0
 10
32.6609
 20
13.8357
 30
0.0
 10
30.8145
 20
11.665
 30
0.0
 10
27.2376
 20
11.2419
 30
0.0
 10
24.6021
 20
12.9078
 30
0.0
  0
SPLINE
  5
77
330
1F
100
AcDbEntity
  8
Layer 1
370
     5
100
AcDbSpline
210
0.0
220
0.0
230
1.0
 70
    11
 71
     3
 72
    12
 73
     8
 74
     0
 42
0.000000001
 43
0.0000000001
 40
0.0
 40
0.0
 40
0.0
 40
0.0
 40
0.3333333333333333
 40
0.3333333333333333
 40
0.3333333333333333
 40
0.3333333333333333
 40
1.0
 40
1.0
 40
1.0
 40
1.0
 10
16.6796
 20
-50.3645
 30
0.0
 10
16.4633
 20
-47.7205
 30
0.0
 10
17.8742
 20
-44.6664
 30
0.0
 10
20.1691
 20
-42.8193
 30
0.0
 10
20.1691
 20
-42.8193
 30
0.0
 10
18.9862
 20
-45.3773
 30
0.0
 10
17.8533
 20
-47.8266
 30
0.0
 10
16.6796
 20
-50.3645
 30
0.0
  0
SPLINE
  5
78
330
1F
100
AcDbEntity
  8
Layer 1
370
     5
100
AcDbSpline
210
0.0
220
0.0
230
1.0
 70
    11
 71
     3
 72
    84
 73
    80
 74
     0
 42
0.000000001
 43
0.0000000001
 40
0.0
 40
0.0
 40
0.0
 40
0.0
 40
0.0476190476190476
 40
0.0476190476190476
 40
0.0476190476190476
 40
0.0476190476190476
 40
0.0952380952380952
 40
0.0952380952380952
 40
0.0952380952380952
 40
0.0952380952380952
 40
0.1428571428571428
 40
0.1428571428571428
 40
0.1428571428571428
 40
0.1428571428571428
 40
0.1904761904761905
 40
0.1904761904761905
 40
0.1904761904761905
 40
0.1904761904761905
 40
0.2380952380952381
 40
0.2380952380952381
 40
0.2380952380952381
 40
0.2380952380952381
 40
0.2857142857142857
 40
0.2857142857142857
 40
0.2857142857142857
 40
0.2857142857142857
 40
0.3333333333333333
 40
0.3333333333333333
 40
0.3333333333333333
 40
0.3333333333333333
 40
0.3809523809523809
 40
0.3809523809523809
 40
0.3809523809523809
 40
0.3809523809523809
 40
0.4285714285714285
 40
0.4285714285714285
 40
0.4285714285714285
 40
0.4285714285714285
 40
0.4761904761904762
 40
0.4761904761904762
 40
0.4761904761904762
 40
0.4761904761904762
 40
0.5238095238095238
 40
0.5238095238095238
 40
0.5238095238095238
 40
0.5238095238095238
 40
0.5714285714285714
 40
0.5714285714285714
 40
0.5714285714285714
 40
0.5714285714285714
 40
0.6190476190476191
 40
0.6190476190476191
 40
0.6190476190476191
 40
0.6190476190476191
 40
0.6666666666666666
 40
0.6666666666666666
 40
0.6666666666666666
 40
0.6666666666666666
 40
0.7142857142857143
 40
0.7142857142857143
 40
0.7142857142857143
 40
0.7142857142857143
 40
0.7619047619047619
 40
0.7619047619047619
 40
0.7619047619047619
 40
0.7619047619047619
 40
0.8095238095238095
 40
0.8095238095238095
 40
0.8095238095238095
 40
0.8095238095238095
 40
0.8571428571428571
 40
0.8571428571428571
 40
0.8571428571428571
 40
0.8571428571428571
 40
0.9047619047619048
 40
0.9047619047619048
 40
0.9047619047619048
 40
0.9047619047619048
 40
1.0
 40
1.0
 40
1.0
 40
1.0
 10
26.6659
 20
-56.2447
 30
0.0
 10
28.4147
 20
-56.9485
 30
0.0
 10
29.3516
 20
-58.6842
 30
0.0
 10
29.0716
 20
-60.6328
 30
0.0
 10
29.0716
 20
-60.6328
 30
0.0
 10
29.015
 20
-61.0266
 30
0.0
 10
28.8093
 20
-60.9908
 30
0.0
 10
28.5404
 20
-61.0071
 30
0.0
 10
28.5404
 20
-61.0071
 30
0.0
 10
28.1504
 20
-61.0311
 30
0.0
 10
28.1225
 20
-60.8189
 30
0.0
 10
28.1524
 20
-60.5175
 30
0.0
 10
28.1524
 20
-60.5175
 30
0.0
 10
28.2884
 20
-59.1379
 30
0.0
 10
27.3053
 20
-58.035
 30
0.0
 10
26.002
 20
-57.7583
 30
0.0
 10
26.002
 20
-57.7583
 30
0.0
 10
25.8014
 20
-57.716
 30
0.0
 10
25.5911
 20
-57.7218
 30
0.0
 10
25.1777
 20
-57.6887
 30
0.0
 10
25.1777
 20
-57.6887
 30
0.0
 10
26.082
 20
-58.4634
 30
0.0
 10
26.5305
 20
-59.2109
 30
0.0
 10
26.4088
 20
-60.2246
 30
0.0
 10
26.4088
 20
-60.2246
 30
0.0
 10
26.3411
 20
-60.7871
 30
0.0
 10
26.1256
 20
-61.0273
 30
0.0
 10
25.5117
 20
-61.0142
 30
0.0
 10
25.5117
 20
-61.0142
 30
0.0
 10
22.7096
 20
-60.9563
 30
0.0
 10
20.3509
 20
-58.7525
 30
0.0
 10
19.9407
 20
-55.809
 30
0.0
 10
19.9407
 20
-55.809
 30
0.0
 10
19.8287
 20
-55.0032
 30
0.0
 10
19.7727
 20
-54.1998
 30
0.0
 10
19.7564
 20
-53.3911
 30
0.0
 10
19.7564
 20
-53.3911
 30
0.0
 10
19.7395
 20
-52.5825
 30
0.0
 10
19.7929
 20
-51.7752
 30
0.0
 10
19.9517
 20
-50.8169
 30
0.0
 10
19.9517
 20
-50.8169
 30
0.0
 10
19.1281
 20
-52.0728
 30
0.0
 10
18.6652
 20
-53.3169
 30
0.0
 10
18.2004
 20
-54.5747
 30
0.0
 10
18.2004
 20
-54.5747
 30
0.0
 10
17.9517
 20
-51.1789
 30
0.0
 10
18.8612
 20
-48.046
 30
0.0
 10
20.3762
 20
-44.8592
 30
0.0
 10
20.3762
 20
-44.8592
 30
0.0
 10
20.5377
 20
-45.9952
 30
0.0
 10
20.1315
 20
-46.9333
 30
0.0
 10
20.3189
 20
-47.9268
 30
0.0
 10
20.3189
 20
-47.9268
 30
0.0
 10
21.304
 20
-44.5778
 30
0.0
 10
21.761
 20
-41.102
 30
0.0
 10
23.4498
 20
-38.0198
 30
0.0
 10
23.4498
 20
-38.0198
 30
0.0
 10
23.8476
 20
-37.2946
 30
0.0
 10
24.2759
 20
-36.5862
 30
0.0
 10
24.8195
 20
-35.9144
 30
0.0
 10
24.8195
 20
-35.9144
 30
0.0
 10
24.5918
 20
-37.5798
 30
0.0
 10
24.4336
 20
-39.2581
 30
0.0
 10
24.1204
 20
-40.9065
 30
0.0
 10
24.1204
 20
-40.9065
 30
0.0
 10
23.4472
 20
-44.4593
 30
0.0
 10
23.1191
 20
-48.0343
 30
0.0
 10
23.261
 20
-51.6443
 30
0.0
 10
23.261
 20
-51.6443
 30
0.0
 10
23.3092
 20
-52.8676
 30
0.0
 10
23.5234
 20
-54.0832
 30
0.0
 10
23.6458
 20
-55.3046
 30
0.0
 10
23.6458
 20
-55.3046
 30
0.0
 10
23.6861
 20
-55.7101
 30
0.0
 10
23.8384
 20
-55.8475
 30
0.0
 10
24.2786
 20
-55.8795
 30
0.0
 10
24.2786
 20
-55.8795
 30
0.0
 10
25.0788
 20
-55.9374
 30
0.0
 10
25.8984
 20
-55.9354
 30
0.0
 10
26.6659
 20
-56.2447
 30
0.0
  0
SPLINE
  5
79
330
1F
100
AcDbEntity
  8
Layer 1
370
     5
100
AcDbSpline
210
0.0
220
0.0
230
1.0
 70
    11
 71
     3
 72
    68
 73
    64
 74
     0
 42
0.000000001
 43
0.0000000001
 40
0.0
 40
0.0
 40
0.0
 40
0.0
 40
0.0588235294117647
 40
0.0588235294117647
 40
0.0588235294117647
 40
0.0588235294117647
 40
0.1176470588235294
 40
0.1176470588235294
 40
0.1176470588235294
 40
0.1176470588235294
 40
0.1764705882352941
 40
0.1764705882352941
 40
0.1764705882352941
 40
0.1764705882352941
 40
0.2352941176470588
 40
0.2352941176470588
 40
0.2352941176470588
 40
0.2352941176470588
 40
0.2941176470588235
 40
0.2941176470588235
 40
0.2941176470588235
 40
0.2941176470588235
 40
0.3529411764705883
 40
0.3529411764705883
 40
0.3529411764705883
 40
0.3529411764705883
 40
0.4117647058823529
 40
0.4117647058823529
 40
0.4117647058823529
 40
0.4117647058823529
 40
0.4705882352941176
 40
0.4705882352941176
 40
0.4705882352941176
 40
0.4705882352941176
 40
0.5294117647058824
 40
0.5294117647058824
 40
0.5294117647058824
 40
0.5294117647058824
 40
0.5882352941176471
 40
0.5882352941176471
 40
0.5882352941176471
 40
0.5882352941176471
 40
0.6470588235294118
 40
0.6470588235294118
 40
0.6470588235294118
 40
0.6470588235294118
 40
0.7058823529411765
 40
0.7058823529411765
 40
0.7058823529411765
 40
0.7058823529411765
 40
0.7647058823529411
 40
0.7647058823529411
 40
0.7647058823529411
 40
0.7647058823529411
 40
0.8235294117647058
 40
0.8235294117647058
 40
0.8235294117647058
 40
0.8235294117647058
 40
0.8823529411764706
 40
0.8823529411764706
 40
0.8823529411764706
 40
0.8823529411764706
 40
1.0
 40
1.0
 40
1.0
 40
1.0
 10
-5.8031
 20
-60.8372
 30
0.0
 10
-5.7569
 20
-61.5495
 30
0.0
 10
-6.0948
 20
-61.7343
 30
0.0
 10
-6.751
 20
-61.6542
 30
0.0
 10
-6.751
 20
-61.6542
 30
0.0
 10
-7.0851
 20
-61.6139
 30
0.0
 10
-7.1677
 20
-61.5123
 30
0.0
 10
-7.2004
 20
-61.1875
 30
0.0
 10
-7.2004
 20
-61.1875
 30
0.0
 10
-7.3761
 20
-59.427
 30
0.0
 10
-8.3135
 20
-58.2467
 30
0.0
 10
-10.1007
 20
-57.5592
 30
0.0
 10
-10.1007
 20
-57.5592
 30
0.0
 10
-9.9386
 20
-57.9739
 30
0.0
 10
-9.5624
 20
-58.1647
 30
0.0
 10
-9.5316
 20
-58.6243
 30
0.0
 10
-9.5316
 20
-58.6243
 30
0.0
 10
-10.9783
 20
-57.7486
 30
0.0
 10
-12.4784
 20
-57.2433
 30
0.0
 10
-14.3509
 20
-57.4238
 30
0.0
 10
-14.3509
 20
-57.4238
 30
0.0
 10
-13.1047
 20
-57.7883
 30
0.0
 10
-12.1723
 20
-58.3208
 30
0.0
 10
-11.4393
 20
-59.1803
 30
0.0
 10
-11.4393
 20
-59.1803
 30
0.0
 10
-10.9504
 20
-59.7532
 30
0.0
 10
-10.6248
 20
-60.3918
 30
0.0
 10
-10.507
 20
-61.1307
 30
0.0
 10
-10.507
 20
-61.1307
 30
0.0
 10
-10.4771
 20
-61.3157
 30
0.0
 10
-10.3741
 20
-61.5436
 30
0.0
 10
-10.6294
 20
-61.6894
 30
0.0
 10
-10.6294
 20
-61.6894
 30
0.0
 10
-10.9438
 20
-61.8698
 30
0.0
 10
-12.4953
 20
-61.7825
 30
0.0
 10
-12.7485
 20
-61.5103
 30
0.0
 10
-12.7485
 20
-61.5103
 30
0.0
 10
-13.7609
 20
-60.4211
 30
0.0
 10
-15.0585
 20
-60.1751
 30
0.0
 10
-16.4595
 20
-60.1816
 30
0.0
 10
-16.4595
 20
-60.1816
 30
0.0
 10
-19.0214
 20
-60.1933
 30
0.0
 10
-21.5839
 20
-60.1978
 30
0.0
 10
-24.1464
 20
-60.1946
 30
0.0
 10
-24.1464
 20
-60.1946
 30
0.0
 10
-24.4147
 20
-60.194
 30
0.0
 10
-24.7141
 20
-60.2954
 30
0.0
 10
-24.9759
 20
-60.0546
 30
0.0
 10
-24.9759
 20
-60.0546
 30
0.0
 10
-22.6145
 20
-58.5285
 30
0.0
 10
-20.6575
 20
-56.5006
 30
0.0
 10
-18.2714
 20
-55.039
 30
0.0
 10
-18.2714
 20
-55.039
 30
0.0
 10
-16.2824
 20
-53.8201
 30
0.0
 10
-14.1653
 20
-53.173
 30
0.0
 10
-11.8065
 20
-53.2889
 30
0.0
 10
-11.8065
 20
-53.2889
 30
0.0
 10
-8.3162
 20
-53.4601
 30
0.0
 10
-5.8449
 20
-56.1028
 30
0.0
 10
-5.783
 20
-59.8189
 30
0.0
 10
-5.783
 20
-59.8189
 30
0.0
 10
-5.7771
 20
-60.1582
 30
0.0
 10
-5.826
 20
-60.4999
 30
0.0
 10
-5.8031
 20
-60.8372
 30
0.0
  0
SPLINE
  5
7A
330
1F
100
AcDbEntity
  8
Layer 1
370
     5
100
AcDbSpline
210
0.0
220
0.0
230
1.0
 70
    11
 71
     3
 72
    96
 73
    92
 74
     0
 42
0.000000001
 43
0.0000000001
 40
0.0
 40
0.0
 40
0.0
 40
0.0
 40
0.0416666666666667
 40
0.0416666666666667
 40
0.0416666666666667
 40
0.0416666666666667
 40
0.0833333333333333
 40
0.0833333333333333
 40
0.0833333333333333
 40
0.0833333333333333
 40
0.125
 40
0.125
 40
0.125
 40
0.125
 40
0.1666666666666667
 40
0.1666666666666667
 40
0.1666666666666667
 40
0.1666666666666667
 40
0.2083333333333333
 40
0.2083333333333333
 40
0.2083333333333333
 40
0.2083333333333333
 40
0.25
 40
0.25
 40
0.25
 40
0.25
 40
0.2916666666666667
 40
0.2916666666666667
 40
0.2916666666666667
 40
0.2916666666666667
 40
0.3333333333333333
 40
0.3333333333333333
 40
0.3333333333333333
 40
0.3333333333333333
 40
0.375
 40
0.375
 40
0.375
 40
0.375
 40
0.4166666666666667
 40
0.4166666666666667
 40
0.4166666666666667
 40
0.4166666666666667
 40
0.4583333333333333
 40
0.4583333333333333
 40
0.4583333333333333
 40
0.4583333333333333
 40
0.5
 40
0.5
 40
0.5
 40
0.5
 40
0.5416666666666666
 40
0.5416666666666666
 40
0.5416666666666666
 40
0.5416666666666666
 40
0.5833333333333334
 40
0.5833333333333334
 40
0.5833333333333334
 40
0.5833333333333334
 40
0.625
 40
0.625
 40
0.625
 40
0.625
 40
0.6666666666666666
 40
0.6666666666666666
 40
0.6666666666666666
 40
0.6666666666666666
 40
0.7083333333333334
 40
0.7083333333333334
 40
0.7083333333333334
 40
0.7083333333333334
 40
0.75
 40
0.75
 40
0.75
 40
0.75
 40
0.7916666666666666
 40
0.7916666666666666
 40
0.7916666666666666
 40
0.7916666666666666
 40
0.8333333333333334
 40
0.8333333333333334
 40
0.8333333333333334
 40
0.8333333333333334
 40
0.875
 40
0.875
 40
0.875
 40
0.875
 40
0.9166666666666666
 40
0.9166666666666666
 40
0.9166666666666666
 40
0.9166666666666666
 40
1.0
 40
1.0
 40
1.0
 40
1.0
 10
-27.931
 20
-56.3111
 30
0.0
 10
-30.1791
 20
-57.1906
 30
0.0
 10
-32.504
 20
-57.4783
 30
0.0
 10
-34.8991
 20
-57.0741
 30
0.0
 10
-34.8991
 20
-57.0741
 30
0.0
 10
-37.3984
 20
-56.6522
 30
0.0
 10
-39.279
 20
-54.4231
 30
0.0
 10
-39.5225
 20
-51.5578
 30
0.0
 10
-39.5225
 20
-51.5578
 30
0.0
 10
-39.6574
 20
-49.9705
 30
0.0
 10
-39.422
 20
-48.4386
 30
0.0
 10
-38.6752
 20
-46.7901
 30
0.0
 10
-38.6752
 20
-46.7901
 30
0.0
 10
-38.3721
 20
-49.8982
 30
0.0
 10
-37.0728
 20
-52.1268
 30
0.0
 10
-34.2307
 20
-53.2348
 30
0.0
 10
-34.2307
 20
-53.2348
 30
0.0
 10
-32.6259
 20
-53.8606
 30
0.0
 10
-30.9637
 20
-53.8371
 30
0.0
 10
-29.3061
 20
-53.4693
 30
0.0
 10
-29.3061
 20
-53.4693
 30
0.0
 10
-25.6308
 20
-52.6535
 30
0.0
 10
-22.6731
 20
-50.8611
 30
0.0
 10
-20.9928
 20
-47.3298
 30
0.0
 10
-20.9928
 20
-47.3298
 30
0.0
 10
-19.9335
 20
-45.1033
 30
0.0
 10
-20.2239
 20
-42.4848
 30
0.0
 10
-21.7226
 20
-41.0563
 30
0.0
 10
-21.7226
 20
-41.0563
 30
0.0
 10
-22.6803
 20
-40.1442
 30
0.0
 10
-24.5039
 20
-39.9567
 30
0.0
 10
-25.7539
 20
-40.6429
 30
0.0
 10
-25.7539
 20
-40.6429
 30
0.0
 10
-26.9083
 20
-41.2764
 30
0.0
 10
-27.4375
 20
-42.555
 30
0.0
 10
-27.1315
 20
-43.9711
 30
0.0
 10
-27.1315
 20
-43.9711
 30
0.0
 10
-26.5521
 20
-43.1723
 30
0.0
 10
-25.7812
 20
-42.8819
 30
0.0
 10
-24.9258
 20
-43.141
 30
0.0
 10
-24.9258
 20
-43.141
 30
0.0
 10
-24.1198
 20
-43.3859
 30
0.0
 10
-23.5508
 20
-44.169
 30
0.0
 10
-23.5123
 20
-45.1117
 30
0.0
 10
-23.5123
 20
-45.1117
 30
0.0
 10
-23.4649
 20
-46.2823
 30
0.0
 10
-23.9245
 20
-47.2257
 30
0.0
 10
-24.9304
 20
-47.8116
 30
0.0
 10
-24.9304
 20
-47.8116
 30
0.0
 10
-26.2233
 20
-48.5655
 30
0.0
 10
-27.5418
 20
-48.4406
 30
0.0
 10
-28.7799
 20
-47.6488
 30
0.0
 10
-28.7799
 20
-47.6488
 30
0.0
 10
-30.1732
 20
-46.7569
 30
0.0
 10
-30.9148
 20
-44.6722
 30
0.0
 10
-30.5255
 20
-42.8493
 30
0.0
 10
-30.5255
 20
-42.8493
 30
0.0
 10
-30.4818
 20
-42.6449
 30
0.0
 10
-30.4057
 20
-42.4503
 30
0.0
 10
-30.478
 20
-42.1182
 30
0.0
 10
-30.478
 20
-42.1182
 30
0.0
 10
-31.3132
 20
-43.2464
 30
0.0
 10
-31.603
 20
-44.4151
 30
0.0
 10
-31.558
 20
-45.729
 30
0.0
 10
-31.558
 20
-45.729
 30
0.0
 10
-31.5118
 20
-47.0759
 30
0.0
 10
-30.9043
 20
-48.1521
 30
0.0
 10
-30.1557
 20
-49.2075
 30
0.0
 10
-30.1557
 20
-49.2075
 30
0.0
 10
-31.5105
 20
-48.5004
 30
0.0
 10
-32.36
 20
-47.3702
 30
0.0
 10
-32.7801
 20
-45.9392
 30
0.0
 10
-32.7801
 20
-45.9392
 30
0.0
 10
-33.7732
 20
-42.5596
 30
0.0
 10
-32.6716
 20
-39.74
 30
0.0
 10
-30.2174
 20
-37.4293
 30
0.0
 10
-30.2174
 20
-37.4293
 30
0.0
 10
-27.7207
 20
-35.079
 30
0.0
 10
-24.7188
 20
-34.0009
 30
0.0
 10
-21.252
 20
-34.3369
 30
0.0
 10
-21.252
 20
-34.3369
 30
0.0
 10
-18.6589
 20
-34.5882
 30
0.0
 10
-16.5507
 20
-36.6904
 30
0.0
 10
-16.1399
 20
-39.4039
 30
0.0
 10
-16.1399
 20
-39.4039
 30
0.0
 10
-15.7199
 20
-42.1755
 30
0.0
 10
-16.4901
 20
-44.7022
 30
0.0
 10
-17.776
 20
-47.0714
 30
0.0
 10
-17.776
 20
-47.0714
 30
0.0
 10
-20.0786
 20
-51.3129
 30
0.0
 10
-23.3724
 20
-54.5278
 30
0.0
 10
-27.931
 20
-56.3111
 30
0.0
  0
SPLINE
  5
7B
330
1F
100
AcDbEntity
  8
Layer 1
370
     5
100
AcDbSpline
210
0.0
220
0.0
230
1.0
 70
    11
 71
     3
 72
    32
 73
    28
 74
     0
 42
0.000000001
 43
0.0000000001
 40
0.0
 40
0.0
 40
0.0
 40
0.0
 40
0.125
 40
0.125
 40
0.125
 40
0.125
 40
0.25
 40
0.25
 40
0.25
 40
0.25
 40
0.375
 40
0.375
 40
0.375
 40
0.375
 40
0.5
 40
0.5
 40
0.5
 40
0.5
 40
0.625
 40
0.625
 40
0.625
 40
0.625
 40
0.75
 40
0.75
 40
0.75
 40
0.75
 40
1.0
 40
1.0
 40
1.0
 40
1.0
 10
-24.3411
 20
-20.8159
 30
0.0
 10
-23.4023
 20
-19.5574
 30
0.0
 10
-22.3931
 20
-18.3685
 30
0.0
 10
-21.3104
 20
-17.2116
 30
0.0
 10
-21.3104
 20
-17.2116
 30
0.0
 10
-21.1101
 20
-17.4545
 30
0.0
 10
-21.3242
 20
-17.5742
 30
0.0
 10
-21.3944
 20
-17.6992
 30
0.0
 10
-21.3944
 20
-17.6992
 30
0.0
 10
-22.6549
 20
-19.9369
 30
0.0
 10
-23.4251
 20
-22.3894
 30
0.0
 10
-24.4733
 20
-24.7202
 30
0.0
 10
-24.4733
 20
-24.7202
 30
0.0
 10
-25.9414
 20
-27.9826
 30
0.0
 10
-28.1583
 20
-30.5816
 30
0.0
 10
-31.2039
 20
-32.4663
 30
0.0
 10
-31.2039
 20
-32.4663
 30
0.0
 10
-31.3361
 20
-32.5485
 30
0.0
 10
-31.4733
 20
-32.6246
 30
0.0
 10
-31.6139
 20
-32.6909
 30
0.0
 10
-31.6139
 20
-32.6909
 30
0.0
 10
-31.6504
 20
-32.708
 30
0.0
 10
-31.7085
 20
-32.678
 30
0.0
 10
-31.8022
 20
-32.6616
 30
0.0
 10
-31.8022
 20
-32.6616
 30
0.0
 10
-28.7598
 20
-29.047
 30
0.0
 10
-27.1387
 20
-24.5652
 30
0.0
 10
-24.3411
 20
-20.8159
 30
0.0
  0
SPLINE
  5
7C
330
1F
100
AcDbEntity
  8
Layer 1
370
     5
100
AcDbSpline
210
0.0
220
0.0
230
1.0
 70
    11
 71
     3
 72
    28
 73
    24
 74
     0
 42
0.000000001
 43
0.0000000001
 40
0.0
 40
0.0
 40
0.0
 40
0.0
 40
0.1428571428571428
 40
0.1428571428571428
 40
0.1428571428571428
 40
0.1428571428571428
 40
0.2857142857142857
 40
0.2857142857142857
 40
0.2857142857142857
 40
0.2857142857142857
 40
0.4285714285714285
 40
0.4285714285714285
 40
0.4285714285714285
 40
0.4285714285714285
 40
0.5714285714285714
 40
0.5714285714285714
 40
0.5714285714285714
 40
0.5714285714285714
 40
0.7142857142857143
 40
0.7142857142857143
 40
0.7142857142857143
 40
0.7142857142857143
 40
1.0
 40
1.0
 40
1.0
 40
1.0
 10
-12.4816
 20
-8.317
 30
0.0
 10
-12.3417
 20
-8.1828
 30
0.0
 10
-12.2434
 20
-7.9733
 30
0.0
 10
-11.9229
 20
-7.9694
 30
0.0
 10
-11.9229
 20
-7.9694
 30
0.0
 10
-14.5572
 20
-11.8028
 30
0.0
 10
-15.5467
 20
-16.2858
 30
0.0
 10
-17.257
 20
-20.4662
 30
0.0
 10
-17.257
 20
-20.4662
 30
0.0
 10
-18.5273
 20
-23.5697
 30
0.0
 10
-20.3255
 20
-26.2788
 30
0.0
 10
-23.0761
 20
-28.2795
 30
0.0
 10
-23.0761
 20
-28.2795
 30
0.0
 10
-23.1797
 20
-28.3543
 30
0.0
 10
-23.289
 20
-28.4214
 30
0.0
 10
-23.5039
 20
-28.564
 30
0.0
 10
-23.5039
 20
-28.564
 30
0.0
 10
-20.8769
 20
-24.2027
 30
0.0
 10
-19.813
 20
-19.2853
 30
0.0
 10
-17.4289
 20
-14.9486
 30
0.0
 10
-17.4289
 20
-14.9486
 30
0.0
 10
-16.0851
 20
-12.5039
 30
0.0
 10
-14.5037
 20
-10.2488
 30
0.0
 10
-12.4816
 20
-8.317
 30
0.0
  0
SPLINE
  5
7D
330
1F
100
AcDbEntity
  8
Layer 1
370
     5
100
AcDbSpline
210
0.0
220
0.0
230
1.0
 70
    11
 71
     3
 72
    20
 73
    16
 74
     0
 42
0.000000001
 43
0.0000000001
 40
0.0
 40
0.0
 40
0.0
 40
0.0
 40
0.2
 40
0.2
 40
0.2
 40
0.2
 40
0.4
 40
0.4
 40
0.4
 40
0.4
 40
0.6
 40
0.6
 40
0.6
 40
0.6
 40
1.0
 40
1.0
 40
1.0
 40
1.0
 10
-11.2739
 20
-11.864
 30
0.0
 10
-11.8781
 20
-17.6133
 30
0.0
 10
-10.4419
 20
-22.9884
 30
0.0
 10
-9.9231
 20
-28.4552
 30
0.0
 10
-9.9231
 20
-28.4552
 30
0.0
 10
-11.2511
 20
-25.7717
 30
0.0
 10
-12.3507
 20
-23.0132
 30
0.0
 10
-12.8299
 20
-20.0118
 30
0.0
 10
-12.8299
 20
-20.0118
 30
0.0
 10
-13.3996
 20
-23.3088
 30
0.0
 10
-13.785
 20
-26.6505
 30
0.0
 10
-15.3032
 20
-29.7111
 30
0.0
 10
-15.3032
 20
-29.7111
 30
0.0
 10
-16.104
 20
-23.9546
 30
0.0
 10
-14.5129
 20
-16.7572
 30
0.0
 10
-11.2739
 20
-11.864
 30
0.0
  0
SPLINE
  5
7E
330
1F
100
AcDbEntity
  8
Layer 1
370
     5
100
AcDbSpline
210
0.0
220
0.0
230
1.0
 70
    11
 71
     3
 72
    44
 73
    40
 74
     0
 42
0.000000001
 43
0.0000000001
 40
0.0
 40
0.0
 40
0.0
 40
0.0
 40
0.0909090909090909
 40
0.0909090909090909
 40
0.0909090909090909
 40
0.0909090909090909
 40
0.1818181818181818
 40
0.1818181818181818
 40
0.1818181818181818
 40
0.1818181818181818
 40
0.2727272727272727
 40
0.2727272727272727
 40
0.2727272727272727
 40
0.2727272727272727
 40
0.3636363636363636
 40
0.3636363636363636
 40
0.3636363636363636
 40
0.3636363636363636
 40
0.4545454545454545
 40
0.4545454545454545
 40
0.4545454545454545
 40
0.4545454545454545
 40
0.5454545454545454
 40
0.5454545454545454
 40
0.5454545454545454
 40
0.5454545454545454
 40
0.6363636363636364
 40
0.6363636363636364
 40
0.6363636363636364
 40
0.6363636363636364
 40
0.7272727272727273
 40
0.7272727272727273
 40
0.7272727272727273
 40
0.7272727272727273
 40
0.8181818181818182
 40
0.8181818181818182
 40
0.8181818181818182
 40
0.8181818181818182
 40
1.0
 40
1.0
 40
1.0
 40
1.0
 10
-6.977
 20
-42.4893
 30
0.0
 10
-6.2459
 20
-44.7569
 30
0.0
 10
-6.0642
 20
-47.0342
 30
0.0
 10
-7.0662
 20
-49.2836
 30
0.0
 10
-7.0662
 20
-49.2836
 30
0.0
 10
-7.38
 20
-49.9874
 30
0.0
 10
-7.8729
 20
-50.5539
 30
0.0
 10
-8.5336
 20
-51.009
 30
0.0
 10
-8.5336
 20
-51.009
 30
0.0
 10
-7.8064
 20
-49.5369
 30
0.0
 10
-7.7869
 20
-47.9548
 30
0.0
 10
-7.7231
 20
-46.3676
 30
0.0
 10
-7.7231
 20
-46.3676
 30
0.0
 10
-8.2784
 20
-47.9151
 30
0.0
 10
-9.3234
 20
-49.0194
 30
0.0
 10
-10.8345
 20
-49.9836
 30
0.0
 10
-10.8345
 20
-49.9836
 30
0.0
 10
-10.3728
 20
-48.5636
 30
0.0
 10
-10.462
 20
-47.2901
 30
0.0
 10
-10.729
 20
-45.7777
 30
0.0
 10
-10.729
 20
-45.7777
 30
0.0
 10
-11.1547
 20
-47.3859
 30
0.0
 10
-12.0135
 20
-48.4014
 30
0.0
 10
-13.2439
 20
-49.1339
 30
0.0
 10
-13.2439
 20
-49.1339
 30
0.0
 10
-11.908
 20
-47.2341
 30
0.0
 10
-10.9067
 20
-45.2172
 30
0.0
 10
-10.9283
 20
-42.6215
 30
0.0
 10
-10.9283
 20
-42.6215
 30
0.0
 10
-9.9607
 20
-43.9378
 30
0.0
 10
-9.5656
 20
-45.2321
 30
0.0
 10
-9.4295
 20
-46.6391
 30
0.0
 10
-9.4295
 20
-46.6391
 30
0.0
 10
-8.1769
 20
-43.8142
 30
0.0
 10
-8.3351
 20
-41.0635
 30
0.0
 10
-9.8339
 20
-38.3656
 30
0.0
 10
-9.8339
 20
-38.3656
 30
0.0
 10
-8.7237
 20
-39.0863
 30
0.0
 10
-7.5349
 20
-40.7569
 30
0.0
 10
-6.977
 20
-42.4893
 30
0.0
  0
SPLINE
  5
7F
330
1F
100
AcDbEntity
  8
Layer 1
370
     5
100
AcDbSpline
210
0.0
220
0.0
230
1.0
 70
    11
 71
     3
 72
    12
 73
     8
 74
     0
 42
0.000000001
 43
0.0000000001
 40
0.0
 40
0.0
 40
0.0
 40
0.0
 40
0.3333333333333333
 40
0.3333333333333333
 40
0.3333333333333333
 40
0.3333333333333333
 40
1.0
 40
1.0
 40
1.0
 40
1.0
 10
-5.4334
 20
-9.1067
 30
0.0
 10
-4.6267
 20
-13.1634
 30
0.0
 10
-3.4743
 20
-17.1094
 30
0.0
 10
-3.546
 20
-21.1713
 30
0.0
 10
-3.546
 20
-21.1713
 30
0.0
 10
-5.436
 20
-18.8639
 30
0.0
 10
-6.6026
 20
-11.6568
 30
0.0
 10
-5.4334
 20
-9.1067
 30
0.0
  0
SPLINE
  5
80
330
1F
100
AcDbEntity
  8
Layer 1
370
     5
100
AcDbSpline
210
0.0
220
0.0
230
1.0
 70
    11
 71
     3
 72
    76
 73
    72
 74
     0
 42
0.000000001
 43
0.0000000001
 40
0.0
 40
0.0
 40
0.0
 40
0.0
 40
0.0526315789473684
 40
0.0526315789473684
 40
0.0526315789473684
 40
0.0526315789473684
 40
0.1052631578947368
 40
0.1052631578947368
 40
0.1052631578947368
 40
0.1052631578947368
 40
0.1578947368421053
 40
0.1578947368421053
 40
0.1578947368421053
 40
0.1578947368421053
 40
0.2105263157894737
 40
0.2105263157894737
 40
0.2105263157894737
 40
0.2105263157894737
 40
0.2631578947368421
 40
0.2631578947368421
 40
0.2631578947368421
 40
0.2631578947368421
 40
0.3157894736842105
 40
0.3157894736842105
 40
0.3157894736842105
 40
0.3157894736842105
 40
0.3684210526315789
 40
0.3684210526315789
 40
0.3684210526315789
 40
0.3684210526315789
 40
0.4210526315789473
 40
0.4210526315789473
 40
0.4210526315789473
 40
0.4210526315789473
 40
0.4736842105263158
 40
0.4736842105263158
 40
0.4736842105263158
 40
0.4736842105263158
 40
0.5263157894736842
 40
0.5263157894736842
 40
0.5263157894736842
 40
0.5263157894736842
 40
0.5789473684210527
 40
0.5789473684210527
 40
0.5789473684210527
 40
0.5789473684210527
 40
0.631578947368421
 40
0.631578947368421
 40
0.631578947368421
 40
0.631578947368421
 40
0.6842105263157895
 40
0.6842105263157895
 40
0.6842105263157895
 40
0.6842105263157895
 40
0.7368421052631579
 40
0.7368421052631579
 40
0.7368421052631579
 40
0.7368421052631579
 40
0.7894736842105263
 40
0.7894736842105263
 40
0.7894736842105263
 40
0.7894736842105263
 40
0.8421052631578947
 40
0.8421052631578947
 40
0.8421052631578947
 40
0.8421052631578947
 40
0.8947368421052632
 40
0.8947368421052632
 40
0.8947368421052632
 40
0.8947368421052632
 40
1.0
 40
1.0
 40
1.0
 40
1.0
 10
-1.1461
 20
45.4405
 30
0.0
 10
-2.5277
 20
45.8798
 30
0.0
 10
-3.9698
 20
45.527
 30
0.0
 10
-5.5023
 20
45.9091
 30
0.0
 10
-5.5023
 20
45.9091
 30
0.0
 10
-3.6338
 20
44.1118
 30
0.0
 10
-1.0882
 20
43.8868
 30
0.0
 10
0.8499
 20
42.5034
 30
0.0
 10
0.8499
 20
42.5034
 30
0.0
 10
-1.4411
 20
43.028
 30
0.0
 10
-3.4606
 20
41.5235
 30
0.0
 10
-5.697
 20
41.7272
 30
0.0
 10
-5.697
 20
41.7272
 30
0.0
 10
-3.7589
 20
40.4438
 30
0.0
 10
-1.5994
 20
39.9738
 30
0.0
 10
0.7068
 20
39.8819
 30
0.0
 10
0.7068
 20
39.8819
 30
0.0
 10
-3.3318
 20
37.6638
 30
0.0
 10
-7.8683
 20
39.1936
 30
0.0
 10
-9.0226
 20
44.2808
 30
0.0
 10
-9.0226
 20
44.2808
 30
0.0
 10
-8.0051
 20
43.5819
 30
0.0
 10
-6.822
 20
43.3755
 30
0.0
 10
-5.6573
 20
43.0094
 30
0.0
 10
-5.6573
 20
43.0094
 30
0.0
 10
-7.548
 20
44.5471
 30
0.0
 10
-7.6508
 20
46.6907
 30
0.0
 10
-7.6717
 20
48.8355
 30
0.0
 10
-7.6717
 20
48.8355
 30
0.0
 10
-7.6945
 20
51.1575
 30
0.0
 10
-7.7485
 20
53.4674
 30
0.0
 10
-8.5681
 20
55.7827
 30
0.0
 10
-8.5681
 20
55.7827
 30
0.0
 10
-6.7022
 20
55.1943
 30
0.0
 10
-4.9164
 20
54.6777
 30
0.0
 10
-3.0206
 20
53.8362
 30
0.0
 10
-3.0206
 20
53.8362
 30
0.0
 10
-4.4379
 20
56.4085
 30
0.0
 10
-6.1709
 20
58.4508
 30
0.0
 10
-8.3729
 20
60.1111
 30
0.0
 10
-8.3729
 20
60.1111
 30
0.0
 10
-2.2146
 20
58.2325
 30
0.0
 10
2.7777
 20
54.8295
 30
0.0
 10
6.0974
 20
49.2083
 30
0.0
 10
6.0974
 20
49.2083
 30
0.0
 10
4.7113
 20
50.5211
 30
0.0
 10
2.9938
 20
51.2014
 30
0.0
 10
1.2067
 20
51.7912
 30
0.0
 10
1.2067
 20
51.7912
 30
0.0
 10
3.9983
 20
49.6037
 30
0.0
 10
5.4978
 20
46.7879
 30
0.0
 10
5.4685
 20
43.2104
 30
0.0
 10
5.4685
 20
43.2104
 30
0.0
 10
4.7608
 20
45.3286
 30
0.0
 10
3.7895
 20
47.2898
 30
0.0
 10
2.0276
 20
48.7343
 30
0.0
 10
2.0276
 20
48.7343
 30
0.0
 10
0.247
 20
50.1949
 30
0.0
 10
-1.824
 20
50.6755
 30
0.0
 10
-4.2348
 20
50.4265
 30
0.0
 10
-4.2348
 20
50.4265
 30
0.0
 10
-0.9001
 20
49.6623
 30
0.0
 10
1.6293
 20
48.1126
 30
0.0
 10
2.8025
 20
44.8533
 30
0.0
 10
2.8025
 20
44.8533
 30
0.0
 10
0.7548
 20
47.0541
 30
0.0
 10
-1.7706
 20
48.2564
 30
0.0
 10
-4.7555
 20
48.5333
 30
0.0
 10
-4.7555
 20
48.5333
 30
0.0
 10
-3.4118
 20
47.6812
 30
0.0
 10
-2.1475
 20
46.7452
 30
0.0
 10
-1.1461
 20
45.4405
 30
0.0
  0
SPLINE
  5
81
330
1F
100
AcDbEntity
  8
Layer 1
370
     5
100
AcDbSpline
210
0.0
220
0.0
230
1.0
 70
    11
 71
     3
 72
    20
 73
    16
 74
     0
 42
0.000000001
 43
0.0000000001
 40
0.0
 40
0.0
 40
0.0
 40
0.0
 40
0.2
 40
0.2
 40
0.2
 40
0.2
 40
0.4
 40
0.4
 40
0.4
 40
0.4
 40
0.6
 40
0.6
 40
0.6
 40
0.6
 40
1.0
 40
1.0
 40
1.0
 40
1.0
 10
17.2518
 20
29.4179
 30
0.0
 10
17.2557
 20
29.9712
 30
0.0
 10
17.5643
 20
30.2935
 30
0.0
 10
18.104
 20
30.3553
 30
0.0
 10
18.104
 20
30.3553
 30
0.0
 10
18.647
 20
30.4172
 30
0.0
 10
19.1633
 20
29.9687
 30
0.0
 10
19.1887
 20
29.3664
 30
0.0
 10
19.1887
 20
29.3664
 30
0.0
 10
19.1723
 20
28.895
 30
0.0
 10
18.854
 20
28.5929
 30
0.0
 10
18.3254
 20
28.5258
 30
0.0
 10
18.3254
 20
28.5258
 30
0.0
 10
17.7674
 20
28.4549
 30
0.0
 10
17.2485
 20
28.8925
 30
0.0
 10
17.2518
 20
29.4179
 30
0.0
  0
SPLINE
  5
82
330
1F
100
AcDbEntity
  8
Layer 1
370
     5
100
AcDbSpline
210
0.0
220
0.0
230
1.0
 70
    11
 71
     3
 72
    24
 73
    20
 74
     0
 42
0.000000001
 43
0.0000000001
 40
0.0
 40
0.0
 40
0.0
 40
0.0
 40
0.1666666666666667
 40
0.1666666666666667
 40
0.1666666666666667
 40
0.1666666666666667
 40
0.3333333333333333
 40
0.3333333333333333
 40
0.3333333333333333
 40
0.3333333333333333
 40
0.5
 40
0.5
 40
0.5
 40
0.5
 40
0.6666666666666666
 40
0.6666666666666666
 40
0.6666666666666666
 40
0.6666666666666666
 40
1.0
 40
1.0
 40
1.0
 40
1.0
 10
20.3014
 20
28.0761
 30
0.0
 10
20.9238
 20
26.7231
 30
0.0
 10
20.619
 20
25.3267
 30
0.0
 10
19.4888
 20
24.3501
 30
0.0
 10
19.4888
 20
24.3501
 30
0.0
 10
18.1639
 20
23.2061
 30
0.0
 10
16.2446
 20
23.0304
 30
0.0
 10
14.5174
 20
23.8937
 30
0.0
 10
14.5174
 20
23.8937
 30
0.0
 10
13.0233
 20
24.6398
 30
0.0
 10
12.1945
 20
26.1183
 30
0.0
 10
12.2928
 20
27.9894
 30
0.0
 10
12.2928
 20
27.9894
 30
0.0
 10
13.4431
 20
25.6482
 30
0.0
 10
15.1457
 20
24.3618
 30
0.0
 10
16.7395
 20
24.5715
 30
0.0
 10
16.7395
 20
24.5715
 30
0.0
 10
18.8553
 20
24.8493
 30
0.0
 10
19.9035
 20
25.8808
 30
0.0
 10
20.3014
 20
28.0761
 30
0.0
  0
SPLINE
  5
83
330
1F
100
AcDbEntity
  8
Layer 1
370
     5
100
AcDbSpline
210
0.0
220
0.0
230
1.0
 70
    11
 71
     3
 72
    40
 73
    36
 74
     0
 42
0.000000001
 43
0.0000000001
 40
0.0
 40
0.0
 40
0.0
 40
0.0
 40
0.1
 40
0.1
 40
0.1
 40
0.1
 40
0.2
 40
0.2
 40
0.2
 40
0.2
 40
0.3
 40
0.3
 40
0.3
 40
0.3
 40
0.4
 40
0.4
 40
0.4
 40
0.4
 40
0.5
 40
0.5
 40
0.5
 40
0.5
 40
0.6
 40
0.6
 40
0.6
 40
0.6
 40
0.7
 40
0.7
 40
0.7
 40
0.7
 40
0.8
 40
0.8
 40
0.8
 40
0.8
 40
1.0
 40
1.0
 40
1.0
 40
1.0
 10
17.8065
 20
34.4537
 30
0.0
 10
17.811
 20
34.7689
 30
0.0
 10
17.5584
 20
34.953
 30
0.0
 10
17.4322
 20
35.1974
 30
0.0
 10
17.4322
 20
35.1974
 30
0.0
 10
16.9107
 20
36.2073
 30
0.0
 10
17.1893
 20
36.8783
 30
0.0
 10
18.298
 20
37.0927
 30
0.0
 10
18.298
 20
37.0927
 30
0.0
 10
19.7544
 20
37.3723
 30
0.0
 10
21.0461
 20
36.9209
 30
0.0
 10
22.1308
 20
35.9636
 30
0.0
 10
22.1308
 20
35.9636
 30
0.0
 10
23.8729
 20
34.4262
 30
0.0
 10
24.2747
 20
31.7844
 30
0.0
 10
23.1588
 20
29.5727
 30
0.0
 10
23.1588
 20
29.5727
 30
0.0
 10
23.02
 20
29.2981
 30
0.0
 10
22.8553
 20
29.0356
 30
0.0
 10
22.6431
 20
28.6632
 30
0.0
 10
22.6431
 20
28.6632
 30
0.0
 10
21.6868
 20
31.5891
 30
0.0
 10
20.1862
 20
32.8325
 30
0.0
 10
17.4823
 20
32.9176
 30
0.0
 10
17.4823
 20
32.9176
 30
0.0
 10
15.9308
 20
32.9664
 30
0.0
 10
14.5174
 20
32.3898
 30
0.0
 10
13.188
 20
31.6412
 30
0.0
 10
13.188
 20
31.6412
 30
0.0
 10
12.425
 20
31.2122
 30
0.0
 10
11.7101
 20
30.6977
 30
0.0
 10
10.947
 20
30.205
 30
0.0
 10
10.947
 20
30.205
 30
0.0
 10
12.1293
 20
32.6954
 30
0.0
 10
14.5545
 20
34.7072
 30
0.0
 10
17.8065
 20
34.4537
 30
0.0
  0
SPLINE
  5
84
330
1F
100
AcDbEntity
  8
Layer 1
370
     5
100
AcDbSpline
210
0.0
220
0.0
230
1.0
 70
    11
 71
     3
 72
    12
 73
     8
 74
     0
 42
0.000000001
 43
0.0000000001
 40
0.0
 40
0.0
 40
0.0
 40
0.0
 40
0.3333333333333333
 40
0.3333333333333333
 40
0.3333333333333333
 40
0.3333333333333333
 40
1.0
 40
1.0
 40
1.0
 40
1.0
 10
27.136
 20
35.4153
 30
0.0
 10
26.5312
 20
39.6689
 30
0.0
 10
25.0
 20
43.3422
 30
0.0
 10
21.0774
 20
45.6934
 30
0.0
 10
21.0774
 20
45.6934
 30
0.0
 10
27.5781
 20
44.8667
 30
0.0
 10
29.2012
 20
40.2561
 30
0.0
 10
27.136
 20
35.4153
 30
0.0
  0
SPLINE
  5
85
330
1F
100
AcDbEntity
  8
Layer 1
370
     5
100
AcDbSpline
210
0.0
220
0.0
230
1.0
 70
    11
 71
     3
 72
    20
 73
    16
 74
     0
 42
0.000000001
 43
0.0000000001
 40
0.0
 40
0.0
 40
0.0
 40
0.0
 40
0.2
 40
0.2
 40
0.2
 40
0.2
 40
0.4
 40
0.4
 40
0.4
 40
0.4
 40
0.6
 40
0.6
 40
0.6
 40
0.6
 40
1.0
 40
1.0
 40
1.0
 40
1.0
 10
35.0092
 20
31.3598
 30
0.0
 10
35.4852
 20
31.3541
 30
0.0
 10
35.9006
 20
31.0917
 30
0.0
 10
35.9192
 20
30.5767
 30
0.0
 10
35.9192
 20
30.5767
 30
0.0
 10
35.9365
 20
30.1138
 30
0.0
 10
35.6596
 20
29.7921
 30
0.0
 10
35.1198
 20
29.8137
 30
0.0
 10
35.1198
 20
29.8137
 30
0.0
 10
34.6258
 20
29.8417
 30
0.0
 10
34.2651
 20
30.0969
 30
0.0
 10
34.2631
 20
30.6105
 30
0.0
 10
34.2631
 20
30.6105
 30
0.0
 10
34.2618
 20
31.039
 30
0.0
 10
34.5665
 20
31.3658
 30
0.0
 10
35.0092
 20
31.3598
 30
0.0
  0
SPLINE
  5
86
330
1F
100
AcDbEntity
  8
Layer 1
370
     5
100
AcDbSpline
210
0.0
220
0.0
230
1.0
 70
    11
 71
     3
 72
   488
 73
   484
 74
     0
 42
0.000000001
 43
0.0000000001
 40
0.0
 40
0.0
 40
0.0
 40
0.0
 40
0.0081967213114754
 40
0.0081967213114754
 40
0.0081967213114754
 40
0.0081967213114754
 40
0.0163934426229508
 40
0.0163934426229508
 40
0.0163934426229508
 40
0.0163934426229508
 40
0.0245901639344262
 40
0.0245901639344262
 40
0.0245901639344262
 40
0.0245901639344262
 40
0.0327868852459016
 40
0.0327868852459016
 40
0.0327868852459016
 40
0.0327868852459016
 40
0.040983606557377
 40
0.040983606557377
 40
0.040983606557377
 40
0.040983606557377
 40
0.0491803278688525
 40
0.0491803278688525
 40
0.0491803278688525
 40
0.0491803278688525
 40
0.0573770491803279
 40
0.0573770491803279
 40
0.0573770491803279
 40
0.0573770491803279
 40
0.0655737704918033
 40
0.0655737704918033
 40
0.0655737704918033
 40
0.0655737704918033
 40
0.0737704918032787
 40
0.0737704918032787
 40
0.0737704918032787
 40
0.0737704918032787
 40
0.0819672131147541
 40
0.0819672131147541
 40
0.0819672131147541
 40
0.0819672131147541
 40
0.0901639344262295
 40
0.0901639344262295
 40
0.0901639344262295
 40
0.0901639344262295
 40
0.0983606557377049
 40
0.0983606557377049
 40
0.0983606557377049
 40
0.0983606557377049
 40
0.1065573770491803
 40
0.1065573770491803
 40
0.1065573770491803
 40
0.1065573770491803
 40
0.1147540983606557
 40
0.1147540983606557
 40
0.1147540983606557
 40
0.1147540983606557
 40
0.1229508196721311
 40
0.1229508196721311
 40
0.1229508196721311
 40
0.1229508196721311
 40
0.1311475409836066
 40
0.1311475409836066
 40
0.1311475409836066
 40
0.1311475409836066
 40
0.139344262295082
 40
0.139344262295082
 40
0.139344262295082
 40
0.139344262295082
 40
0.1475409836065574
 40
0.1475409836065574
 40
0.1475409836065574
 40
0.1475409836065574
 40
0.1557377049180328
 40
0.1557377049180328
 40
0.1557377049180328
 40
0.1557377049180328
 40
0.1639344262295082
 40
0.1639344262295082
 40
0.1639344262295082
 40
0.1639344262295082
 40
0.1721311475409836
 40
0.1721311475409836
 40
0.1721311475409836
 40
0.1721311475409836
 40
0.180327868852459
 40
0.180327868852459
 40
0.180327868852459
 40
0.180327868852459
 40
0.1885245901639344
 40
0.1885245901639344
 40
0.1885245901639344
 40
0.1885245901639344
 40
0.1967213114754098
 40
0.1967213114754098
 40
0.1967213114754098
 40
0.1967213114754098
 40
0.2049180327868853
 40
0.2049180327868853
 40
0.2049180327868853
 40
0.2049180327868853
 40
0.2131147540983606
 40
0.2131147540983606
 40
0.2131147540983606
 40
0.2131147540983606
 40
0.2213114754098361
 40
0.2213114754098361
 40
0.2213114754098361
 40
0.2213114754098361
 40
0.2295081967213115
 40
0.2295081967213115
 40
0.2295081967213115
 40
0.2295081967213115
 40
0.2377049180327869
 40
0.2377049180327869
 40
0.2377049180327869
 40
0.2377049180327869
 40
0.2459016393442623
 40
0.2459016393442623
 40
0.2459016393442623
 40
0.2459016393442623
 40
0.2540983606557377
 40
0.2540983606557377
 40
0.2540983606557377
 40
0.2540983606557377
 40
0.2622950819672131
 40
0.2622950819672131
 40
0.2622950819672131
 40
0.2622950819672131
 40
0.2704918032786885
 40
0.2704918032786885
 40
0.2704918032786885
 40
0.2704918032786885
 40
0.2786885245901639
 40
0.2786885245901639
 40
0.2786885245901639
 40
0.2786885245901639
 40
0.2868852459016393
 40
0.2868852459016393
 40
0.2868852459016393
 40
0.2868852459016393
 40
0.2950819672131147
 40
0.2950819672131147
 40
0.2950819672131147
 40
0.2950819672131147
 40
0.3032786885245902
 40
0.3032786885245902
 40
0.3032786885245902
 40
0.3032786885245902
 40
0.3114754098360656
 40
0.3114754098360656
 40
0.3114754098360656
 40
0.3114754098360656
 40
0.319672131147541
 40
0.319672131147541
 40
0.319672131147541
 40
0.319672131147541
 40
0.3278688524590164
 40
0.3278688524590164
 40
0.3278688524590164
 40
0.3278688524590164
 40
0.3360655737704918
 40
0.3360655737704918
 40
0.3360655737704918
 40
0.3360655737704918
 40
0.3442622950819672
 40
0.3442622950819672
 40
0.3442622950819672
 40
0.3442622950819672
 40
0.3524590163934426
 40
0.3524590163934426
 40
0.3524590163934426
 40
0.3524590163934426
 40
0.360655737704918
 40
0.360655737704918
 40
0.360655737704918
 40
0.360655737704918
 40
0.3688524590163935
 40
0.3688524590163935
 40
0.3688524590163935
 40
0.3688524590163935
 40
0.3770491803278688
 40
0.3770491803278688
 40
0.3770491803278688
 40
0.3770491803278688
 40
0.3852459016393442
 40
0.3852459016393442
 40
0.3852459016393442
 40
0.3852459016393442
 40
0.3934426229508197
 40
0.3934426229508197
 40
0.3934426229508197
 40
0.3934426229508197
 40
0.4016393442622951
 40
0.4016393442622951
 40
0.4016393442622951
 40
0.4016393442622951
 40
0.4098360655737705
 40
0.4098360655737705
 40
0.4098360655737705
 40
0.4098360655737705
 40
0.4180327868852459
 40
0.4180327868852459
 40
0.4180327868852459
 40
0.4180327868852459
 40
0.4262295081967213
 40
0.4262295081967213
 40
0.4262295081967213
 40
0.4262295081967213
 40
0.4344262295081967
 40
0.4344262295081967
 40
0.4344262295081967
 40
0.4344262295081967
 40
0.4426229508196721
 40
0.4426229508196721
 40
0.4426229508196721
 40
0.4426229508196721
 40
0.4508196721311475
 40
0.4508196721311475
 40
0.4508196721311475
 40
0.4508196721311475
 40
0.459016393442623
 40
0.459016393442623
 40
0.459016393442623
 40
0.459016393442623
 40
0.4672131147540984
 40
0.4672131147540984
 40
0.4672131147540984
 40
0.4672131147540984
 40
0.4754098360655737
 40
0.4754098360655737
 40
0.4754098360655737
 40
0.4754098360655737
 40
0.4836065573770492
 40
0.4836065573770492
 40
0.4836065573770492
 40
0.4836065573770492
 40
0.4918032786885246
 40
0.4918032786885246
 40
0.4918032786885246
 40
0.4918032786885246
 40
0.5
 40
0.5
 40
0.5
 40
0.5
 40
0.5081967213114754
 40
0.5081967213114754
 40
0.5081967213114754
 40
0.5081967213114754
 40
0.5163934426229508
 40
0.5163934426229508
 40
0.5163934426229508
 40
0.5163934426229508
 40
0.5245901639344263
 40
0.5245901639344263
 40
0.5245901639344263
 40
0.5245901639344263
 40
0.5327868852459017
 40
0.5327868852459017
 40
0.5327868852459017
 40
0.5327868852459017
 40
0.5409836065573771
 40
0.5409836065573771
 40
0.5409836065573771
 40
0.5409836065573771
 40
0.5491803278688525
 40
0.5491803278688525
 40
0.5491803278688525
 40
0.5491803278688525
 40
0.5573770491803278
 40
0.5573770491803278
 40
0.5573770491803278
 40
0.5573770491803278
 40
0.5655737704918032
 40
0.5655737704918032
 40
0.5655737704918032
 40
0.5655737704918032
 40
0.5737704918032787
 40
0.5737704918032787
 40
0.5737704918032787
 40
0.5737704918032787
 40
0.5819672131147541
 40
0.5819672131147541
 40
0.5819672131147541
 40
0.5819672131147541
 40
0.5901639344262295
 40
0.5901639344262295
 40
0.5901639344262295
 40
0.5901639344262295
 40
0.5983606557377049
 40
0.5983606557377049
 40
0.5983606557377049
 40
0.5983606557377049
 40
0.6065573770491803
 40
0.6065573770491803
 40
0.6065573770491803
 40
0.6065573770491803
 40
0.6147540983606558
 40
0.6147540983606558
 40
0.6147540983606558
 40
0.6147540983606558
 40
0.6229508196721312
 40
0.6229508196721312
 40
0.6229508196721312
 40
0.6229508196721312
 40
0.6311475409836066
 40
0.6311475409836066
 40
0.6311475409836066
 40
0.6311475409836066
 40
0.639344262295082
 40
0.639344262295082
 40
0.639344262295082
 40
0.639344262295082
 40
0.6475409836065574
 40
0.6475409836065574
 40
0.6475409836065574
 40
0.6475409836065574
 40
0.6557377049180327
 40
0.6557377049180327
 40
0.6557377049180327
 40
0.6557377049180327
 40
0.6639344262295082
 40
0.6639344262295082
 40
0.6639344262295082
 40
0.6639344262295082
 40
0.6721311475409836
 40
0.6721311475409836
 40
0.6721311475409836
 40
0.6721311475409836
 40
0.680327868852459
 40
0.680327868852459
 40
0.680327868852459
 40
0.680327868852459
 40
0.6885245901639344
 40
0.6885245901639344
 40
0.6885245901639344
 40
0.6885245901639344
 40
0.6967213114754098
 40
0.6967213114754098
 40
0.6967213114754098
 40
0.6967213114754098
 40
0.7049180327868853
 40
0.7049180327868853
 40
0.7049180327868853
 40
0.7049180327868853
 40
0.7131147540983607
 40
0.7131147540983607
 40
0.7131147540983607
 40
0.7131147540983607
 40
0.7213114754098361
 40
0.7213114754098361
 40
0.7213114754098361
 40
0.7213114754098361
 40
0.7295081967213115
 40
0.7295081967213115
 40
0.7295081967213115
 40
0.7295081967213115
 40
0.7377049180327869
 40
0.7377049180327869
 40
0.7377049180327869
 40
0.7377049180327869
 40
0.7459016393442623
 40
0.7459016393442623
 40
0.7459016393442623
 40
0.7459016393442623
 40
0.7540983606557377
 40
0.7540983606557377
 40
0.7540983606557377
 40
0.7540983606557377
 40
0.7622950819672131
 40
0.7622950819672131
 40
0.7622950819672131
 40
0.7622950819672131
 40
0.7704918032786885
 40
0.7704918032786885
 40
0.7704918032786885
 40
0.7704918032786885
 40
0.7786885245901639
 40
0.7786885245901639
 40
0.7786885245901639
 40
0.7786885245901639
 40
0.7868852459016393
 40
0.7868852459016393
 40
0.7868852459016393
 40
0.7868852459016393
 40
0.7950819672131147
 40
0.7950819672131147
 40
0.7950819672131147
 40
0.7950819672131147
 40
0.8032786885245902
 40
0.8032786885245902
 40
0.8032786885245902
 40
0.8032786885245902
 40
0.8114754098360656
 40
0.8114754098360656
 40
0.8114754098360656
 40
0.8114754098360656
 40
0.819672131147541
 40
0.819672131147541
 40
0.819672131147541
 40
0.819672131147541
 40
0.8278688524590164
 40
0.8278688524590164
 40
0.8278688524590164
 40
0.8278688524590164
 40
0.8360655737704918
 40
0.8360655737704918
 40
0.8360655737704918
 40
0.8360655737704918
 40
0.8442622950819673
 40
0.8442622950819673
 40
0.8442622950819673
 40
0.8442622950819673
 40
0.8524590163934426
 40
0.8524590163934426
 40
0.8524590163934426
 40
0.8524590163934426
 40
0.860655737704918
 40
0.860655737704918
 40
0.860655737704918
 40
0.860655737704918
 40
0.8688524590163934
 40
0.8688524590163934
 40
0.8688524590163934
 40
0.8688524590163934
 40
0.8770491803278688
 40
0.8770491803278688
 40
0.8770491803278688
 40
0.8770491803278688
 40
0.8852459016393442
 40
0.8852459016393442
 40
0.8852459016393442
 40
0.8852459016393442
 40
0.8934426229508197
 40
0.8934426229508197
 40
0.8934426229508197
 40
0.8934426229508197
 40
0.9016393442622951
 40
0.9016393442622951
 40
0.9016393442622951
 40
0.9016393442622951
 40
0.9098360655737705
 40
0.9098360655737705
 40
0.9098360655737705
 40
0.9098360655737705
 40
0.9180327868852459
 40
0.9180327868852459
 40
0.9180327868852459
 40
0.9180327868852459
 40
0.9262295081967213
 40
0.9262295081967213
 40
0.9262295081967213
 40
0.9262295081967213
 40
0.9344262295081968
 40
0.9344262295081968
 40
0.9344262295081968
 40
0.9344262295081968
 40
0.9426229508196722
 40
0.9426229508196722
 40
0.9426229508196722
 40
0.9426229508196722
 40
0.9508196721311475
 40
0.9508196721311475
 40
0.9508196721311475
 40
0.9508196721311475
 40
0.9590163934426229
 40
0.9590163934426229
 40
0.9590163934426229
 40
0.9590163934426229
 40
0.9672131147540983
 40
0.9672131147540983
 40
0.9672131147540983
 40
0.9672131147540983
 40
0.9754098360655737
 40
0.9754098360655737
 40
0.9754098360655737
 40
0.9754098360655737
 40
0.9836065573770492
 40
0.9836065573770492
 40
0.9836065573770492
 40
0.9836065573770492
 40
1.0
 40
1.0
 40
1.0
 40
1.0
 10
44.1552
 20
39.5824
 30
0.0
 10
48.2079
 20
41.0922
 30
0.0
 10
48.9322
 20
41.9762
 30
0.0
 10
49.6858
 20
43.0573
 30
0.0
 10
49.6858
 20
43.0573
 30
0.0
 10
48.831
 20
42.7258
 30
0.0
 10
48.0109
 20
42.4568
 30
0.0
 10
46.9804
 20
42.4741
 30
0.0
 10
46.9804
 20
42.4741
 30
0.0
 10
48.6193
 20
43.7816
 30
0.0
 10
49.4874
 20
45.4298
 30
0.0
 10
50.1797
 20
47.3044
 30
0.0
 10
50.1797
 20
47.3044
 30
0.0
 10
49.1306
 20
46.8504
 30
0.0
 10
48.1454
 20
46.4763
 30
0.0
 10
47.0496
 20
46.226
 30
0.0
 10
47.0496
 20
46.226
 30
0.0
 10
50.0173
 20
49.8421
 30
0.0
 10
51.3021
 20
52.9402
 30
0.0
 10
50.7336
 20
55.1144
 30
0.0
 10
50.7336
 20
55.1144
 30
0.0
 10
50.0306
 20
54.225
 30
0.0
 10
49.2384
 20
53.4648
 30
0.0
 10
48.1773
 20
52.839
 30
0.0
 10
48.1773
 20
52.839
 30
0.0
 10
48.3491
 20
57.0702
 30
0.0
 10
48.7086
 20
61.1456
 30
0.0
 10
49.8203
 20
65.1184
 30
0.0
 10
49.8203
 20
65.1184
 30
0.0
 10
49.9694
 20
65.6483
 30
0.0
 10
49.9694
 20
65.7615
 30
0.0
 10
49.337
 20
65.7215
 30
0.0
 10
49.337
 20
65.7215
 30
0.0
 10
47.007
 20
65.5791
 30
0.0
 10
44.745
 20
65.1184
 30
0.0
 10
42.5296
 20
64.4168
 30
0.0
 10
42.5296
 20
64.4168
 30
0.0
 10
35.9086
 20
62.3159
 30
0.0
 10
30.6016
 20
58.5027
 30
0.0
 10
27.0292
 20
52.4503
 30
0.0
 10
27.0292
 20
52.4503
 30
0.0
 10
26.7779
 20
52.0242
 30
0.0
 10
26.5404
 20
51.5902
 30
0.0
 10
26.2266
 20
51.0363
 30
0.0
 10
26.2266
 20
51.0363
 30
0.0
 10
26.0488
 20
52.2825
 30
0.0
 10
26.0182
 20
53.3636
 30
0.0
 10
26.1653
 20
54.4567
 30
0.0
 10
26.1653
 20
54.4567
 30
0.0
 10
25.0599
 20
52.9721
 30
0.0
 10
24.2942
 20
51.3226
 30
0.0
 10
24.4257
 20
49.4773
 30
0.0
 10
24.4257
 20
49.4773
 30
0.0
 10
24.5514
 20
47.7052
 30
0.0
 10
24.1243
 20
48.0926
 30
0.0
 10
25.8912
 20
47.62
 30
0.0
 10
25.8912
 20
47.62
 30
0.0
 10
31.7846
 20
46.0436
 30
0.0
 10
35.7501
 20
41.3638
 30
0.0
 10
35.7568
 20
35.4331
 30
0.0
 10
35.7568
 20
35.4331
 30
0.0
 10
35.7581
 20
35.0318
 30
0.0
 10
35.8447
 20
34.8666
 30
0.0
 10
36.1948
 20
34.6749
 30
0.0
 10
36.1948
 20
34.6749
 30
0.0
 10
37.6314
 20
33.8881
 30
0.0
 10
38.6006
 20
31.9394
 30
0.0
 10
38.3863
 20
30.2792
 30
0.0
 10
38.3863
 20
30.2792
 30
0.0
 10
37.6047
 20
32.1034
 30
0.0
 10
36.3746
 20
33.2688
 30
0.0
 10
34.3699
 20
33.3592
 30
0.0
 10
34.3699
 20
33.3592
 30
0.0
 10
32.2156
 20
33.4564
 30
0.0
 10
31.3347
 20
31.8072
 30
0.0
 10
30.3672
 20
30.1951
 30
0.0
 10
30.3672
 20
30.1951
 30
0.0
 10
29.7129
 20
32.4927
 30
0.0
 10
29.92
 20
34.8989
 30
0.0
 10
30.838
 20
36.3378
 30
0.0
 10
30.838
 20
36.3378
 30
0.0
 10
31.8763
 20
37.9647
 30
0.0
 10
33.1478
 20
37.9501
 30
0.0
 10
34.1088
 20
36.3018
 30
0.0
 10
34.1088
 20
36.3018
 30
0.0
 10
34.1192
 20
36.2845
 30
0.0
 10
34.1687
 20
36.2885
 30
0.0
 10
34.2586
 20
36.2725
 30
0.0
 10
34.2586
 20
36.2725
 30
0.0
 10
33.5222
 20
39.9498
 30
0.0
 10
31.7116
 20
42.8949
 30
0.0
 10
28.6927
 20
45.081
 30
0.0
 10
28.6927
 20
45.081
 30
0.0
 10
24.5533
 20
48.078
 30
0.0
 10
19.94
 20
48.4494
 30
0.0
 10
15.095
 20
47.5294
 30
0.0
 10
15.095
 20
47.5294
 30
0.0
 10
13.8553
 20
47.2951
 30
0.0
 10
12.6782
 20
46.8424
 30
0.0
 10
11.432
 20
46.3671
 30
0.0
 10
11.432
 20
46.3671
 30
0.0
 10
11.947
 20
49.227
 30
0.0
 10
11.3748
 20
51.7247
 30
0.0
 10
9.5733
 20
54.1425
 30
0.0
 10
9.5733
 20
54.1425
 30
0.0
 10
9.716
 20
52.8816
 30
0.0
 10
9.835
 20
51.8205
 30
0.0
 10
9.6489
 20
50.5637
 30
0.0
 10
9.6489
 20
50.5637
 30
0.0
 10
8.8143
 20
52.3464
 30
0.0
 10
7.9522
 20
53.8882
 30
0.0
 10
6.8188
 20
55.2502
 30
0.0
 10
6.8188
 20
55.2502
 30
0.0
 10
1.3819
 20
61.786
 30
0.0
 10
-5.8025
 20
64.7789
 30
0.0
 10
-14.0903
 20
65.5019
 30
0.0
 10
-14.0903
 20
65.5019
 30
0.0
 10
-14.981
 20
65.5791
 30
0.0
 10
-14.9973
 20
65.5312
 30
0.0
 10
-14.7472
 20
64.7097
 30
0.0
 10
-14.7472
 20
64.7097
 30
0.0
 10
-13.7375
 20
61.3945
 30
0.0
 10
-13.1405
 20
58.0155
 30
0.0
 10
-13.0767
 20
54.5419
 30
0.0
 10
-13.0767
 20
54.5419
 30
0.0
 10
-13.0624
 20
53.7484
 30
0.0
 10
-12.9731
 20
52.9588
 30
0.0
 10
-13.0461
 20
52.1001
 30
0.0
 10
-13.0461
 20
52.1001
 30
0.0
 10
-14.1743
 20
52.8217
 30
0.0
 10
-15.0011
 20
53.7524
 30
0.0
 10
-15.9485
 20
54.6564
 30
0.0
 10
-15.9485
 20
54.6564
 30
0.0
 10
-15.8833
 20
51.015
 30
0.0
 10
-14.856
 20
47.861
 30
0.0
 10
-12.3027
 20
45.2514
 30
0.0
 10
-12.3027
 20
45.2514
 30
0.0
 10
-13.3502
 20
45.5789
 30
0.0
 10
-14.3976
 20
45.9065
 30
0.0
 10
-15.4953
 20
46.25
 30
0.0
 10
-15.4953
 20
46.25
 30
0.0
 10
-14.7499
 20
44.2449
 30
0.0
 10
-13.6242
 20
42.5993
 30
0.0
 10
-11.8736
 20
41.1774
 30
0.0
 10
-11.8736
 20
41.1774
 30
0.0
 10
-13.0767
 20
41.2333
 30
0.0
 10
-13.9542
 20
41.626
 30
0.0
 10
-14.9479
 20
41.9709
 30
0.0
 10
-14.9479
 20
41.9709
 30
0.0
 10
-13.4582
 20
39.8899
 30
0.0
 10
-11.3058
 20
39.0605
 30
0.0
 10
-9.1372
 20
38.2363
 30
0.0
 10
-9.1372
 20
38.2363
 30
0.0
 10
-11.6158
 20
38.3788
 30
0.0
 10
-14.0871
 20
38.4067
 30
0.0
 10
-16.6445
 20
38.7769
 30
0.0
 10
-16.6445
 20
38.7769
 30
0.0
 10
-14.8911
 20
36.8038
 30
0.0
 10
-12.8156
 20
35.6388
 30
0.0
 10
-10.1274
 20
35.3131
 30
0.0
 10
-10.1274
 20
35.3131
 30
0.0
 10
-11.3899
 20
34.1315
 30
0.0
 10
-12.0148
 20
32.681
 30
0.0
 10
-12.5435
 20
31.171
 30
0.0
 10
-12.5435
 20
31.171
 30
0.0
 10
-12.8794
 20
30.2127
 30
0.0
 10
-13.5273
 20
29.4555
 30
0.0
 10
-14.2466
 20
28.7583
 30
0.0
 10
-14.2466
 20
28.7583
 30
0.0
 10
-14.4264
 20
28.5839
 30
0.0
 10
-14.7095
 20
28.5096
 30
0.0
 10
-14.7889
 20
28.1568
 30
0.0
 10
-14.7889
 20
28.1568
 30
0.0
 10
-14.5409
 20
28.1568
 30
0.0
 10
-14.3131
 20
28.1483
 30
0.0
 10
-14.0858
 20
28.1593
 30
0.0
 10
-14.0858
 20
28.1593
 30
0.0
 10
-13.8774
 20
28.1692
 30
0.0
 10
-13.6697
 20
28.1938
 30
0.0
 10
-13.4634
 20
28.2232
 30
0.0
 10
-13.4634
 20
28.2232
 30
0.0
 10
-11.3723
 20
28.5148
 30
0.0
 10
-9.7674
 20
29.5533
 30
0.0
 10
-8.6033
 20
31.3183
 30
0.0
 10
-8.6033
 20
31.3183
 30
0.0
 10
-6.8677
 20
33.9505
 30
0.0
 10
-3.1944
 20
35.1306
 30
0.0
 10
0.0954
 20
35.1922
 30
0.0
 10
0.0954
 20
35.1922
 30
0.0
 10
-0.4482
 20
34.9915
 30
0.0
 10
-0.8578
 20
34.8561
 30
0.0
 10
-1.2549
 20
34.6911
 30
0.0
 10
-1.2549
 20
34.6911
 30
0.0
 10
-5.2641
 20
33.0255
 30
0.0
 10
-8.4919
 20
30.6333
 30
0.0
 10
-9.4667
 20
26.0578
 30
0.0
 10
-9.4667
 20
26.0578
 30
0.0
 10
-9.6508
 20
25.1926
 30
0.0
 10
-10.2029
 20
24.4535
 30
0.0
 10
-10.8098
 20
23.783
 30
0.0
 10
-10.8098
 20
23.783
 30
0.0
 10
-11.4757
 20
23.0466
 30
0.0
 10
-12.2662
 20
22.4679
 30
0.0
 10
-13.186
 20
21.9008
 30
0.0
 10
-13.186
 20
21.9008
 30
0.0
 10
-10.7055
 20
21.8389
 30
0.0
 10
-8.117
 20
23.617
 30
0.0
 10
-7.0245
 20
26.0525
 30
0.0
 10
-7.0245
 20
26.0525
 30
0.0
 10
-6.7257
 20
26.72
 30
0.0
 10
-6.4606
 20
27.4035
 30
0.0
 10
-6.1365
 20
28.0585
 30
0.0
 10
-6.1365
 20
28.0585
 30
0.0
 10
-4.6059
 20
31.1483
 30
0.0
 10
-1.9704
 20
32.7305
 30
0.0
 10
1.2756
 20
33.4685
 30
0.0
 10
1.2756
 20
33.4685
 30
0.0
 10
0.5648
 20
32.864
 30
0.0
 10
-0.21
 20
32.3429
 30
0.0
 10
-0.9326
 20
31.7577
 30
0.0
 10
-0.9326
 20
31.7577
 30
0.0
 10
-3.4523
 20
29.718
 30
0.0
 10
-5.3975
 20
27.2974
 30
0.0
 10
-6.0213
 20
24.0031
 30
0.0
 10
-6.0213
 20
24.0031
 30
0.0
 10
-6.1866
 20
23.1293
 30
0.0
 10
-6.5075
 20
22.2933
 30
0.0
 10
-6.9139
 20
21.501
 30
0.0
 10
-6.9139
 20
21.501
 30
0.0
 10
-7.6202
 20
20.1241
 30
0.0
 10
-8.1932
 20
18.701
 30
0.0
 10
-8.3878
 20
17.1579
 30
0.0
 10
-8.3878
 20
17.1579
 30
0.0
 10
-8.5903
 20
15.5577
 30
0.0
 10
-8.6033
 20
13.96
 30
0.0
 10
-8.0819
 20
12.3258
 30
0.0
 10
-8.0819
 20
12.3258
 30
0.0
 10
-7.0382
 20
15.5596
 30
0.0
 10
-5.8136
 20
17.307
 30
0.0
 10
-3.9197
 20
18.2868
 30
0.0
 10
-3.9197
 20
18.2868
 30
0.0
 10
-4.0799
 20
17.8578
 30
0.0
 10
-4.2648
 20
17.4568
 30
0.0
 10
-4.38
 20
17.0374
 30
0.0
 10
-4.38
 20
17.0374
 30
0.0
 10
-5.0857
 20
14.473
 30
0.0
 10
-4.96
 20
11.9254
 30
0.0
 10
-4.1866
 20
9.3967
 30
0.0
 10
-4.1866
 20
9.3967
 30
0.0
 10
-4.0641
 20
8.9977
 30
0.0
 10
-3.9197
 20
8.6025
 30
0.0
 10
-4.0707
 20
8.1793
 30
0.0
 10
-4.0707
 20
8.1793
 30
0.0
 10
-5.4606
 20
4.2926
 30
0.0
 10
-7.4561
 20
0.9299
 30
0.0
 10
-11.3241
 20
-1.0643
 30
0.0
 10
-11.3241
 20
-1.0643
 30
0.0
 10
-16.6875
 20
-3.83
 30
0.0
 10
-21.4257
 20
-7.4583
 30
0.0
 10
-25.4121
 20
-12.0046
 30
0.0
 10
-25.4121
 20
-12.0046
 30
0.0
 10
-28.4909
 20
-15.5151
 30
0.0
 10
-31.0757
 20
-19.3705
 30
0.0
 10
-33.1456
 20
-23.5692
 30
0.0
 10
-33.1456
 20
-23.5692
 30
0.0
 10
-36.2042
 20
-29.7724
 30
0.0
 10
-38.2321
 20
-36.2464
 30
0.0
 10
-38.4295
 20
-43.214
 30
0.0
 10
-38.4295
 20
-43.214
 30
0.0
 10
-38.4421
 20
-43.6592
 30
0.0
 10
-38.5799
 20
-44.0121
 30
0.0
 10
-38.8462
 20
-44.3526
 30
0.0
 10
-38.8462
 20
-44.3526
 30
0.0
 10
-40.0391
 20
-45.8779
 30
0.0
 10
-41.1497
 20
-47.4555
 30
0.0
 10
-41.9598
 20
-49.2282
 30
0.0
 10
-41.9598
 20
-49.2282
 30
0.0
 10
-43.0627
 20
-51.6411
 30
0.0
 10
-43.7637
 20
-54.1183
 30
0.0
 10
-43.3194
 20
-56.8117
 30
0.0
 10
-43.3194
 20
-56.8117
 30
0.0
 10
-43.0924
 20
-58.1874
 30
0.0
 10
-42.4228
 20
-59.3528
 30
0.0
 10
-41.5915
 20
-60.5071
 30
0.0
 10
-41.5915
 20
-60.5071
 30
0.0
 10
-43.7092
 20
-60.7824
 30
0.0
 10
-45.7512
 20
-61.0383
 30
0.0
 10
-47.7898
 20
-61.3183
 30
0.0
 10
-47.7898
 20
-61.3183
 30
0.0
 10
-48.8741
 20
-61.4668
 30
0.0
 10
-49.9521
 20
-61.6614
 30
0.0
 10
-50.9738
 20
-62.0794
 30
0.0
 10
-50.9738
 20
-62.0794
 30
0.0
 10
-51.2213
 20
-62.1803
 30
0.0
 10
-51.4631
 20
-62.3053
 30
0.0
 10
-51.4618
 20
-62.6223
 30
0.0
 10
-51.4618
 20
-62.6223
 30
0.0
 10
-51.4606
 20
-62.9108
 30
0.0
 10
-51.2286
 20
-63.0194
 30
0.0
 10
-51.0091
 20
-63.1008
 30
0.0
 10
-51.0091
 20
-63.1008
 30
0.0
 10
-50.5948
 20
-63.2546
 30
0.0
 10
-50.1799
 20
-63.4231
 30
0.0
 10
-49.7503
 20
-63.515
 30
0.0
 10
-49.7503
 20
-63.515
 30
0.0
 10
-47.2197
 20
-64.0553
 30
0.0
 10
-44.6466
 20
-64.2494
 30
0.0
 10
-42.0739
 20
-64.47
 30
0.0
 10
-42.0739
 20
-64.47
 30
0.0
 10
-36.8442
 20
-64.9192
 30
0.0
 10
-31.6003
 20
-65.0904
 30
0.0
 10
-26.3607
 20
-65.3463
 30
0.0
 10
-26.3607
 20
-65.3463
 30
0.0
 10
-23.7018
 20
-65.4759
 30
0.0
 10
-21.0378
 20
-65.5144
 30
0.0
 10
-18.3762
 20
-65.5664
 30
0.0
 10
-18.3762
 20
-65.5664
 30
0.0
 10
-15.0878
 20
-65.6315
 30
0.0
 10
-11.7993
 20
-65.718
 30
0.0
 10
-8.5115
 20
-65.707
 30
0.0
 10
-8.5115
 20
-65.707
 30
0.0
 10
-1.6618
 20
-65.6829
 30
0.0
 10
5.1885
 20
-65.821
 30
0.0
 10
12.0382
 20
-65.6074
 30
0.0
 10
12.0382
 20
-65.6074
 30
0.0
 10
14.6717
 20
-65.5254
 30
0.0
 10
17.3065
 20
-65.5344
 30
0.0
 10
19.9432
 20
-65.4159
 30
0.0
 10
19.9432
 20
-65.4159
 30
0.0
 10
26.3593
 20
-65.1262
 30
0.0
 10
32.7767
 20
-64.8809
 30
0.0
 10
39.1598
 20
-64.1282
 30
0.0
 10
39.1598
 20
-64.1282
 30
0.0
 10
40.7615
 20
-63.9388
 30
0.0
 10
42.3725
 20
-63.7525
 30
0.0
 10
43.9355
 20
-63.3261
 30
0.0
 10
43.9355
 20
-63.3261
 30
0.0
 10
44.3709
 20
-63.2076
 30
0.0
 10
45.0086
 20
-63.1197
 30
0.0
 10
44.9993
 20
-62.5742
 30
0.0
 10
44.9993
 20
-62.5742
 30
0.0
 10
44.99
 20
-62.0345
 30
0.0
 10
44.3429
 20
-61.9426
 30
0.0
 10
43.9115
 20
-61.8476
 30
0.0
 10
43.9115
 20
-61.8476
 30
0.0
 10
42.8957
 20
-61.6236
 30
0.0
 10
41.8639
 20
-61.468
 30
0.0
 10
40.8334
 20
-61.3163
 30
0.0
 10
40.8334
 20
-61.3163
 30
0.0
 10
37.9403
 20
-60.8899
 30
0.0
 10
35.0248
 20
-60.6803
 30
0.0
 10
32.1121
 20
-60.4524
 30
0.0
 10
32.1121
 20
-60.4524
 30
0.0
 10
31.4577
 20
-60.4017
 30
0.0
 10
31.2592
 20
-60.2226
 30
0.0
 10
31.2448
 20
-59.5436
 30
0.0
 10
31.2448
 20
-59.5436
 30
0.0
 10
31.1843
 20
-56.6894
 30
0.0
 10
29.6386
 20
-54.8325
 30
0.0
 10
26.8743
 20
-54.2271
 30
0.0
 10
26.8743
 20
-54.2271
 30
0.0
 10
26.3809
 20
-54.119
 30
0.0
 10
26.2401
 20
-53.9205
 30
0.0
 10
26.2102
 20
-53.4062
 30
0.0
 10
26.2102
 20
-53.4062
 30
0.0
 10
25.9837
 20
-49.5369
 30
0.0
 10
26.599
 20
-45.7497
 30
0.0
 10
27.2493
 20
-41.9646
 30
0.0
 10
27.2493
 20
-41.9646
 30
0.0
 10
27.8652
 20
-38.3746
 30
0.0
 10
28.6751
 20
-34.8206
 30
0.0
 10
29.2527
 20
-31.2223
 30
0.0
 10
29.2527
 20
-31.2223
 30
0.0
 10
29.3685
 20
-30.5003
 30
0.0
 10
29.2311
 20
-29.685
 30
0.0
 10
29.8119
 20
-29.068
 30
0.0
 10
29.8119
 20
-29.068
 30
0.0
 10
30.5481
 20
-28.2854
 30
0.0
 10
31.1863
 20
-27.4221
 30
0.0
 10
31.7884
 20
-26.5359
 30
0.0
 10
31.7884
 20
-26.5359
 30
0.0
 10
33.6211
 20
-23.8406
 30
0.0
 10
34.8738
 20
-20.9258
 30
0.0
 10
35.2019
 20
-17.642
 30
0.0
 10
35.2019
 20
-17.642
 30
0.0
 10
35.5012
 20
-14.6458
 30
0.0
 10
34.9454
 20
-11.778
 30
0.0
 10
34.0216
 20
-8.9577
 30
0.0
 10
34.0216
 20
-8.9577
 30
0.0
 10
33.8803
 20
-8.5273
 30
0.0
 10
33.9038
 20
-8.1796
 30
0.0
 10
34.1126
 20
-7.7708
 30
0.0
 10
34.1126
 20
-7.7708
 30
0.0
 10
35.2703
 20
-5.5006
 30
0.0
 10
35.7142
 20
-3.0969
 30
0.0
 10
35.366
 20
-0.559
 30
0.0
 10
35.366
 20
-0.559
 30
0.0
 10
35.3009
 20
-0.0812
 30
0.0
 10
35.2527
 20
0.3993
 30
0.0
 10
35.1784
 20
1.0269
 30
0.0
 10
35.1784
 20
1.0269
 30
0.0
 10
36.071
 20
0.0555
 30
0.0
 10
36.6382
 20
-0.9543
 30
0.0
 10
37.2173
 20
-2.1634
 30
0.0
 10
37.2173
 20
-2.1634
 30
0.0
 10
37.4011
 20
0.5034
 30
0.0
 10
36.7766
 20
2.803
 30
0.0
 10
35.8819
 20
5.0477
 30
0.0
 10
35.8819
 20
5.0477
 30
0.0
 10
35.0775
 20
7.0641
 30
0.0
 10
34.8106
 20
9.1748
 30
0.0
 10
34.7104
 20
11.3219
 30
0.0
 10
34.7104
 20
11.3219
 30
0.0
 10
34.6876
 20
11.7999
 30
0.0
 10
34.8146
 20
12.1311
 30
0.0
 10
35.2169
 20
12.4482
 30
0.0
 10
35.2169
 20
12.4482
 30
0.0
 10
38.1639
 20
14.7621
 30
0.0
 10
39.1385
 20
17.7621
 30
0.0
 10
38.1107
 20
21.3521
 30
0.0
 10
38.1107
 20
21.3521
 30
0.0
 10
37.8883
 20
22.13
 30
0.0
 10
37.9576
 20
22.7004
 30
0.0
 10
38.373
 20
23.367
 30
0.0
 10
38.373
 20
23.367
 30
0.0
 10
39.5113
 20
25.1939
 30
0.0
 10
40.0492
 20
27.2068
 30
0.0
 10
40.0053
 20
29.4023
 30
0.0
 10
40.0053
 20
29.4023
 30
0.0
 10
40.9332
 20
28.0858
 30
0.0
 10
41.6655
 20
26.6646
 30
0.0
 10
42.8398
 20
25.5779
 30
0.0
 10
42.8398
 20
25.5779
 30
0.0
 10
44.0394
 20
24.4666
 30
0.0
 10
45.464
 20
23.8801
 30
0.0
 10
47.2107
 20
23.7466
 30
0.0
 10
47.2107
 20
23.7466
 30
0.0
 10
47.0723
 20
23.8995
 30
0.0
 10
47.0323
 20
23.9732
 30
0.0
 10
46.9724
 20
24.0043
 30
0.0
 10
46.9724
 20
24.0043
 30
0.0
 10
45.2429
 20
24.9087
 30
0.0
 10
44.3522
 20
26.4276
 30
0.0
 10
44.1871
 20
28.2811
 30
0.0
 10
44.1871
 20
28.2811
 30
0.0
 10
43.9395
 20
31.0969
 30
0.0
 10
42.439
 20
33.0797
 30
0.0
 10
40.2942
 20
34.6902
 30
0.0
 10
40.2942
 20
34.6902
 30
0.0
 10
39.6018
 20
35.2096
 30
0.0
 10
38.835
 20
35.6295
 30
0.0
 10
37.9416
 20
36.198
 30
0.0
 10
37.9416
 20
36.198
 30
0.0
 10
39.269
 20
36.1301
 30
0.0
 10
40.3368
 20
35.8478
 30
0.0
 10
41.3633
 20
35.3633
 30
0.0
 10
41.3633
 20
35.3633
 30
0.0
 10
42.7492
 20
34.7091
 30
0.0
 10
43.6253
 20
33.5576
 30
0.0
 10
44.4494
 20
32.328
 30
0.0
 10
44.4494
 20
32.328
 30
0.0
 10
45.7369
 20
30.4114
 30
0.0
 10
47.8511
 20
29.4432
 30
0.0
 10
49.8349
 20
29.852
 30
0.0
 10
49.8349
 20
29.852
 30
0.0
 10
49.0454
 20
30.3958
 30
0.0
 10
48.3544
 20
30.9946
 30
0.0
 10
47.9523
 20
31.8248
 30
0.0
 10
47.9523
 20
31.8248
 30
0.0
 10
47.1442
 20
33.4907
 30
0.0
 10
46.8819
 20
35.422
 30
0.0
 10
45.3228
 20
36.7891
 30
0.0
 10
45.3228
 20
36.7891
 30
0.0
 10
48.0016
 20
37.1566
 30
0.0
 10
50.3209
 20
38.5785
 30
0.0
 10
51.4619
 20
39.8846
 30
0.0
 10
51.4619
 20
39.8846
 30
0.0
 10
50.2077
 20
39.6809
 30
0.0
 10
48.9642
 20
39.581
 30
0.0
 10
47.7113
 20
39.5824
 30
0.0
 10
47.7113
 20
39.5824
 30
0.0
 10
46.4665
 20
39.5837
 30
0.0
 10
45.223
 20
39.5824
 30
0.0
 10
44.1552
 20
39.5824
 30
0.0
  0
ENDSEC
  0
SECTION
  2
OBJECTS
  0
DICTIONARY
  5
C
330
0
100
AcDbDictionary
281
     1
  3
ACAD_DETAILVIEWSTYLE
350
C2
  3
ACAD_GROUP
350
D
  3
ACAD_LAYOUT
350
1A
  3
ACAD_MATERIAL
350
43
  3
ACAD_MLEADERSTYLE
350
6B
  3
ACAD_MLINESTYLE
350
17
  3
ACAD_PLOTSETTINGS
350
19
  3
ACAD_PLOTSTYLENAME
350
E
  3
ACAD_SCALELIST
350
47
  3
ACAD_SECTIONVIEWSTYLE
350
C3
  3
ACAD_TABLESTYLE
350
69
  3
ACAD_VISUALSTYLE
350
2A
  3
ACDB_RECOMPOSE_DATA
350
BF
  3
AcDbVariableDictionary
350
87
  0
SUN
  5
6D
330
29
100
AcDbSun
 90
        1
290
     0
 63
     7
421
 16777215
 40
1.0
291
     1
 91
  2455826
 92
 54000000
292
     0
 70
     2
 71
   256
280
     1
  0
DICTIONARY
  5
C2
102
{ACAD_REACTORS
330
C
102
}
330
C
100
AcDbDictionary
281
     1
  0
DICTIONARY
  5
D
102
{ACAD_REACTORS
330
C
102
}
330
C
100
AcDbDictionary
281
     1
  0
DICTIONARY
  5
1A
102
{ACAD_REACTORS
330
C
102
}
330
C
100
AcDbDictionary
281
     1
  3
Layout1
350
1E
  3
Layout2
350
26
  3
Model
350
22
  0
DICTIONARY
  5
43
102
{ACAD_REACTORS
330
C
102
}
330
C
100
AcDbDictionary
281
     1
  3
ByBlock
350
45
  3
ByLayer
350
44
  3
Global
350
46
  0
DICTIONARY
  5
6B
102
{ACAD_REACTORS
330
C
102
}
330
C
100
AcDbDictionary
281
     1
  3
Standard
350
6C
  0
DICTIONARY
  5
17
102
{ACAD_REACTORS
330
C
102
}
330
C
100
AcDbDictionary
281
     1
  3
Standard
350
18
  0
DICTIONARY
  5
19
102
{ACAD_REACTORS
330
C
102
}
330
C
100
AcDbDictionary
281
     1
  0
ACDBDICTIONARYWDFLT
  5
E
102
{ACAD_REACTORS
330
C
102
}
330
C
100
AcDbDictionary
281
     1
  3
Normal
350
F
100
AcDbDictionaryWithDefault
340
F
  0
DICTIONARY
  5
47
102
{ACAD_REACTORS
330
C
102
}
330
C
100
AcDbDictionary
281
     1
  3
A0
350
48
  3
A1
350
49
  3
A2
350
4A
  3
A3
350
4B
  3
A4
350
4C
  3
A5
350
4D
  3
A6
350
4E
  3
A7
350
4F
  3
A8
350
50
  3
A9
350
51
  3
B0
350
52
  3
B1
350
53
  3
B2
350
54
  3
B3
350
55
  3
B4
350
56
  3
B5
350
57
  3
B6
350
58
  3
B7
350
59
  3
B8
350
5A
  3
B9
350
5B
  3
C0
350
5C
  3
C1
350
5D
  3
C2
350
5E
  3
C3
350
5F
  3
C4
350
60
  3
C5
350
61
  3
C6
350
62
  3
C7
350
63
  3
C8
350
64
  3
C9
350
65
  3
D0
350
66
  3
D1
350
67
  3
D2
350
68
  0
DICTIONARY
  5
C3
102
{ACAD_REACTORS
330
C
102
}
330
C
100
AcDbDictionary
281
     1
  0
DICTIONARY
  5
69
102
{ACAD_REACTORS
330
C
102
}
330
C
100
AcDbDictionary
281
     1
  3
Standard
350
6A
  0
DICTIONARY
  5
2A
102
{ACAD_REACTORS
330
C
102
}
330
C
100
AcDbDictionary
281
     1
  3
2dWireframe
350
2F
  3
Basic
350
32
  3
Brighten
350
36
  3
ColorChange
350
3A
  3
Conceptual
350
34
  3
Dim
350
35
  3
EdgeColorOff
350
3D
  3
Facepattern
350
39
  3
Flat
350
2B
  3
FlatWithEdges
350
2C
  3
Gouraud
350
2D
  3
GouraudWithEdges
350
2E
  3
Hidden
350
31
  3
JitterOff
350
3B
  3
Linepattern
350
38
  3
OverhangOff
350
3C
  3
Realistic
350
33
  3
Shaded
350
42
  3
Shaded with edges
350
41
  3
Shades of Gray
350
3E
  3
Sketchy
350
3F
  3
Thicken
350
37
  3
Wireframe
350
30
  3
X-Ray
350
40
  0
XRECORD
  5
BF
102
{ACAD_REACTORS
330
C
102
}
330
C
100
AcDbXrecord
280
     1
 90
        1
330
6A
  0
DICTIONARY
  5
87
102
{ACAD_REACTORS
330
C
102
}
330
C
100
AcDbDictionary
281
     1
  3
CANNOSCALE
350
88
  3
CMLEADERSTYLE
350
C1
  3
CTABLESTYLE
350
C0
  3
XCLIPFRAME
350
89
  0
LAYOUT
  5
1E
102
{ACAD_REACTORS
330
1A
102
}
330
1A
100
AcDbPlotSettings
  1

  2
none_device
  4

  6

 40
0.0
 41
0.0
 42
0.0
 43
0.0
 44
0.0
 45
0.0
 46
0.0
 47
0.0
 48
0.0
 49
0.0
140
0.0
141
0.0
142
1.0
143
1.0
 70
   688
 72
     0
 73
     0
 74
     5
  7

 75
    16
 76
     0
 77
     2
 78
   300
147
1.0
148
0.0
149
0.0
100
AcDbLayout
  1
Layout1
 70
     1
 71
     1
 10
0.0
 20
0.0
 11
12.0
 21
9.0
 12
0.0
 22
0.0
 32
0.0
 14
1.000000000000000E+20
 24
1.000000000000000E+20
 34
1.000000000000000E+20
 15
-1.000000000000000E+20
 25
-1.000000000000000E+20
 35
-1.000000000000000E+20
146
0.0
 13
0.0
 23
0.0
 33
0.0
 16
1.0
 26
0.0
 36
0.0
 17
0.0
 27
1.0
 37
0.0
 76
     0
330
1B
  0
LAYOUT
  5
26
102
{ACAD_REACTORS
330
1A
102
}
330
1A
100
AcDbPlotSettings
  1

  2
none_device
  4

  6

 40
0.0
 41
0.0
 42
0.0
 43
0.0
 44
0.0
 45
0.0
 46
0.0
 47
0.0
 48
0.0
 49
0.0
140
0.0
141
0.0
142
1.0
143
1.0
 70
   688
 72
     0
 73
     0
 74
     5
  7

 75
    16
 76
     0
 77
     2
 78
   300
147
1.0
148
0.0
149
0.0
100
AcDbLayout
  1
Layout2
 70
     1
 71
     2
 10
0.0
 20
0.0
 11
0.0
 21
0.0
 12
0.0
 22
0.0
 32
0.0
 14
0.0
 24
0.0
 34
0.0
 15
0.0
 25
0.0
 35
0.0
146
0.0
 13
0.0
 23
0.0
 33
0.0
 16
1.0
 26
0.0
 36
0.0
 17
0.0
 27
1.0
 37
0.0
 76
     0
330
23
  0
LAYOUT
  5
22
102
{ACAD_REACTORS
330
1A
102
}
330
1A
100
AcDbPlotSettings
  1

  2
none_device
  4
Letter_(8.50_x_11.00_Inches)
  6

 40
6.35
 41
6.35
 42
6.35000508
 43
6.35000508
 44
215.9
 45
279.4
 46
0.0
 47
0.0
 48
0.0
 49
0.0
140
0.0
141
0.0
142
1.0
143
1.0
 70
  1712
 72
     0
 73
     0
 74
     0
  7

 75
     0
 76
     0
 77
     2
 78
   300
147
1.0
148
0.0
149
0.0
100
AcDbLayout
  1
Model
 70
     1
 71
     0
 10
0.0
 20
0.0
 11
12.0
 21
9.0
 12
0.0
 22
0.0
 32
0.0
 14
-51.4649
 24
-65.732
 34
0.0
 15
51.4702
 25
65.732
 35
0.0
146
0.0
 13
0.0
 23
0.0
 33
0.0
 16
1.0
 26
0.0
 36
0.0
 17
0.0
 27
1.0
 37
0.0
 76
     0
330
1F
331
29
  0
MATERIAL
  5
45
102
{ACAD_REACTORS
330
43
102
}
330
43
100
AcDbMaterial
  1
ByBlock
 72
     1
 94
      127
  0
MATERIAL
  5
44
102
{ACAD_REACTORS
330
43
102
}
330
43
100
AcDbMaterial
  1
ByLayer
 72
     1
 94
      127
  0
MATERIAL
  5
46
102
{ACAD_REACTORS
330
43
102
}
330
43
100
AcDbMaterial
  1
Global
 72
     1
 94
      127
  0
MLEADERSTYLE
  5
6C
102
{ACAD_REACTORS
330
6B
102
}
102
{ACAD_XDICTIONARY
360
BD
102
}
330
6B
100
AcDbMLeaderStyle
170
     2
171
     1
172
     0
 90
        2
 40
0.0
 41
0.0
173
     1
 91
-1056964608
340
14
 92
       -2
290
     1
 42
0.09
291
     1
 43
0.36
  3
Standard
341
0
 44
0.18
300

342
11
174
     1
178
     6
175
     1
176
     0
 93
-1056964608
 45
0.18
292
     0
297
     0
 46
0.18
343
0
 94
-1056964608
 47
1.0
 49
1.0
140
1.0
293
     1
141
0.0
294
     1
177
     0
142
1.0
295
     0
296
     0
143
0.125
1001
ACAD_MLEADERVER
1070
     2
  0
MLINESTYLE
  5
18
102
{ACAD_REACTORS
330
17
102
}
330
17
100
AcDbMlineStyle
  2
Standard
 70
     0
  3

 62
   256
 51
90.0
 52
90.0
 71
     2
 49
0.5
 62
   256
  6
BYLAYER
 49
-0.5
 62
   256
  6
BYLAYER
  0
ACDBPLACEHOLDER
  5
F
102
{ACAD_REACTORS
330
E
102
}
330
E
  0
SCALE
  5
48
102
{ACAD_REACTORS
330
47
102
}
330
47
100
AcDbScale
 70
     0
300
1:1
140
1.0
141
1.0
290
     1
  0
SCALE
  5
49
102
{ACAD_REACTORS
330
47
102
}
330
47
100
AcDbScale
 70
     0
300
1:2
140
1.0
141
2.0
290
     0
  0
SCALE
  5
4A
102
{ACAD_REACTORS
330
47
102
}
330
47
100
AcDbScale
 70
     0
300
1:4
140
1.0
141
4.0
290
     0
  0
SCALE
  5
4B
102
{ACAD_REACTORS
330
47
102
}
330
47
100
AcDbScale
 70
     0
300
1:5
140
1.0
141
5.0
290
     0
  0
SCALE
  5
4C
102
{ACAD_REACTORS
330
47
102
}
330
47
100
AcDbScale
 70
     0
300
1:8
140
1.0
141
8.0
290
     0
  0
SCALE
  5
4D
102
{ACAD_REACTORS
330
47
102
}
330
47
100
AcDbScale
 70
     0
300
1:10
140
1.0
141
10.0
290
     0
  0
SCALE
  5
4E
102
{ACAD_REACTORS
330
47
102
}
330
47
100
AcDbScale
 70
     0
300
1:16
140
1.0
141
16.0
290
     0
  0
SCALE
  5
4F
102
{ACAD_REACTORS
330
47
102
}
330
47
100
AcDbScale
 70
     0
300
1:20
140
1.0
141
20.0
290
     0
  0
SCALE
  5
50
102
{ACAD_REACTORS
330
47
102
}
330
47
100
AcDbScale
 70
     0
300
1:30
140
1.0
141
30.0
290
     0
  0
SCALE
  5
51
102
{ACAD_REACTORS
330
47
102
}
330
47
100
AcDbScale
 70
     0
300
1:40
140
1.0
141
40.0
290
     0
  0
SCALE
  5
52
102
{ACAD_REACTORS
330
47
102
}
330
47
100
AcDbScale
 70
     0
300
1:50
140
1.0
141
50.0
290
     0
  0
SCALE
  5
53
102
{ACAD_REACTORS
330
47
102
}
330
47
100
AcDbScale
 70
     0
300
1:100
140
1.0
141
100.0
290
     0
  0
SCALE
  5
54
102
{ACAD_REACTORS
330
47
102
}
330
47
100
AcDbScale
 70
     0
300
2:1
140
2.0
141
1.0
290
     0
  0
SCALE
  5
55
102
{ACAD_REACTORS
330
47
102
}
330
47
100
AcDbScale
 70
     0
300
4:1
140
4.0
141
1.0
290
     0
  0
SCALE
  5
56
102
{ACAD_REACTORS
330
47
102
}
330
47
100
AcDbScale
 70
     0
300
8:1
140
8.0
141
1.0
290
     0
  0
SCALE
  5
57
102
{ACAD_REACTORS
330
47
102
}
330
47
100
AcDbScale
 70
     0
300
10:1
140
10.0
141
1.0
290
     0
  0
SCALE
  5
58
102
{ACAD_REACTORS
330
47
102
}
330
47
100
AcDbScale
 70
     0
300
100:1
140
100.0
141
1.0
290
     0
  0
SCALE
  5
59
102
{ACAD_REACTORS
330
47
102
}
330
47
100
AcDbScale
 70
     0
300
1/128" = 1'-0"
140
0.0078125
141
12.0
290
     0
  0
SCALE
  5
5A
102
{ACAD_REACTORS
330
47
102
}
330
47
100
AcDbScale
 70
     0
300
1/64" = 1'-0"
140
0.015625
141
12.0
290
     0
  0
SCALE
  5
5B
102
{ACAD_REACTORS
330
47
102
}
330
47
100
AcDbScale
 70
     0
300
1/32" = 1'-0"
140
0.03125
141
12.0
290
     0
  0
SCALE
  5
5C
102
{ACAD_REACTORS
330
47
102
}
330
47
100
AcDbScale
 70
     0
300
1/16" = 1'-0"
140
0.0625
141
12.0
290
     0
  0
SCALE
  5
5D
102
{ACAD_REACTORS
330
47
102
}
330
47
100
AcDbScale
 70
     0
300
3/32" = 1'-0"
140
0.09375
141
12.0
290
     0
  0
SCALE
  5
5E
102
{ACAD_REACTORS
330
47
102
}
330
47
100
AcDbScale
 70
     0
300
1/8" = 1'-0"
140
0.125
141
12.0
290
     0
  0
SCALE
  5
5F
102
{ACAD_REACTORS
330
47
102
}
330
47
100
AcDbScale
 70
     0
300
3/16" = 1'-0"
140
0.1875
141
12.0
290
     0
  0
SCALE
  5
60
102
{ACAD_REACTORS
330
47
102
}
330
47
100
AcDbScale
 70
     0
300
1/4" = 1'-0"
140
0.25
141
12.0
290
     0
  0
SCALE
  5
61
102
{ACAD_REACTORS
330
47
102
}
330
47
100
AcDbScale
 70
     0
300
3/8" = 1'-0"
140
0.375
141
12.0
290
     0
  0
SCALE
  5
62
102
{ACAD_REACTORS
330
47
102
}
330
47
100
AcDbScale
 70
     0
300
1/2" = 1'-0"
140
0.5
141
12.0
290
     0
  0
SCALE
  5
63
102
{ACAD_REACTORS
330
47
102
}
330
47
100
AcDbScale
 70
     0
300
3/4" = 1'-0"
140
0.75
141
12.0
290
     0
  0
SCALE
  5
64
102
{ACAD_REACTORS
330
47
102
}
330
47
100
AcDbScale
 70
     0
300
1" = 1'-0"
140
1.0
141
12.0
290
     0
  0
SCALE
  5
65
102
{ACAD_REACTORS
330
47
102
}
330
47
100
AcDbScale
 70
     0
300
1-1/2" = 1'-0"
140
1.5
141
12.0
290
     0
  0
SCALE
  5
66
102
{ACAD_REACTORS
330
47
102
}
330
47
100
AcDbScale
 70
     0
300
3" = 1'-0"
140
3.0
141
12.0
290
     0
  0
SCALE
  5
67
102
{ACAD_REACTORS
330
47
102
}
330
47
100
AcDbScale
 70
     0
300
6" = 1'-0"
140
6.0
141
12.0
290
     0
  0
SCALE
  5
68
102
{ACAD_REACTORS
330
47
102
}
330
47
100
AcDbScale
 70
     0
300
1'-0" = 1'-0"
140
12.0
141
12.0
290
     0
  0
TABLESTYLE
  5
6A
102
{ACAD_REACTORS
330
69
102
}
102
{ACAD_XDICTIONARY
360
BA
102
}
330
69
100
AcDbTableStyle
  3
Standard
 70
     0
 71
     0
 40
0.06
 41
0.06
280
     0
281
     0
  7
Standard
140
0.18
170
     2
 62
     0
 63
   257
283
     0
 90
        4
 91
        0
  1

274
    -2
284
     1
 64
     0
275
    -2
285
     1
 65
     0
276
    -2
286
     1
 66
     0
277
    -2
287
     1
 67
     0
278
    -2
288
     1
 68
     0
279
    -2
289
     1
 69
     0
  7
Standard
140
0.25
170
     5
 62
     0
 63
   257
283
     0
 90
        4
 91
        0
  1

274
    -2
284
     1
 64
     0
275
    -2
285
     1
 65
     0
276
    -2
286
     1
 66
     0
277
    -2
287
     1
 67
     0
278
    -2
288
     1
 68
     0
279
    -2
289
     1
 69
     0
  7
Standard
140
0.18
170
     5
 62
     0
 63
   257
283
     0
 90
        4
 91
        0
  1

274
    -2
284
     1
 64
     0
275
    -2
285
     1
 65
     0
276
    -2
286
     1
 66
     0
277
    -2
287
     1
 67
     0
278
    -2
288
     1
 68
     0
279
    -2
289
     1
 69
     0
  0
VISUALSTYLE
  5
2F
102
{ACAD_REACTORS
330
2A
102
}
102
{ACAD_XDICTIONARY
360
92
102
}
330
2A
100
AcDbVisualStyle
  2
2dWireframe
 70
     4
 71
     0
 72
     2
 73
     0
 90
        0
 40
0.6
 41
30.0
 62
     5
 63
     7
421
 16777215
 74
     1
 91
        4
 64
     7
 65
   257
 75
     1
175
     1
 42
1.0
 92
        0
 66
   257
 43
1.0
 76
     1
 77
     6
 78
     2
 67
     7
 79
     5
170
     0
171
     0
290
     0
174
     0
 93
        1
 44
0.0
173
     0
291
     0
 45
0.0
  0
VISUALSTYLE
  5
32
102
{ACAD_REACTORS
330
2A
102
}
102
{ACAD_XDICTIONARY
360
98
102
}
330
2A
100
AcDbVisualStyle
  2
Basic
 70
     7
 71
     1
 72
     0
 73
     1
 90
        0
 40
0.6
 41
30.0
 62
     5
 63
     7
421
 16777215
 74
     0
 91
        4
 64
     7
 65
   257
 75
     1
175
     1
 42
1.0
 92
        8
 66
     7
 43
1.0
 76
     1
 77
     6
 78
     2
 67
     7
 79
     5
170
     0
171
     0
290
     0
174
     0
 93
        1
 44
0.0
173
     0
291
     1
 45
0.0
  0
VISUALSTYLE
  5
36
102
{ACAD_REACTORS
330
2A
102
}
102
{ACAD_XDICTIONARY
360
A0
102
}
330
2A
100
AcDbVisualStyle
  2
Brighten
 70
    12
 71
     2
 72
     2
 73
     0
 90
        0
 40
0.6
 41
30.0
 62
     5
 63
     7
421
 16777215
 74
     1
 91
        4
 64
     7
 65
   257
 75
     1
175
     1
 42
1.0
 92
        8
 66
     7
 43
1.0
 76
     1
 77
     6
 78
     2
 67
     7
 79
     5
170
     0
171
     0
290
     0
174
     0
 93
        1
 44
50.0
173
     0
291
     1
 45
0.0
  0
VISUALSTYLE
  5
3A
102
{ACAD_REACTORS
330
2A
102
}
102
{ACAD_XDICTIONARY
360
A8
102
}
330
2A
100
AcDbVisualStyle
  2
ColorChange
 70
    16
 71
     2
 72
     2
 73
     3
 90
        0
 40
0.6
 41
30.0
 62
     5
 63
     8
421
  8421504
 74
     1
 91
        4
 64
     7
 65
   257
 75
     1
175
     1
 42
1.0
 92
        8
 66
     8
424
  8421504
 43
1.0
 76
     1
 77
     6
 78
     2
 67
     7
 79
     5
170
     0
171
     0
290
     0
174
     0
 93
        1
 44
0.0
173
     0
291
     1
 45
0.0
  0
VISUALSTYLE
  5
34
102
{ACAD_REACTORS
330
2A
102
}
102
{ACAD_XDICTIONARY
360
9C
102
}
330
2A
100
AcDbVisualStyle
  2
Conceptual
 70
     9
 71
     3
 72
     2
 73
     0
 90
        0
 40
0.6
 41
30.0
 62
     5
 63
     7
421
 16777215
 74
     2
 91
        2
 64
     7
 65
   257
 75
     1
175
     1
 42
179.0
 92
        8
 66
     7
 43
1.0
 76
     1
 77
     6
 78
     2
 67
     7
 79
     3
170
     0
171
     0
290
     0
174
     0
 93
        1
 44
0.0
173
     0
291
     0
 45
0.0
  0
VISUALSTYLE
  5
35
102
{ACAD_REACTORS
330
2A
102
}
102
{ACAD_XDICTIONARY
360
9E
102
}
330
2A
100
AcDbVisualStyle
  2
Dim
 70
    11
 71
     2
 72
     2
 73
     0
 90
        0
 40
0.6
 41
30.0
 62
     5
 63
     7
421
 16777215
 74
     1
 91
        4
 64
     7
 65
   257
 75
     1
175
     1
 42
1.0
 92
        8
 66
     7
 43
1.0
 76
     1
 77
     6
 78
     2
 67
     7
 79
     5
170
     0
171
     0
290
     0
174
     0
 93
        1
 44
-50.0
173
     0
291
     1
 45
0.0
  0
VISUALSTYLE
  5
3D
102
{ACAD_REACTORS
330
2A
102
}
102
{ACAD_XDICTIONARY
360
AE
102
}
330
2A
100
AcDbVisualStyle
  2
EdgeColorOff
 70
    22
 71
     2
 72
     2
 73
     0
 90
        0
 40
0.6
 41
30.0
 62
     5
 63
     7
421
 16777215
 74
     1
 91
        4
 64
     7
 65
   257
 75
     1
175
     1
 42
1.0
 92
        8
 66
     7
 43
1.0
 76
     1
 77
     6
 78
     2
 67
     7
 79
     5
170
     0
171
     0
290
     0
174
     0
 93
        1
 44
0.0
173
     0
291
     1
 45
0.0
  0
VISUALSTYLE
  5
39
102
{ACAD_REACTORS
330
2A
102
}
102
{ACAD_XDICTIONARY
360
A6
102
}
330
2A
100
AcDbVisualStyle
  2
Facepattern
 70
    15
 71
     2
 72
     2
 73
     0
 90
        0
 40
0.6
 41
30.0
 62
     5
 63
     7
421
 16777215
 74
     1
 91
        4
 64
     7
 65
   257
 75
     1
175
     1
 42
1.0
 92
        8
 66
     7
 43
1.0
 76
     1
 77
     6
 78
     2
 67
     7
 79
     5
170
     0
171
     0
290
     0
174
     0
 93
        1
 44
0.0
173
     0
291
     1
 45
0.0
  0
VISUALSTYLE
  5
2B
102
{ACAD_REACTORS
330
2A
102
}
102
{ACAD_XDICTIONARY
360
8A
102
}
330
2A
100
AcDbVisualStyle
  2
Flat
 70
     0
 71
     2
 72
     1
 73
     1
 90
        2
 40
0.6
 41
30.0
 62
     5
 63
     7
421
 16777215
 74
     0
 91
        0
 64
     7
 65
   257
 75
     1
175
     1
 42
1.0
 92
        8
 66
     7
 43
1.0
 76
     1
 77
     6
 78
     2
 67
     7
 79
     5
170
     0
171
     0
290
     0
174
     0
 93
       13
 44
0.0
173
     0
291
     1
 45
0.0
  0
VISUALSTYLE
  5
2C
102
{ACAD_REACTORS
330
2A
102
}
102
{ACAD_XDICTIONARY
360
8C
102
}
330
2A
100
AcDbVisualStyle
  2
FlatWithEdges
 70
     1
 71
     2
 72
     1
 73
     1
 90
        2
 40
0.6
 41
30.0
 62
     5
 63
     7
421
 16777215
 74
     1
 91
        0
 64
     7
 65
   257
 75
     1
175
     1
 42
1.0
 92
        0
 66
   257
 43
1.0
 76
     1
 77
     6
 78
     2
 67
     7
 79
     5
170
     0
171
     0
290
     0
174
     0
 93
       13
 44
0.0
173
     0
291
     1
 45
0.0
  0
VISUALSTYLE
  5
2D
102
{ACAD_REACTORS
330
2A
102
}
102
{ACAD_XDICTIONARY
360
8E
102
}
330
2A
100
AcDbVisualStyle
  2
Gouraud
 70
     2
 71
     2
 72
     2
 73
     1
 90
        2
 40
0.6
 41
30.0
 62
     5
 63
     7
421
 16777215
 74
     0
 91
        0
 64
     7
 65
   257
 75
     1
175
     1
 42
1.0
 92
        0
 66
     7
 43
1.0
 76
     1
 77
     6
 78
     2
 67
     7
 79
     5
170
     0
171
     0
290
     0
174
     0
 93
       13
 44
0.0
173
     0
291
     1
 45
0.0
  0
VISUALSTYLE
  5
2E
102
{ACAD_REACTORS
330
2A
102
}
102
{ACAD_XDICTIONARY
360
90
102
}
330
2A
100
AcDbVisualStyle
  2
GouraudWithEdges
 70
     3
 71
     2
 72
     2
 73
     1
 90
        2
 40
0.6
 41
30.0
 62
     5
 63
     7
421
 16777215
 74
     1
 91
        0
 64
     7
 65
   257
 75
     1
175
     1
 42
1.0
 92
        0
 66
   257
 43
1.0
 76
     1
 77
     6
 78
     2
 67
     7
 79
     5
170
     0
171
     0
290
     0
174
     0
 93
       13
 44
0.0
173
     0
291
     1
 45
0.0
  0
VISUALSTYLE
  5
31
102
{ACAD_REACTORS
330
2A
102
}
102
{ACAD_XDICTIONARY
360
96
102
}
330
2A
100
AcDbVisualStyle
  2
Hidden
 70
     6
 71
     1
 72
     2
 73
     2
 90
        0
 40
0.6
 41
30.0
 62
     5
 63
     7
421
 16777215
 74
     2
 91
        2
 64
     7
 65
   257
 75
     2
175
     1
 42
40.0
 92
        0
 66
   257
 43
1.0
 76
     1
 77
     6
 78
     2
 67
     7
 79
     3
170
     0
171
     0
290
     0
174
     0
 93
        1
 44
0.0
173
     0
291
     0
 45
0.0
  0
VISUALSTYLE
  5
3B
102
{ACAD_REACTORS
330
2A
102
}
102
{ACAD_XDICTIONARY
360
AA
102
}
330
2A
100
AcDbVisualStyle
  2
JitterOff
 70
    20
 71
     2
 72
     2
 73
     0
 90
        0
 40
0.6
 41
30.0
 62
     5
 63
     7
421
 16777215
 74
     1
 91
        4
 64
     7
 65
   257
 75
     1
175
     1
 42
1.0
 92
       10
 66
     7
 43
1.0
 76
     1
 77
     6
 78
     2
 67
     7
 79
     5
170
     0
171
     0
290
     0
174
     0
 93
        1
 44
0.0
173
     0
291
     1
 45
0.0
  0
VISUALSTYLE
  5
38
102
{ACAD_REACTORS
330
2A
102
}
102
{ACAD_XDICTIONARY
360
A4
102
}
330
2A
100
AcDbVisualStyle
  2
Linepattern
 70
    14
 71
     2
 72
     2
 73
     0
 90
        0
 40
0.6
 41
30.0
 62
     5
 63
     7
421
 16777215
 74
     1
 91
        4
 64
     7
 65
   257
 75
     7
175
     7
 42
1.0
 92
        8
 66
     7
 43
1.0
 76
     1
 77
     6
 78
     2
 67
     7
 79
     5
170
     0
171
     0
290
     0
174
     0
 93
        1
 44
0.0
173
     0
291
     1
 45
0.0
  0
VISUALSTYLE
  5
3C
102
{ACAD_REACTORS
330
2A
102
}
102
{ACAD_XDICTIONARY
360
AC
102
}
330
2A
100
AcDbVisualStyle
  2
OverhangOff
 70
    21
 71
     2
 72
     2
 73
     0
 90
        0
 40
0.6
 41
30.0
 62
     5
 63
     7
421
 16777215
 74
     1
 91
        4
 64
     7
 65
   257
 75
     1
175
     1
 42
1.0
 92
        9
 66
     7
 43
1.0
 76
     1
 77
     6
 78
     2
 67
     7
 79
     5
170
     0
171
     0
290
     0
174
     0
 93
        1
 44
0.0
173
     0
291
     1
 45
0.0
  0
VISUALSTYLE
  5
33
102
{ACAD_REACTORS
330
2A
102
}
102
{ACAD_XDICTIONARY
360
9A
102
}
330
2A
100
AcDbVisualStyle
  2
Realistic
 70
     8
 71
     2
 72
     3
 73
     0
 90
        2
 40
0.6
 41
30.0
 62
     5
 63
     7
421
 16777215
 74
     0
 91
        0
 64
     7
 65
   257
 75
     1
175
     1
 42
1.0
 92
        8
 66
   257
 43
1.0
 76
     1
 77
     6
 78
     2
 67
     7
 79
     3
170
     0
171
     0
290
     0
174
     0
 93
       13
 44
0.0
173
     0
291
     0
 45
0.0
  0
VISUALSTYLE
  5
42
102
{ACAD_REACTORS
330
2A
102
}
102
{ACAD_XDICTIONARY
360
B8
102
}
330
2A
100
AcDbVisualStyle
  2
Shaded
 70
    27
 71
     2
 72
     2
 73
     1
 90
        2
 40
0.6
 41
30.0
 62
     5
 63
     7
421
 16777215
 74
     0
 91
        4
 64
     7
 65
   257
 75
     1
175
     1
 42
1.0
 92
        8
 66
   257
 43
1.0
 76
     1
 77
     6
 78
     2
 67
     8
425
  7895160
 79
     3
170
     0
171
     0
290
     0
174
     0
 93
        5
 44
0.0
173
     0
291
     0
 45
0.0
  0
VISUALSTYLE
  5
41
102
{ACAD_REACTORS
330
2A
102
}
102
{ACAD_XDICTIONARY
360
B6
102
}
330
2A
100
AcDbVisualStyle
  2
Shaded with edges
 70
    26
 71
     2
 72
     2
 73
     1
 90
        2
 40
0.6
 41
30.0
 62
     5
 63
     7
421
 16777215
 74
     1
 91
       10
 64
     7
 65
   257
 75
     2
175
     1
 42
1.0
 92
        8
 66
   257
 43
1.0
 76
     1
 77
     6
 78
     2
 67
     7
 79
     3
170
     0
171
     0
290
     0
174
     0
 93
        5
 44
0.0
173
     0
291
     0
 45
0.0
  0
VISUALSTYLE
  5
3E
102
{ACAD_REACTORS
330
2A
102
}
102
{ACAD_XDICTIONARY
360
B0
102
}
330
2A
100
AcDbVisualStyle
  2
Shades of Gray
 70
    23
 71
     2
 72
     2
 73
     3
 90
        0
 40
0.6
 41
30.0
 62
     5
 63
     7
421
 16777215
 74
     2
 91
        2
 64
     7
 65
     7
 75
     1
175
     1
 42
40.0
 92
        8
 66
     7
 43
1.0
 76
     1
 77
     6
 78
     2
 67
     7
 79
     3
170
     0
171
     0
290
     0
174
     0
 93
        1
 44
0.0
173
     0
291
     0
 45
0.0
  0
VISUALSTYLE
  5
3F
102
{ACAD_REACTORS
330
2A
102
}
102
{ACAD_XDICTIONARY
360
B2
102
}
330
2A
100
AcDbVisualStyle
  2
Sketchy
 70
    24
 71
     1
 72
     2
 73
     2
 90
        0
 40
0.6
 41
30.0
 62
     5
 63
     7
421
 16777215
 74
     2
 91
        2
 64
     7
 65
     7
 75
     1
175
     1
 42
40.0
 92
       11
 66
     7
 43
1.0
 76
     1
 77
     6
 78
     2
 67
     7
 79
     6
170
     0
171
     0
290
     0
174
     0
 93
        1
 44
0.0
173
     0
291
     0
 45
0.0
  0
VISUALSTYLE
  5
37
102
{ACAD_REACTORS
330
2A
102
}
102
{ACAD_XDICTIONARY
360
A2
102
}
330
2A
100
AcDbVisualStyle
  2
Thicken
 70
    13
 71
     2
 72
     2
 73
     0
 90
        0
 40
0.6
 41
30.0
 62
     5
 63
     7
421
 16777215
 74
     1
 91
        4
 64
     7
 65
   257
 75
     1
175
     1
 42
1.0
 92
       12
 66
     7
 43
1.0
 76
     1
 77
     6
 78
     2
 67
     7
 79
     5
170
     0
171
     0
290
     0
174
     0
 93
        1
 44
0.0
173
     0
291
     1
 45
0.0
  0
VISUALSTYLE
  5
30
102
{ACAD_REACTORS
330
2A
102
}
102
{ACAD_XDICTIONARY
360
94
102
}
330
2A
100
AcDbVisualStyle
  2
Wireframe
 70
     5
 71
     0
 72
     2
 73
     0
 90
        0
 40
0.6
 41
30.0
 62
     5
 63
     7
421
 16777215
 74
     1
 91
        4
 64
     7
 65
   257
 75
     1
175
     1
 42
1.0
 92
        0
 66
   257
 43
1.0
 76
     1
 77
     6
 78
     2
 67
     7
 79
     3
170
     0
171
     0
290
     0
174
     0
 93
        1
 44
0.0
173
     0
291
     0
 45
0.0
  0
VISUALSTYLE
  5
40
102
{ACAD_REACTORS
330
2A
102
}
102
{ACAD_XDICTIONARY
360
B4
102
}
330
2A
100
AcDbVisualStyle
  2
X-Ray
 70
    25
 71
     2
 72
     2
 73
     1
 90
        1
 40
0.5
 41
30.0
 62
     5
 63
     7
421
 16777215
 74
     1
 91
        0
 64
     7
 65
   257
 75
     1
175
     1
 42
1.0
 92
        8
 66
     7
 43
1.0
 76
     1
 77
     6
 78
     2
 67
     7
 79
     3
170
     0
171
     0
290
     0
174
     0
 93
       13
 44
0.0
173
     0
291
     0
 45
0.0
  0
DICTIONARYVAR
  5
88
102
{ACAD_REACTORS
330
87
102
}
330
87
100
DictionaryVariables
280
     0
  1
1:1
  0
DICTIONARYVAR
  5
C1
102
{ACAD_REACTORS
330
87
102
}
330
87
100
DictionaryVariables
280
     0
  1
Standard
  0
DICTIONARYVAR
  5
C0
102
{ACAD_REACTORS
330
87
102
}
330
87
100
DictionaryVariables
280
     0
  1
Standard
  0
DICTIONARYVAR
  5
89
102
{ACAD_REACTORS
330
87
102
}
330
87
100
DictionaryVariables
280
     0
  1
2
  0
DICTIONARY
  5
BD
330
6C
100
AcDbDictionary
280
     1
281
     1
  3
ACAD_XREC_ROUNDTRIP
360
BE
  0
DICTIONARY
  5
BA
330
6A
100
AcDbDictionary
280
     1
281
     1
  3
ACAD_ROUNDTRIP_2008_TABLESTYLE_CELLSTYLEMAP
360
BB
  0
DICTIONARY
  5
92
330
2F
100
AcDbDictionary
280
     1
281
     1
  3
ACAD_XREC_ROUNDTRIP
360
93
  0
DICTIONARY
  5
98
330
32
100
AcDbDictionary
280
     1
281
     1
  3
ACAD_XREC_ROUNDTRIP
360
99
  0
DICTIONARY
  5
A0
330
36
100
AcDbDictionary
280
     1
281
     1
  3
ACAD_XREC_ROUNDTRIP
360
A1
  0
DICTIONARY
  5
A8
330
3A
100
AcDbDictionary
280
     1
281
     1
  3
ACAD_XREC_ROUNDTRIP
360
A9
  0
DICTIONARY
  5
9C
330
34
100
AcDbDictionary
280
     1
281
     1
  3
ACAD_XREC_ROUNDTRIP
360
9D
  0
DICTIONARY
  5
9E
330
35
100
AcDbDictionary
280
     1
281
     1
  3
ACAD_XREC_ROUNDTRIP
360
9F
  0
DICTIONARY
  5
AE
330
3D
100
AcDbDictionary
280
     1
281
     1
  3
ACAD_XREC_ROUNDTRIP
360
AF
  0
DICTIONARY
  5
A6
330
39
100
AcDbDictionary
280
     1
281
     1
  3
ACAD_XREC_ROUNDTRIP
360
A7
  0
DICTIONARY
  5
8A
330
2B
100
AcDbDictionary
280
     1
281
     1
  3
ACAD_XREC_ROUNDTRIP
360
8B
  0
DICTIONARY
  5
8C
330
2C
100
AcDbDictionary
280
     1
281
     1
  3
ACAD_XREC_ROUNDTRIP
360
8D
  0
DICTIONARY
  5
8E
330
2D
100
AcDbDictionary
280
     1
281
     1
  3
ACAD_XREC_ROUNDTRIP
360
8F
  0
DICTIONARY
  5
90
330
2E
100
AcDbDictionary
280
     1
281
     1
  3
ACAD_XREC_ROUNDTRIP
360
91
  0
DICTIONARY
  5
96
330
31
100
AcDbDictionary
280
     1
281
     1
  3
ACAD_XREC_ROUNDTRIP
360
97
  0
DICTIONARY
  5
AA
330
3B
100
AcDbDictionary
280
     1
281
     1
  3
ACAD_XREC_ROUNDTRIP
360
AB
  0
DICTIONARY
  5
A4
330
38
100
AcDbDictionary
280
     1
281
     1
  3
ACAD_XREC_ROUNDTRIP
360
A5
  0
DICTIONARY
  5
AC
330
3C
100
AcDbDictionary
280
     1
281
     1
  3
ACAD_XREC_ROUNDTRIP
360
AD
  0
DICTIONARY
  5
9A
330
33
100
AcDbDictionary
280
     1
281
     1
  3
ACAD_XREC_ROUNDTRIP
360
9B
  0
DICTIONARY
  5
B8
330
42
100
AcDbDictionary
280
     1
281
     1
  3
ACAD_XREC_ROUNDTRIP
360
B9
  0
DICTIONARY
  5
B6
330
41
100
AcDbDictionary
280
     1
281
     1
  3
ACAD_XREC_ROUNDTRIP
360
B7
  0
DICTIONARY
  5
B0
330
3E
100
AcDbDictionary
280
     1
281
     1
  3
ACAD_XREC_ROUNDTRIP
360
B1
  0
DICTIONARY
  5
B2
330
3F
100
AcDbDictionary
280
     1
281
     1
  3
ACAD_XREC_ROUNDTRIP
360
B3
  0
DICTIONARY
  5
A2
330
37
100
AcDbDictionary
280
     1
281
     1
  3
ACAD_XREC_ROUNDTRIP
360
A3
  0
DICTIONARY
  5
94
330
30
100
AcDbDictionary
280
     1
281
     1
  3
ACAD_XREC_ROUNDTRIP
360
95
  0
DICTIONARY
  5
B4
330
40
100
AcDbDictionary
280
     1
281
     1
  3
ACAD_XREC_ROUNDTRIP
360
B5
  0
XRECORD
  5
BE
102
{ACAD_REACTORS
330
BD
102
}
330
BD
100
AcDbXrecord
280
     1
102
ACAD_ROUNDTRIP_2010_MLEADER_STYLE
  0
CELLSTYLEMAP
  5
BB
102
{ACAD_REACTORS
330
BA
102
}
330
BA
100
AcDbCellStyleMap
 90
        3
300
CELLSTYLE
  1
TABLEFORMAT_BEGIN
 90
        5
170
     1
 91
        0
 92
    32768
 62
   257
 93
        1
300
CONTENTFORMAT
  1
CONTENTFORMAT_BEGIN
 90
        0
 91
        0
 92
        4
 93
        0
300

 40
0.0
140
1.0
 94
        5
 62
     0
340
11
144
0.25
309
CONTENTFORMAT_END
171
     1
301
MARGIN
  1
CELLMARGIN_BEGIN
 40
0.06
 40
0.06
 40
0.06
 40
0.06
 40
0.06
 40
0.06
309
CELLMARGIN_END
 94
        6
 95
        1
302
GRIDFORMAT
  1
GRIDFORMAT_BEGIN
 90
        0
 91
        1
 62
     0
 92
       -2
340
14
 93
        0
 40
0.045
309
GRIDFORMAT_END
 95
        2
302
GRIDFORMAT
  1
GRIDFORMAT_BEGIN
 90
        0
 91
        1
 62
     0
 92
       -2
340
14
 93
        0
 40
0.045
309
GRIDFORMAT_END
 95
        4
302
GRIDFORMAT
  1
GRIDFORMAT_BEGIN
 90
        0
 91
        1
 62
     0
 92
       -2
340
14
 93
        0
 40
0.045
309
GRIDFORMAT_END
 95
        8
302
GRIDFORMAT
  1
GRIDFORMAT_BEGIN
 90
        0
 91
        1
 62
     0
 92
       -2
340
14
 93
        0
 40
0.045
309
GRIDFORMAT_END
 95
       16
302
GRIDFORMAT
  1
GRIDFORMAT_BEGIN
 90
        0
 91
        1
 62
     0
 92
       -2
340
14
 93
        0
 40
0.045
309
GRIDFORMAT_END
 95
       32
302
GRIDFORMAT
  1
GRIDFORMAT_BEGIN
 90
        0
 91
        1
 62
     0
 92
       -2
340
14
 93
        0
 40
0.045
309
GRIDFORMAT_END
309
TABLEFORMAT_END
  1
CELLSTYLE_BEGIN
 90
        1
 91
        1
300
_TITLE
309
CELLSTYLE_END
300
CELLSTYLE
  1
TABLEFORMAT_BEGIN
 90
        5
170
     1
 91
        0
 92
        0
 62
   257
 93
        1
300
CONTENTFORMAT
  1
CONTENTFORMAT_BEGIN
 90
        0
 91
        0
 92
        4
 93
        0
300

 40
0.0
140
1.0
 94
        5
 62
     0
340
11
144
0.18
309
CONTENTFORMAT_END
171
     1
301
MARGIN
  1
CELLMARGIN_BEGIN
 40
0.06
 40
0.06
 40
0.06
 40
0.06
 40
0.06
 40
0.06
309
CELLMARGIN_END
 94
        6
 95
        1
302
GRIDFORMAT
  1
GRIDFORMAT_BEGIN
 90
        0
 91
        1
 62
     0
 92
       -2
340
14
 93
        0
 40
0.045
309
GRIDFORMAT_END
 95
        2
302
GRIDFORMAT
  1
GRIDFORMAT_BEGIN
 90
        0
 91
        1
 62
     0
 92
       -2
340
14
 93
        0
 40
0.045
309
GRIDFORMAT_END
 95
        4
302
GRIDFORMAT
  1
GRIDFORMAT_BEGIN
 90
        0
 91
        1
 62
     0
 92
       -2
340
14
 93
        0
 40
0.045
309
GRIDFORMAT_END
 95
        8
302
GRIDFORMAT
  1
GRIDFORMAT_BEGIN
 90
        0
 91
        1
 62
     0
 92
       -2
340
14
 93
        0
 40
0.045
309
GRIDFORMAT_END
 95
       16
302
GRIDFORMAT
  1
GRIDFORMAT_BEGIN
 90
        0
 91
        1
 62
     0
 92
       -2
340
14
 93
        0
 40
0.045
309
GRIDFORMAT_END
 95
       32
302
GRIDFORMAT
  1
GRIDFORMAT_BEGIN
 90
        0
 91
        1
 62
     0
 92
       -2
340
14
 93
        0
 40
0.045
309
GRIDFORMAT_END
309
TABLEFORMAT_END
  1
CELLSTYLE_BEGIN
 90
        2
 91
        1
300
_HEADER
309
CELLSTYLE_END
300
CELLSTYLE
  1
TABLEFORMAT_BEGIN
 90
        5
170
     1
 91
        0
 92
        0
 62
   257
 93
        1
300
CONTENTFORMAT
  1
CONTENTFORMAT_BEGIN
 90
        0
 91
        0
 92
        4
 93
        0
300

 40
0.0
140
1.0
 94
        2
 62
     0
340
11
144
0.18
309
CONTENTFORMAT_END
171
     1
301
MARGIN
  1
CELLMARGIN_BEGIN
 40
0.06
 40
0.06
 40
0.06
 40
0.06
 40
0.06
 40
0.06
309
CELLMARGIN_END
 94
        6
 95
        1
302
GRIDFORMAT
  1
GRIDFORMAT_BEGIN
 90
        0
 91
        1
 62
     0
 92
       -2
340
14
 93
        0
 40
0.045
309
GRIDFORMAT_END
 95
        2
302
GRIDFORMAT
  1
GRIDFORMAT_BEGIN
 90
        0
 91
        1
 62
     0
 92
       -2
340
14
 93
        0
 40
0.045
309
GRIDFORMAT_END
 95
        4
302
GRIDFORMAT
  1
GRIDFORMAT_BEGIN
 90
        0
 91
        1
 62
     0
 92
       -2
340
14
 93
        0
 40
0.045
309
GRIDFORMAT_END
 95
        8
302
GRIDFORMAT
  1
GRIDFORMAT_BEGIN
 90
        0
 91
        1
 62
     0
 92
       -2
340
14
 93
        0
 40
0.045
309
GRIDFORMAT_END
 95
       16
302
GRIDFORMAT
  1
GRIDFORMAT_BEGIN
 90
        0
 91
        1
 62
     0
 92
       -2
340
14
 93
        0
 40
0.045
309
GRIDFORMAT_END
 95
       32
302
GRIDFORMAT
  1
GRIDFORMAT_BEGIN
 90
        0
 91
        1
 62
     0
 92
       -2
340
14
 93
        0
 40
0.045
309
GRIDFORMAT_END
309
TABLEFORMAT_END
  1
CELLSTYLE_BEGIN
 90
        3
 91
        2
300
_DATA
309
CELLSTYLE_END
  0
XRECORD
  5
93
102
{ACAD_REACTORS
330
92
102
}
330
92
100
AcDbXrecord
280
     1
102
RTVSPropertyOp0
 70
     1
102
RTVSPropertyOp1
 70
     1
102
RTVSPropertyOp2
 70
     1
102
RTVSPropertyOp3
 70
     1
102
RTVSPropertyOp4
 70
     1
102
RTVSPropertyOp5
 70
     1
102
RTVSPropertyOp6
 70
     1
102
RTVSPropertyOp7
 70
     1
102
RTVSPropertyOp8
 70
     1
102
RTVSPropertyOp9
 70
     1
102
RTVSPropertyOp10
 70
     1
102
RTVSPropertyOp11
 70
     1
102
RTVSPropertyOp12
 70
     1
102
RTVSPropertyOp13
 70
     1
102
RTVSPropertyOp14
 70
     1
102
RTVSPropertyOp15
 70
     1
102
RTVSPropertyOp16
 70
     1
102
RTVSPropertyOp17
 70
     1
102
RTVSPropertyOp18
 70
     1
102
RTVSPropertyOp19
 70
     1
102
RTVSPropertyOp20
 70
     1
102
RTVSPropertyOp21
 70
     1
102
RTVSPropertyOp22
 70
     1
102
RTVSPropertyOp23
 70
     1
102
RTVSPropertyOp24
 70
     1
102
RTVSPropertyOp25
 70
     1
102
RTVSPropertyOp26
 70
     1
102
RTVSPropertyOp27
 70
     1
102
RTVSPropertyOp28
 70
     1
102
RTVSPropertyOp29
 70
     1
102
RTVSPropertyOp30
 70
     1
102
RTVSPropertyOp31
 70
     1
102
RTVSPropertyOp32
 70
     1
102
RTVSPropertyOp33
 70
     1
102
RTVSPropertyOp34
 70
     1
102
RTVSPropertyOp35
 70
     1
102
RTVSPropertyOp36
 70
     1
102
RTVSPropertyOp37
 70
     1
102
RTVSPropertyOp38
 70
     1
102
RTVSPropertyOp39
 70
     1
102
RTVSPropertyOp40
 70
     1
102
RTVSPropertyOp41
 70
     1
102
RTVSPropertyOp42
 70
     1
102
RTVSPropertyOp43
 70
     1
102
RTVSPropertyOp44
 70
     1
102
RTVSPropertyOp45
 70
     1
102
RTVSPropertyOp46
 70
     1
102
RTVSPropertyOp47
 70
     1
102
RTVSPropertyOp48
 70
     1
102
RTVSPropertyOp49
 70
     1
102
RTVSPropertyOp50
 70
     1
102
RTVSPropertyOp51
 70
     0
102
RTVSPropertyOp52
 70
     0
102
RTVSPropertyOp53
 70
     1
102
RTVSPropertyOp54
 70
     1
102
RTVSPropertyOp55
 70
     1
102
RTVSPropertyOp56
 70
     1
102
RTVSPropertyOp57
 70
     1
102
RTVSPost2010Prop28
280
     1
102
RTVSPost2010PropOp28
 70
     1
102
RTVSPost2010Prop29
280
     1
102
RTVSPost2010PropOp29
 70
     1
102
RTVSPost2010Prop30
280
     0
102
RTVSPost2010PropOp30
 70
     1
102
RTVSPost2010Prop31
280
     0
102
RTVSPost2010PropOp31
 70
     1
102
RTVSPost2010Prop32
280
     0
102
RTVSPost2010PropOp32
 70
     1
102
RTVSPost2010Prop33
280
     0
102
RTVSPost2010PropOp33
 70
     1
102
RTVSPost2010Prop34
280
     0
102
RTVSPost2010PropOp34
 70
     1
102
RTVSPost2010Prop35
280
     0
102
RTVSPost2010PropOp35
 70
     1
102
RTVSPost2010Prop36
280
     0
102
RTVSPost2010PropOp36
 70
     1
102
RTVSPost2010Prop37
 90
       50
102
RTVSPost2010PropOp37
 70
     1
102
RTVSPost2010Prop38
140
0.0
102
RTVSPost2010PropOp38
 70
     1
102
RTVSPost2010Prop39
140
1.0
102
RTVSPost2010PropOp39
 70
     1
102
RTVSPost2010Prop40
 90
        0
102
RTVSPost2010PropOp40
 70
     1
102
RTVSPost2010Prop41ColorIndex
 90
       18
102
RTVSPost2010Prop41ColorRGB
 90
        0
102
RTVSPost2010PropOp41
 70
     1
102
RTVSPost2010Prop42
 90
       50
102
RTVSPost2010PropOp42
 70
     1
102
RTVSPost2010Prop43
 90
        3
102
RTVSPost2010PropOp43
 70
     1
102
RTVSPost2010Prop44ColorIndex
 90
        5
102
RTVSPost2010Prop44ColorRGB
 90
      255
102
RTVSPost2010PropOp44
 70
     1
102
RTVSPost2010Prop45
280
     0
102
RTVSPost2010PropOp45
 70
     1
102
RTVSPost2010Prop46
 90
       50
102
RTVSPost2010PropOp46
 70
     1
102
RTVSPost2010Prop47
 90
       50
102
RTVSPost2010PropOp47
 70
     1
102
RTVSPost2010Prop48
 90
       50
102
RTVSPost2010PropOp48
 70
     1
102
RTVSPost2010Prop49
280
     0
102
RTVSPost2010PropOp49
 70
     1
102
RTVSPost2010Prop50
 90
       50
102
RTVSPost2010PropOp50
 70
     1
102
RTVSPost2010Prop51ColorIndex
 90
      256
102
RTVSPost2010Prop51ColorRGB
 90
-16777216
102
RTVSPost2010PropOp51
 70
     0
102
RTVSPost2010Prop52
140
1.0
102
RTVSPost2010PropOp52
 70
     0
102
RTVSPost2010Prop53
 90
        2
102
RTVSPost2010PropOp53
 70
     1
102
RTVSPost2010Prop54
  1
strokes_ogs.tif
102
RTVSPost2010PropOp54
 70
     1
102
RTVSPost2010Prop55
280
     0
102
RTVSPost2010PropOp55
 70
     1
102
RTVSPost2010Prop56
140
1.0
102
RTVSPost2010PropOp56
 70
     1
102
RTVSPost2010Prop57
140
1.0
102
RTVSPost2010PropOp57
 70
     1
  0
XRECORD
  5
99
102
{ACAD_REACTORS
330
98
102
}
330
98
100
AcDbXrecord
280
     1
102
RTVSPropertyOp0
 70
     1
102
RTVSPropertyOp1
 70
     1
102
RTVSPropertyOp2
 70
     1
102
RTVSPropertyOp3
 70
     1
102
RTVSPropertyOp4
 70
     1
102
RTVSPropertyOp5
 70
     1
102
RTVSPropertyOp6
 70
     1
102
RTVSPropertyOp7
 70
     1
102
RTVSPropertyOp8
 70
     1
102
RTVSPropertyOp9
 70
     1
102
RTVSPropertyOp10
 70
     1
102
RTVSPropertyOp11
 70
     1
102
RTVSPropertyOp12
 70
     1
102
RTVSPropertyOp13
 70
     1
102
RTVSPropertyOp14
 70
     1
102
RTVSPropertyOp15
 70
     1
102
RTVSPropertyOp16
 70
     1
102
RTVSPropertyOp17
 70
     1
102
RTVSPropertyOp18
 70
     1
102
RTVSPropertyOp19
 70
     1
102
RTVSPropertyOp20
 70
     1
102
RTVSPropertyOp21
 70
     1
102
RTVSPropertyOp22
 70
     1
102
RTVSPropertyOp23
 70
     1
102
RTVSPropertyOp24
 70
     1
102
RTVSPropertyOp25
 70
     1
102
RTVSPropertyOp26
 70
     1
102
RTVSPropertyOp27
 70
     1
102
RTVSPropertyOp28
 70
     1
102
RTVSPropertyOp29
 70
     1
102
RTVSPropertyOp30
 70
     1
102
RTVSPropertyOp31
 70
     1
102
RTVSPropertyOp32
 70
     1
102
RTVSPropertyOp33
 70
     1
102
RTVSPropertyOp34
 70
     1
102
RTVSPropertyOp35
 70
     1
102
RTVSPropertyOp36
 70
     1
102
RTVSPropertyOp37
 70
     1
102
RTVSPropertyOp38
 70
     1
102
RTVSPropertyOp39
 70
     1
102
RTVSPropertyOp40
 70
     1
102
RTVSPropertyOp41
 70
     1
102
RTVSPropertyOp42
 70
     1
102
RTVSPropertyOp43
 70
     1
102
RTVSPropertyOp44
 70
     1
102
RTVSPropertyOp45
 70
     1
102
RTVSPropertyOp46
 70
     1
102
RTVSPropertyOp47
 70
     1
102
RTVSPropertyOp48
 70
     1
102
RTVSPropertyOp49
 70
     1
102
RTVSPropertyOp50
 70
     1
102
RTVSPropertyOp51
 70
     0
102
RTVSPropertyOp52
 70
     0
102
RTVSPropertyOp53
 70
     1
102
RTVSPropertyOp54
 70
     1
102
RTVSPropertyOp55
 70
     1
102
RTVSPropertyOp56
 70
     1
102
RTVSPropertyOp57
 70
     1
102
RTVSPost2010Prop28
280
     0
102
RTVSPost2010PropOp28
 70
     1
102
RTVSPost2010Prop29
280
     1
102
RTVSPost2010PropOp29
 70
     1
102
RTVSPost2010Prop30
280
     1
102
RTVSPost2010PropOp30
 70
     1
102
RTVSPost2010Prop31
280
     0
102
RTVSPost2010PropOp31
 70
     1
102
RTVSPost2010Prop32
280
     0
102
RTVSPost2010PropOp32
 70
     1
102
RTVSPost2010Prop33
280
     0
102
RTVSPost2010PropOp33
 70
     1
102
RTVSPost2010Prop34
280
     0
102
RTVSPost2010PropOp34
 70
     1
102
RTVSPost2010Prop35
280
     0
102
RTVSPost2010PropOp35
 70
     1
102
RTVSPost2010Prop36
280
     0
102
RTVSPost2010PropOp36
 70
     1
102
RTVSPost2010Prop37
 90
       50
102
RTVSPost2010PropOp37
 70
     1
102
RTVSPost2010Prop38
140
0.0
102
RTVSPost2010PropOp38
 70
     1
102
RTVSPost2010Prop39
140
1.0
102
RTVSPost2010PropOp39
 70
     1
102
RTVSPost2010Prop40
 90
        0
102
RTVSPost2010PropOp40
 70
     1
102
RTVSPost2010Prop41ColorIndex
 90
       18
102
RTVSPost2010Prop41ColorRGB
 90
        0
102
RTVSPost2010PropOp41
 70
     1
102
RTVSPost2010Prop42
 90
       50
102
RTVSPost2010PropOp42
 70
     1
102
RTVSPost2010Prop43
 90
        3
102
RTVSPost2010PropOp43
 70
     1
102
RTVSPost2010Prop44ColorIndex
 90
        5
102
RTVSPost2010Prop44ColorRGB
 90
      255
102
RTVSPost2010PropOp44
 70
     1
102
RTVSPost2010Prop45
280
     0
102
RTVSPost2010PropOp45
 70
     1
102
RTVSPost2010Prop46
 90
       50
102
RTVSPost2010PropOp46
 70
     1
102
RTVSPost2010Prop47
 90
       50
102
RTVSPost2010PropOp47
 70
     1
102
RTVSPost2010Prop48
 90
       50
102
RTVSPost2010PropOp48
 70
     1
102
RTVSPost2010Prop49
280
     0
102
RTVSPost2010PropOp49
 70
     1
102
RTVSPost2010Prop50
 90
       50
102
RTVSPost2010PropOp50
 70
     1
102
RTVSPost2010Prop51ColorIndex
 90
      256
102
RTVSPost2010Prop51ColorRGB
 90
-16777216
102
RTVSPost2010PropOp51
 70
     0
102
RTVSPost2010Prop52
140
1.0
102
RTVSPost2010PropOp52
 70
     0
102
RTVSPost2010Prop53
 90
        2
102
RTVSPost2010PropOp53
 70
     1
102
RTVSPost2010Prop54
  1
strokes_ogs.tif
102
RTVSPost2010PropOp54
 70
     1
102
RTVSPost2010Prop55
280
     0
102
RTVSPost2010PropOp55
 70
     1
102
RTVSPost2010Prop56
140
1.0
102
RTVSPost2010PropOp56
 70
     1
102
RTVSPost2010Prop57
140
1.0
102
RTVSPost2010PropOp57
 70
     1
  0
XRECORD
  5
A1
102
{ACAD_REACTORS
330
A0
102
}
330
A0
100
AcDbXrecord
280
     1
102
RTVSPropertyOp0
 70
     1
102
RTVSPropertyOp1
 70
     1
102
RTVSPropertyOp2
 70
     1
102
RTVSPropertyOp3
 70
     1
102
RTVSPropertyOp4
 70
     1
102
RTVSPropertyOp5
 70
     1
102
RTVSPropertyOp6
 70
     1
102
RTVSPropertyOp7
 70
     1
102
RTVSPropertyOp8
 70
     1
102
RTVSPropertyOp9
 70
     1
102
RTVSPropertyOp10
 70
     1
102
RTVSPropertyOp11
 70
     1
102
RTVSPropertyOp12
 70
     1
102
RTVSPropertyOp13
 70
     1
102
RTVSPropertyOp14
 70
     1
102
RTVSPropertyOp15
 70
     1
102
RTVSPropertyOp16
 70
     1
102
RTVSPropertyOp17
 70
     1
102
RTVSPropertyOp18
 70
     1
102
RTVSPropertyOp19
 70
     1
102
RTVSPropertyOp20
 70
     1
102
RTVSPropertyOp21
 70
     1
102
RTVSPropertyOp22
 70
     1
102
RTVSPropertyOp23
 70
     1
102
RTVSPropertyOp24
 70
     1
102
RTVSPropertyOp25
 70
     1
102
RTVSPropertyOp26
 70
     1
102
RTVSPropertyOp27
 70
     1
102
RTVSPropertyOp28
 70
     1
102
RTVSPropertyOp29
 70
     1
102
RTVSPropertyOp30
 70
     1
102
RTVSPropertyOp31
 70
     1
102
RTVSPropertyOp32
 70
     1
102
RTVSPropertyOp33
 70
     1
102
RTVSPropertyOp34
 70
     1
102
RTVSPropertyOp35
 70
     1
102
RTVSPropertyOp36
 70
     1
102
RTVSPropertyOp37
 70
     1
102
RTVSPropertyOp38
 70
     1
102
RTVSPropertyOp39
 70
     1
102
RTVSPropertyOp40
 70
     1
102
RTVSPropertyOp41
 70
     1
102
RTVSPropertyOp42
 70
     1
102
RTVSPropertyOp43
 70
     1
102
RTVSPropertyOp44
 70
     1
102
RTVSPropertyOp45
 70
     1
102
RTVSPropertyOp46
 70
     1
102
RTVSPropertyOp47
 70
     1
102
RTVSPropertyOp48
 70
     1
102
RTVSPropertyOp49
 70
     1
102
RTVSPropertyOp50
 70
     1
102
RTVSPropertyOp51
 70
     0
102
RTVSPropertyOp52
 70
     0
102
RTVSPropertyOp53
 70
     1
102
RTVSPropertyOp54
 70
     1
102
RTVSPropertyOp55
 70
     1
102
RTVSPropertyOp56
 70
     1
102
RTVSPropertyOp57
 70
     1
102
RTVSPost2010Prop28
280
     0
102
RTVSPost2010PropOp28
 70
     1
102
RTVSPost2010Prop29
280
     1
102
RTVSPost2010PropOp29
 70
     1
102
RTVSPost2010Prop30
280
     1
102
RTVSPost2010PropOp30
 70
     1
102
RTVSPost2010Prop31
280
     0
102
RTVSPost2010PropOp31
 70
     1
102
RTVSPost2010Prop32
280
     0
102
RTVSPost2010PropOp32
 70
     1
102
RTVSPost2010Prop33
280
     0
102
RTVSPost2010PropOp33
 70
     1
102
RTVSPost2010Prop34
280
     0
102
RTVSPost2010PropOp34
 70
     1
102
RTVSPost2010Prop35
280
     0
102
RTVSPost2010PropOp35
 70
     1
102
RTVSPost2010Prop36
280
     0
102
RTVSPost2010PropOp36
 70
     1
102
RTVSPost2010Prop37
 90
       50
102
RTVSPost2010PropOp37
 70
     1
102
RTVSPost2010Prop38
140
0.0
102
RTVSPost2010PropOp38
 70
     1
102
RTVSPost2010Prop39
140
1.0
102
RTVSPost2010PropOp39
 70
     1
102
RTVSPost2010Prop40
 90
        0
102
RTVSPost2010PropOp40
 70
     1
102
RTVSPost2010Prop41ColorIndex
 90
       18
102
RTVSPost2010Prop41ColorRGB
 90
        0
102
RTVSPost2010PropOp41
 70
     1
102
RTVSPost2010Prop42
 90
       50
102
RTVSPost2010PropOp42
 70
     1
102
RTVSPost2010Prop43
 90
        3
102
RTVSPost2010PropOp43
 70
     1
102
RTVSPost2010Prop44ColorIndex
 90
        5
102
RTVSPost2010Prop44ColorRGB
 90
      255
102
RTVSPost2010PropOp44
 70
     1
102
RTVSPost2010Prop45
280
     0
102
RTVSPost2010PropOp45
 70
     1
102
RTVSPost2010Prop46
 90
       50
102
RTVSPost2010PropOp46
 70
     1
102
RTVSPost2010Prop47
 90
       50
102
RTVSPost2010PropOp47
 70
     1
102
RTVSPost2010Prop48
 90
       50
102
RTVSPost2010PropOp48
 70
     1
102
RTVSPost2010Prop49
280
     0
102
RTVSPost2010PropOp49
 70
     1
102
RTVSPost2010Prop50
 90
       50
102
RTVSPost2010PropOp50
 70
     1
102
RTVSPost2010Prop51ColorIndex
 90
      256
102
RTVSPost2010Prop51ColorRGB
 90
-16777216
102
RTVSPost2010PropOp51
 70
     0
102
RTVSPost2010Prop52
140
1.0
102
RTVSPost2010PropOp52
 70
     0
102
RTVSPost2010Prop53
 90
        2
102
RTVSPost2010PropOp53
 70
     1
102
RTVSPost2010Prop54
  1
strokes_ogs.tif
102
RTVSPost2010PropOp54
 70
     1
102
RTVSPost2010Prop55
280
     0
102
RTVSPost2010PropOp55
 70
     1
102
RTVSPost2010Prop56
140
1.0
102
RTVSPost2010PropOp56
 70
     1
102
RTVSPost2010Prop57
140
1.0
102
RTVSPost2010PropOp57
 70
     1
  0
XRECORD
  5
A9
102
{ACAD_REACTORS
330
A8
102
}
330
A8
100
AcDbXrecord
280
     1
102
RTVSPropertyOp0
 70
     1
102
RTVSPropertyOp1
 70
     1
102
RTVSPropertyOp2
 70
     1
102
RTVSPropertyOp3
 70
     1
102
RTVSPropertyOp4
 70
     1
102
RTVSPropertyOp5
 70
     1
102
RTVSPropertyOp6
 70
     1
102
RTVSPropertyOp7
 70
     1
102
RTVSPropertyOp8
 70
     1
102
RTVSPropertyOp9
 70
     1
102
RTVSPropertyOp10
 70
     1
102
RTVSPropertyOp11
 70
     1
102
RTVSPropertyOp12
 70
     1
102
RTVSPropertyOp13
 70
     1
102
RTVSPropertyOp14
 70
     1
102
RTVSPropertyOp15
 70
     1
102
RTVSPropertyOp16
 70
     1
102
RTVSPropertyOp17
 70
     1
102
RTVSPropertyOp18
 70
     1
102
RTVSPropertyOp19
 70
     1
102
RTVSPropertyOp20
 70
     1
102
RTVSPropertyOp21
 70
     1
102
RTVSPropertyOp22
 70
     1
102
RTVSPropertyOp23
 70
     1
102
RTVSPropertyOp24
 70
     1
102
RTVSPropertyOp25
 70
     1
102
RTVSPropertyOp26
 70
     1
102
RTVSPropertyOp27
 70
     1
102
RTVSPropertyOp28
 70
     1
102
RTVSPropertyOp29
 70
     1
102
RTVSPropertyOp30
 70
     1
102
RTVSPropertyOp31
 70
     1
102
RTVSPropertyOp32
 70
     1
102
RTVSPropertyOp33
 70
     1
102
RTVSPropertyOp34
 70
     1
102
RTVSPropertyOp35
 70
     1
102
RTVSPropertyOp36
 70
     1
102
RTVSPropertyOp37
 70
     1
102
RTVSPropertyOp38
 70
     1
102
RTVSPropertyOp39
 70
     1
102
RTVSPropertyOp40
 70
     1
102
RTVSPropertyOp41
 70
     1
102
RTVSPropertyOp42
 70
     1
102
RTVSPropertyOp43
 70
     1
102
RTVSPropertyOp44
 70
     1
102
RTVSPropertyOp45
 70
     1
102
RTVSPropertyOp46
 70
     1
102
RTVSPropertyOp47
 70
     1
102
RTVSPropertyOp48
 70
     1
102
RTVSPropertyOp49
 70
     1
102
RTVSPropertyOp50
 70
     1
102
RTVSPropertyOp51
 70
     0
102
RTVSPropertyOp52
 70
     0
102
RTVSPropertyOp53
 70
     1
102
RTVSPropertyOp54
 70
     1
102
RTVSPropertyOp55
 70
     1
102
RTVSPropertyOp56
 70
     1
102
RTVSPropertyOp57
 70
     1
102
RTVSPost2010Prop28
280
     0
102
RTVSPost2010PropOp28
 70
     1
102
RTVSPost2010Prop29
280
     1
102
RTVSPost2010PropOp29
 70
     1
102
RTVSPost2010Prop30
280
     1
102
RTVSPost2010PropOp30
 70
     1
102
RTVSPost2010Prop31
280
     0
102
RTVSPost2010PropOp31
 70
     1
102
RTVSPost2010Prop32
280
     0
102
RTVSPost2010PropOp32
 70
     1
102
RTVSPost2010Prop33
280
     0
102
RTVSPost2010PropOp33
 70
     1
102
RTVSPost2010Prop34
280
     0
102
RTVSPost2010PropOp34
 70
     1
102
RTVSPost2010Prop35
280
     0
102
RTVSPost2010PropOp35
 70
     1
102
RTVSPost2010Prop36
280
     0
102
RTVSPost2010PropOp36
 70
     1
102
RTVSPost2010Prop37
 90
       50
102
RTVSPost2010PropOp37
 70
     1
102
RTVSPost2010Prop38
140
0.0
102
RTVSPost2010PropOp38
 70
     1
102
RTVSPost2010Prop39
140
1.0
102
RTVSPost2010PropOp39
 70
     1
102
RTVSPost2010Prop40
 90
        0
102
RTVSPost2010PropOp40
 70
     1
102
RTVSPost2010Prop41ColorIndex
 90
       18
102
RTVSPost2010Prop41ColorRGB
 90
        0
102
RTVSPost2010PropOp41
 70
     1
102
RTVSPost2010Prop42
 90
       50
102
RTVSPost2010PropOp42
 70
     1
102
RTVSPost2010Prop43
 90
        3
102
RTVSPost2010PropOp43
 70
     1
102
RTVSPost2010Prop44ColorIndex
 90
        5
102
RTVSPost2010Prop44ColorRGB
 90
      255
102
RTVSPost2010PropOp44
 70
     1
102
RTVSPost2010Prop45
280
     0
102
RTVSPost2010PropOp45
 70
     1
102
RTVSPost2010Prop46
 90
       50
102
RTVSPost2010PropOp46
 70
     1
102
RTVSPost2010Prop47
 90
       50
102
RTVSPost2010PropOp47
 70
     1
102
RTVSPost2010Prop48
 90
       50
102
RTVSPost2010PropOp48
 70
     1
102
RTVSPost2010Prop49
280
     0
102
RTVSPost2010PropOp49
 70
     1
102
RTVSPost2010Prop50
 90
       50
102
RTVSPost2010PropOp50
 70
     1
102
RTVSPost2010Prop51ColorIndex
 90
      256
102
RTVSPost2010Prop51ColorRGB
 90
-16777216
102
RTVSPost2010PropOp51
 70
     0
102
RTVSPost2010Prop52
140
1.0
102
RTVSPost2010PropOp52
 70
     0
102
RTVSPost2010Prop53
 90
        2
102
RTVSPost2010PropOp53
 70
     1
102
RTVSPost2010Prop54
  1
strokes_ogs.tif
102
RTVSPost2010PropOp54
 70
     1
102
RTVSPost2010Prop55
280
     0
102
RTVSPost2010PropOp55
 70
     1
102
RTVSPost2010Prop56
140
1.0
102
RTVSPost2010PropOp56
 70
     1
102
RTVSPost2010Prop57
140
1.0
102
RTVSPost2010PropOp57
 70
     1
  0
XRECORD
  5
9D
102
{ACAD_REACTORS
330
9C
102
}
330
9C
100
AcDbXrecord
280
     1
102
RTVSPropertyOp0
 70
     1
102
RTVSPropertyOp1
 70
     1
102
RTVSPropertyOp2
 70
     1
102
RTVSPropertyOp3
 70
     1
102
RTVSPropertyOp4
 70
     1
102
RTVSPropertyOp5
 70
     1
102
RTVSPropertyOp6
 70
     1
102
RTVSPropertyOp7
 70
     1
102
RTVSPropertyOp8
 70
     1
102
RTVSPropertyOp9
 70
     1
102
RTVSPropertyOp10
 70
     1
102
RTVSPropertyOp11
 70
     1
102
RTVSPropertyOp12
 70
     1
102
RTVSPropertyOp13
 70
     1
102
RTVSPropertyOp14
 70
     1
102
RTVSPropertyOp15
 70
     1
102
RTVSPropertyOp16
 70
     1
102
RTVSPropertyOp17
 70
     1
102
RTVSPropertyOp18
 70
     1
102
RTVSPropertyOp19
 70
     1
102
RTVSPropertyOp20
 70
     1
102
RTVSPropertyOp21
 70
     1
102
RTVSPropertyOp22
 70
     1
102
RTVSPropertyOp23
 70
     1
102
RTVSPropertyOp24
 70
     1
102
RTVSPropertyOp25
 70
     1
102
RTVSPropertyOp26
 70
     1
102
RTVSPropertyOp27
 70
     1
102
RTVSPropertyOp28
 70
     1
102
RTVSPropertyOp29
 70
     1
102
RTVSPropertyOp30
 70
     1
102
RTVSPropertyOp31
 70
     1
102
RTVSPropertyOp32
 70
     1
102
RTVSPropertyOp33
 70
     1
102
RTVSPropertyOp34
 70
     1
102
RTVSPropertyOp35
 70
     1
102
RTVSPropertyOp36
 70
     1
102
RTVSPropertyOp37
 70
     1
102
RTVSPropertyOp38
 70
     1
102
RTVSPropertyOp39
 70
     1
102
RTVSPropertyOp40
 70
     1
102
RTVSPropertyOp41
 70
     1
102
RTVSPropertyOp42
 70
     1
102
RTVSPropertyOp43
 70
     1
102
RTVSPropertyOp44
 70
     1
102
RTVSPropertyOp45
 70
     1
102
RTVSPropertyOp46
 70
     1
102
RTVSPropertyOp47
 70
     1
102
RTVSPropertyOp48
 70
     1
102
RTVSPropertyOp49
 70
     1
102
RTVSPropertyOp50
 70
     1
102
RTVSPropertyOp51
 70
     0
102
RTVSPropertyOp52
 70
     0
102
RTVSPropertyOp53
 70
     1
102
RTVSPropertyOp54
 70
     1
102
RTVSPropertyOp55
 70
     1
102
RTVSPropertyOp56
 70
     1
102
RTVSPropertyOp57
 70
     1
102
RTVSPost2010Prop28
280
     0
102
RTVSPost2010PropOp28
 70
     1
102
RTVSPost2010Prop29
280
     1
102
RTVSPost2010PropOp29
 70
     1
102
RTVSPost2010Prop30
280
     1
102
RTVSPost2010PropOp30
 70
     1
102
RTVSPost2010Prop31
280
     0
102
RTVSPost2010PropOp31
 70
     1
102
RTVSPost2010Prop32
280
     0
102
RTVSPost2010PropOp32
 70
     1
102
RTVSPost2010Prop33
280
     0
102
RTVSPost2010PropOp33
 70
     1
102
RTVSPost2010Prop34
280
     0
102
RTVSPost2010PropOp34
 70
     1
102
RTVSPost2010Prop35
280
     0
102
RTVSPost2010PropOp35
 70
     1
102
RTVSPost2010Prop36
280
     0
102
RTVSPost2010PropOp36
 70
     1
102
RTVSPost2010Prop37
 90
       50
102
RTVSPost2010PropOp37
 70
     1
102
RTVSPost2010Prop38
140
0.0
102
RTVSPost2010PropOp38
 70
     1
102
RTVSPost2010Prop39
140
1.0
102
RTVSPost2010PropOp39
 70
     1
102
RTVSPost2010Prop40
 90
        0
102
RTVSPost2010PropOp40
 70
     1
102
RTVSPost2010Prop41ColorIndex
 90
       18
102
RTVSPost2010Prop41ColorRGB
 90
        0
102
RTVSPost2010PropOp41
 70
     1
102
RTVSPost2010Prop42
 90
       50
102
RTVSPost2010PropOp42
 70
     1
102
RTVSPost2010Prop43
 90
        3
102
RTVSPost2010PropOp43
 70
     1
102
RTVSPost2010Prop44ColorIndex
 90
        5
102
RTVSPost2010Prop44ColorRGB
 90
      255
102
RTVSPost2010PropOp44
 70
     1
102
RTVSPost2010Prop45
280
     0
102
RTVSPost2010PropOp45
 70
     1
102
RTVSPost2010Prop46
 90
       50
102
RTVSPost2010PropOp46
 70
     1
102
RTVSPost2010Prop47
 90
       50
102
RTVSPost2010PropOp47
 70
     1
102
RTVSPost2010Prop48
 90
       50
102
RTVSPost2010PropOp48
 70
     1
102
RTVSPost2010Prop49
280
     0
102
RTVSPost2010PropOp49
 70
     1
102
RTVSPost2010Prop50
 90
       50
102
RTVSPost2010PropOp50
 70
     1
102
RTVSPost2010Prop51ColorIndex
 90
      256
102
RTVSPost2010Prop51ColorRGB
 90
-16777216
102
RTVSPost2010PropOp51
 70
     0
102
RTVSPost2010Prop52
140
1.0
102
RTVSPost2010PropOp52
 70
     0
102
RTVSPost2010Prop53
 90
        2
102
RTVSPost2010PropOp53
 70
     1
102
RTVSPost2010Prop54
  1
strokes_ogs.tif
102
RTVSPost2010PropOp54
 70
     1
102
RTVSPost2010Prop55
280
     0
102
RTVSPost2010PropOp55
 70
     1
102
RTVSPost2010Prop56
140
1.0
102
RTVSPost2010PropOp56
 70
     1
102
RTVSPost2010Prop57
140
1.0
102
RTVSPost2010PropOp57
 70
     1
  0
XRECORD
  5
9F
102
{ACAD_REACTORS
330
9E
102
}
330
9E
100
AcDbXrecord
280
     1
102
RTVSPropertyOp0
 70
     1
102
RTVSPropertyOp1
 70
     1
102
RTVSPropertyOp2
 70
     1
102
RTVSPropertyOp3
 70
     1
102
RTVSPropertyOp4
 70
     1
102
RTVSPropertyOp5
 70
     1
102
RTVSPropertyOp6
 70
     1
102
RTVSPropertyOp7
 70
     1
102
RTVSPropertyOp8
 70
     1
102
RTVSPropertyOp9
 70
     1
102
RTVSPropertyOp10
 70
     1
102
RTVSPropertyOp11
 70
     1
102
RTVSPropertyOp12
 70
     1
102
RTVSPropertyOp13
 70
     1
102
RTVSPropertyOp14
 70
     1
102
RTVSPropertyOp15
 70
     1
102
RTVSPropertyOp16
 70
     1
102
RTVSPropertyOp17
 70
     1
102
RTVSPropertyOp18
 70
     1
102
RTVSPropertyOp19
 70
     1
102
RTVSPropertyOp20
 70
     1
102
RTVSPropertyOp21
 70
     1
102
RTVSPropertyOp22
 70
     1
102
RTVSPropertyOp23
 70
     1
102
RTVSPropertyOp24
 70
     1
102
RTVSPropertyOp25
 70
     1
102
RTVSPropertyOp26
 70
     1
102
RTVSPropertyOp27
 70
     1
102
RTVSPropertyOp28
 70
     1
102
RTVSPropertyOp29
 70
     1
102
RTVSPropertyOp30
 70
     1
102
RTVSPropertyOp31
 70
     1
102
RTVSPropertyOp32
 70
     1
102
RTVSPropertyOp33
 70
     1
102
RTVSPropertyOp34
 70
     1
102
RTVSPropertyOp35
 70
     1
102
RTVSPropertyOp36
 70
     1
102
RTVSPropertyOp37
 70
     1
102
RTVSPropertyOp38
 70
     1
102
RTVSPropertyOp39
 70
     1
102
RTVSPropertyOp40
 70
     1
102
RTVSPropertyOp41
 70
     1
102
RTVSPropertyOp42
 70
     1
102
RTVSPropertyOp43
 70
     1
102
RTVSPropertyOp44
 70
     1
102
RTVSPropertyOp45
 70
     1
102
RTVSPropertyOp46
 70
     1
102
RTVSPropertyOp47
 70
     1
102
RTVSPropertyOp48
 70
     1
102
RTVSPropertyOp49
 70
     1
102
RTVSPropertyOp50
 70
     1
102
RTVSPropertyOp51
 70
     0
102
RTVSPropertyOp52
 70
     0
102
RTVSPropertyOp53
 70
     1
102
RTVSPropertyOp54
 70
     1
102
RTVSPropertyOp55
 70
     1
102
RTVSPropertyOp56
 70
     1
102
RTVSPropertyOp57
 70
     1
102
RTVSPost2010Prop28
280
     0
102
RTVSPost2010PropOp28
 70
     1
102
RTVSPost2010Prop29
280
     1
102
RTVSPost2010PropOp29
 70
     1
102
RTVSPost2010Prop30
280
     1
102
RTVSPost2010PropOp30
 70
     1
102
RTVSPost2010Prop31
280
     0
102
RTVSPost2010PropOp31
 70
     1
102
RTVSPost2010Prop32
280
     0
102
RTVSPost2010PropOp32
 70
     1
102
RTVSPost2010Prop33
280
     0
102
RTVSPost2010PropOp33
 70
     1
102
RTVSPost2010Prop34
280
     0
102
RTVSPost2010PropOp34
 70
     1
102
RTVSPost2010Prop35
280
     0
102
RTVSPost2010PropOp35
 70
     1
102
RTVSPost2010Prop36
280
     0
102
RTVSPost2010PropOp36
 70
     1
102
RTVSPost2010Prop37
 90
       50
102
RTVSPost2010PropOp37
 70
     1
102
RTVSPost2010Prop38
140
0.0
102
RTVSPost2010PropOp38
 70
     1
102
RTVSPost2010Prop39
140
1.0
102
RTVSPost2010PropOp39
 70
     1
102
RTVSPost2010Prop40
 90
        0
102
RTVSPost2010PropOp40
 70
     1
102
RTVSPost2010Prop41ColorIndex
 90
       18
102
RTVSPost2010Prop41ColorRGB
 90
        0
102
RTVSPost2010PropOp41
 70
     1
102
RTVSPost2010Prop42
 90
       50
102
RTVSPost2010PropOp42
 70
     1
102
RTVSPost2010Prop43
 90
        3
102
RTVSPost2010PropOp43
 70
     1
102
RTVSPost2010Prop44ColorIndex
 90
        5
102
RTVSPost2010Prop44ColorRGB
 90
      255
102
RTVSPost2010PropOp44
 70
     1
102
RTVSPost2010Prop45
280
     0
102
RTVSPost2010PropOp45
 70
     1
102
RTVSPost2010Prop46
 90
       50
102
RTVSPost2010PropOp46
 70
     1
102
RTVSPost2010Prop47
 90
       50
102
RTVSPost2010PropOp47
 70
     1
102
RTVSPost2010Prop48
 90
       50
102
RTVSPost2010PropOp48
 70
     1
102
RTVSPost2010Prop49
280
     0
102
RTVSPost2010PropOp49
 70
     1
102
RTVSPost2010Prop50
 90
       50
102
RTVSPost2010PropOp50
 70
     1
102
RTVSPost2010Prop51ColorIndex
 90
      256
102
RTVSPost2010Prop51ColorRGB
 90
-16777216
102
RTVSPost2010PropOp51
 70
     0
102
RTVSPost2010Prop52
140
1.0
102
RTVSPost2010PropOp52
 70
     0
102
RTVSPost2010Prop53
 90
        2
102
RTVSPost2010PropOp53
 70
     1
102
RTVSPost2010Prop54
  1
strokes_ogs.tif
102
RTVSPost2010PropOp54
 70
     1
102
RTVSPost2010Prop55
280
     0
102
RTVSPost2010PropOp55
 70
     1
102
RTVSPost2010Prop56
140
1.0
102
RTVSPost2010PropOp56
 70
     1
102
RTVSPost2010Prop57
140
1.0
102
RTVSPost2010PropOp57
 70
     1
  0
XRECORD
  5
AF
102
{ACAD_REACTORS
330
AE
102
}
330
AE
100
AcDbXrecord
280
     1
102
RTVSPropertyOp0
 70
     0
102
RTVSPropertyOp1
 70
     0
102
RTVSPropertyOp2
 70
     0
102
RTVSPropertyOp3
 70
     0
102
RTVSPropertyOp4
 70
     0
102
RTVSPropertyOp5
 70
     0
102
RTVSPropertyOp6
 70
     0
102
RTVSPropertyOp7
 70
     0
102
RTVSPropertyOp8
 70
     0
102
RTVSPropertyOp9
 70
     0
102
RTVSPropertyOp10
 70
     0
102
RTVSPropertyOp11
 70
     0
102
RTVSPropertyOp12
 70
     0
102
RTVSPropertyOp13
 70
     0
102
RTVSPropertyOp14
 70
     2
102
RTVSPropertyOp15
 70
     0
102
RTVSPropertyOp16
 70
     0
102
RTVSPropertyOp17
 70
     0
102
RTVSPropertyOp18
 70
     0
102
RTVSPropertyOp19
 70
     0
102
RTVSPropertyOp20
 70
     0
102
RTVSPropertyOp21
 70
     0
102
RTVSPropertyOp22
 70
     0
102
RTVSPropertyOp23
 70
     0
102
RTVSPropertyOp24
 70
     0
102
RTVSPropertyOp25
 70
     0
102
RTVSPropertyOp26
 70
     0
102
RTVSPropertyOp27
 70
     0
102
RTVSPropertyOp28
 70
     0
102
RTVSPropertyOp29
 70
     0
102
RTVSPropertyOp30
 70
     0
102
RTVSPropertyOp31
 70
     0
102
RTVSPropertyOp32
 70
     0
102
RTVSPropertyOp33
 70
     0
102
RTVSPropertyOp34
 70
     0
102
RTVSPropertyOp35
 70
     0
102
RTVSPropertyOp36
 70
     0
102
RTVSPropertyOp37
 70
     0
102
RTVSPropertyOp38
 70
     0
102
RTVSPropertyOp39
 70
     0
102
RTVSPropertyOp40
 70
     0
102
RTVSPropertyOp41
 70
     0
102
RTVSPropertyOp42
 70
     0
102
RTVSPropertyOp43
 70
     0
102
RTVSPropertyOp44
 70
     0
102
RTVSPropertyOp45
 70
     0
102
RTVSPropertyOp46
 70
     0
102
RTVSPropertyOp47
 70
     0
102
RTVSPropertyOp48
 70
     0
102
RTVSPropertyOp49
 70
     0
102
RTVSPropertyOp50
 70
     0
102
RTVSPropertyOp51
 70
     0
102
RTVSPropertyOp52
 70
     0
102
RTVSPropertyOp53
 70
     0
102
RTVSPropertyOp54
 70
     0
102
RTVSPropertyOp55
 70
     0
102
RTVSPropertyOp56
 70
     0
102
RTVSPropertyOp57
 70
     0
102
RTVSPost2010Prop28
280
     0
102
RTVSPost2010PropOp28
 70
     0
102
RTVSPost2010Prop29
280
     1
102
RTVSPost2010PropOp29
 70
     0
102
RTVSPost2010Prop30
280
     1
102
RTVSPost2010PropOp30
 70
     0
102
RTVSPost2010Prop31
280
     0
102
RTVSPost2010PropOp31
 70
     0
102
RTVSPost2010Prop32
280
     0
102
RTVSPost2010PropOp32
 70
     0
102
RTVSPost2010Prop33
280
     0
102
RTVSPost2010PropOp33
 70
     0
102
RTVSPost2010Prop34
280
     0
102
RTVSPost2010PropOp34
 70
     0
102
RTVSPost2010Prop35
280
     0
102
RTVSPost2010PropOp35
 70
     0
102
RTVSPost2010Prop36
280
     0
102
RTVSPost2010PropOp36
 70
     0
102
RTVSPost2010Prop37
 90
       50
102
RTVSPost2010PropOp37
 70
     0
102
RTVSPost2010Prop38
140
0.0
102
RTVSPost2010PropOp38
 70
     0
102
RTVSPost2010Prop39
140
1.0
102
RTVSPost2010PropOp39
 70
     0
102
RTVSPost2010Prop40
 90
        0
102
RTVSPost2010PropOp40
 70
     0
102
RTVSPost2010Prop41ColorIndex
 90
       18
102
RTVSPost2010Prop41ColorRGB
 90
        0
102
RTVSPost2010PropOp41
 70
     0
102
RTVSPost2010Prop42
 90
       50
102
RTVSPost2010PropOp42
 70
     0
102
RTVSPost2010Prop43
 90
        3
102
RTVSPost2010PropOp43
 70
     0
102
RTVSPost2010Prop44ColorIndex
 90
        5
102
RTVSPost2010Prop44ColorRGB
 90
      255
102
RTVSPost2010PropOp44
 70
     0
102
RTVSPost2010Prop45
280
     0
102
RTVSPost2010PropOp45
 70
     0
102
RTVSPost2010Prop46
 90
       50
102
RTVSPost2010PropOp46
 70
     0
102
RTVSPost2010Prop47
 90
       50
102
RTVSPost2010PropOp47
 70
     0
102
RTVSPost2010Prop48
 90
       50
102
RTVSPost2010PropOp48
 70
     0
102
RTVSPost2010Prop49
280
     0
102
RTVSPost2010PropOp49
 70
     0
102
RTVSPost2010Prop50
 90
       50
102
RTVSPost2010PropOp50
 70
     0
102
RTVSPost2010Prop51ColorIndex
 90
      256
102
RTVSPost2010Prop51ColorRGB
 90
-16777216
102
RTVSPost2010PropOp51
 70
     0
102
RTVSPost2010Prop52
140
1.0
102
RTVSPost2010PropOp52
 70
     0
102
RTVSPost2010Prop53
 90
        2
102
RTVSPost2010PropOp53
 70
     0
102
RTVSPost2010Prop54
  1
strokes_ogs.tif
102
RTVSPost2010PropOp54
 70
     0
102
RTVSPost2010Prop55
280
     0
102
RTVSPost2010PropOp55
 70
     0
102
RTVSPost2010Prop56
140
1.0
102
RTVSPost2010PropOp56
 70
     0
102
RTVSPost2010Prop57
140
1.0
102
RTVSPost2010PropOp57
 70
     0
  0
XRECORD
  5
A7
102
{ACAD_REACTORS
330
A6
102
}
330
A6
100
AcDbXrecord
280
     1
102
RTVSPropertyOp0
 70
     1
102
RTVSPropertyOp1
 70
     1
102
RTVSPropertyOp2
 70
     1
102
RTVSPropertyOp3
 70
     1
102
RTVSPropertyOp4
 70
     1
102
RTVSPropertyOp5
 70
     1
102
RTVSPropertyOp6
 70
     1
102
RTVSPropertyOp7
 70
     1
102
RTVSPropertyOp8
 70
     1
102
RTVSPropertyOp9
 70
     1
102
RTVSPropertyOp10
 70
     1
102
RTVSPropertyOp11
 70
     1
102
RTVSPropertyOp12
 70
     1
102
RTVSPropertyOp13
 70
     1
102
RTVSPropertyOp14
 70
     1
102
RTVSPropertyOp15
 70
     1
102
RTVSPropertyOp16
 70
     1
102
RTVSPropertyOp17
 70
     1
102
RTVSPropertyOp18
 70
     1
102
RTVSPropertyOp19
 70
     1
102
RTVSPropertyOp20
 70
     1
102
RTVSPropertyOp21
 70
     1
102
RTVSPropertyOp22
 70
     1
102
RTVSPropertyOp23
 70
     1
102
RTVSPropertyOp24
 70
     1
102
RTVSPropertyOp25
 70
     1
102
RTVSPropertyOp26
 70
     1
102
RTVSPropertyOp27
 70
     1
102
RTVSPropertyOp28
 70
     1
102
RTVSPropertyOp29
 70
     1
102
RTVSPropertyOp30
 70
     1
102
RTVSPropertyOp31
 70
     1
102
RTVSPropertyOp32
 70
     1
102
RTVSPropertyOp33
 70
     1
102
RTVSPropertyOp34
 70
     1
102
RTVSPropertyOp35
 70
     1
102
RTVSPropertyOp36
 70
     1
102
RTVSPropertyOp37
 70
     1
102
RTVSPropertyOp38
 70
     1
102
RTVSPropertyOp39
 70
     1
102
RTVSPropertyOp40
 70
     1
102
RTVSPropertyOp41
 70
     1
102
RTVSPropertyOp42
 70
     1
102
RTVSPropertyOp43
 70
     1
102
RTVSPropertyOp44
 70
     1
102
RTVSPropertyOp45
 70
     1
102
RTVSPropertyOp46
 70
     1
102
RTVSPropertyOp47
 70
     1
102
RTVSPropertyOp48
 70
     1
102
RTVSPropertyOp49
 70
     1
102
RTVSPropertyOp50
 70
     1
102
RTVSPropertyOp51
 70
     0
102
RTVSPropertyOp52
 70
     0
102
RTVSPropertyOp53
 70
     1
102
RTVSPropertyOp54
 70
     1
102
RTVSPropertyOp55
 70
     1
102
RTVSPropertyOp56
 70
     1
102
RTVSPropertyOp57
 70
     1
102
RTVSPost2010Prop28
280
     0
102
RTVSPost2010PropOp28
 70
     1
102
RTVSPost2010Prop29
280
     1
102
RTVSPost2010PropOp29
 70
     1
102
RTVSPost2010Prop30
280
     1
102
RTVSPost2010PropOp30
 70
     1
102
RTVSPost2010Prop31
280
     0
102
RTVSPost2010PropOp31
 70
     1
102
RTVSPost2010Prop32
280
     0
102
RTVSPost2010PropOp32
 70
     1
102
RTVSPost2010Prop33
280
     0
102
RTVSPost2010PropOp33
 70
     1
102
RTVSPost2010Prop34
280
     0
102
RTVSPost2010PropOp34
 70
     1
102
RTVSPost2010Prop35
280
     0
102
RTVSPost2010PropOp35
 70
     1
102
RTVSPost2010Prop36
280
     0
102
RTVSPost2010PropOp36
 70
     1
102
RTVSPost2010Prop37
 90
       50
102
RTVSPost2010PropOp37
 70
     1
102
RTVSPost2010Prop38
140
0.0
102
RTVSPost2010PropOp38
 70
     1
102
RTVSPost2010Prop39
140
1.0
102
RTVSPost2010PropOp39
 70
     1
102
RTVSPost2010Prop40
 90
        0
102
RTVSPost2010PropOp40
 70
     1
102
RTVSPost2010Prop41ColorIndex
 90
       18
102
RTVSPost2010Prop41ColorRGB
 90
        0
102
RTVSPost2010PropOp41
 70
     1
102
RTVSPost2010Prop42
 90
       50
102
RTVSPost2010PropOp42
 70
     1
102
RTVSPost2010Prop43
 90
        3
102
RTVSPost2010PropOp43
 70
     1
102
RTVSPost2010Prop44ColorIndex
 90
        5
102
RTVSPost2010Prop44ColorRGB
 90
      255
102
RTVSPost2010PropOp44
 70
     1
102
RTVSPost2010Prop45
280
     0
102
RTVSPost2010PropOp45
 70
     1
102
RTVSPost2010Prop46
 90
       50
102
RTVSPost2010PropOp46
 70
     1
102
RTVSPost2010Prop47
 90
       50
102
RTVSPost2010PropOp47
 70
     1
102
RTVSPost2010Prop48
 90
       50
102
RTVSPost2010PropOp48
 70
     1
102
RTVSPost2010Prop49
280
     0
102
RTVSPost2010PropOp49
 70
     1
102
RTVSPost2010Prop50
 90
       50
102
RTVSPost2010PropOp50
 70
     1
102
RTVSPost2010Prop51ColorIndex
 90
      256
102
RTVSPost2010Prop51ColorRGB
 90
-16777216
102
RTVSPost2010PropOp51
 70
     0
102
RTVSPost2010Prop52
140
1.0
102
RTVSPost2010PropOp52
 70
     0
102
RTVSPost2010Prop53
 90
        2
102
RTVSPost2010PropOp53
 70
     1
102
RTVSPost2010Prop54
  1
strokes_ogs.tif
102
RTVSPost2010PropOp54
 70
     1
102
RTVSPost2010Prop55
280
     0
102
RTVSPost2010PropOp55
 70
     1
102
RTVSPost2010Prop56
140
1.0
102
RTVSPost2010PropOp56
 70
     1
102
RTVSPost2010Prop57
140
1.0
102
RTVSPost2010PropOp57
 70
     1
  0
XRECORD
  5
8B
102
{ACAD_REACTORS
330
8A
102
}
330
8A
100
AcDbXrecord
280
     1
102
RTVSPropertyOp0
 70
     1
102
RTVSPropertyOp1
 70
     1
102
RTVSPropertyOp2
 70
     1
102
RTVSPropertyOp3
 70
     1
102
RTVSPropertyOp4
 70
     1
102
RTVSPropertyOp5
 70
     1
102
RTVSPropertyOp6
 70
     1
102
RTVSPropertyOp7
 70
     1
102
RTVSPropertyOp8
 70
     1
102
RTVSPropertyOp9
 70
     1
102
RTVSPropertyOp10
 70
     1
102
RTVSPropertyOp11
 70
     1
102
RTVSPropertyOp12
 70
     1
102
RTVSPropertyOp13
 70
     1
102
RTVSPropertyOp14
 70
     1
102
RTVSPropertyOp15
 70
     1
102
RTVSPropertyOp16
 70
     1
102
RTVSPropertyOp17
 70
     1
102
RTVSPropertyOp18
 70
     1
102
RTVSPropertyOp19
 70
     1
102
RTVSPropertyOp20
 70
     1
102
RTVSPropertyOp21
 70
     1
102
RTVSPropertyOp22
 70
     1
102
RTVSPropertyOp23
 70
     1
102
RTVSPropertyOp24
 70
     1
102
RTVSPropertyOp25
 70
     1
102
RTVSPropertyOp26
 70
     1
102
RTVSPropertyOp27
 70
     1
102
RTVSPropertyOp28
 70
     1
102
RTVSPropertyOp29
 70
     1
102
RTVSPropertyOp30
 70
     1
102
RTVSPropertyOp31
 70
     1
102
RTVSPropertyOp32
 70
     1
102
RTVSPropertyOp33
 70
     1
102
RTVSPropertyOp34
 70
     1
102
RTVSPropertyOp35
 70
     1
102
RTVSPropertyOp36
 70
     1
102
RTVSPropertyOp37
 70
     1
102
RTVSPropertyOp38
 70
     1
102
RTVSPropertyOp39
 70
     1
102
RTVSPropertyOp40
 70
     1
102
RTVSPropertyOp41
 70
     1
102
RTVSPropertyOp42
 70
     1
102
RTVSPropertyOp43
 70
     1
102
RTVSPropertyOp44
 70
     1
102
RTVSPropertyOp45
 70
     1
102
RTVSPropertyOp46
 70
     1
102
RTVSPropertyOp47
 70
     1
102
RTVSPropertyOp48
 70
     1
102
RTVSPropertyOp49
 70
     1
102
RTVSPropertyOp50
 70
     1
102
RTVSPropertyOp51
 70
     0
102
RTVSPropertyOp52
 70
     0
102
RTVSPropertyOp53
 70
     1
102
RTVSPropertyOp54
 70
     1
102
RTVSPropertyOp55
 70
     1
102
RTVSPropertyOp56
 70
     1
102
RTVSPropertyOp57
 70
     1
102
RTVSPost2010Prop28
280
     0
102
RTVSPost2010PropOp28
 70
     1
102
RTVSPost2010Prop29
280
     1
102
RTVSPost2010PropOp29
 70
     1
102
RTVSPost2010Prop30
280
     1
102
RTVSPost2010PropOp30
 70
     1
102
RTVSPost2010Prop31
280
     0
102
RTVSPost2010PropOp31
 70
     1
102
RTVSPost2010Prop32
280
     0
102
RTVSPost2010PropOp32
 70
     1
102
RTVSPost2010Prop33
280
     0
102
RTVSPost2010PropOp33
 70
     1
102
RTVSPost2010Prop34
280
     0
102
RTVSPost2010PropOp34
 70
     1
102
RTVSPost2010Prop35
280
     0
102
RTVSPost2010PropOp35
 70
     1
102
RTVSPost2010Prop36
280
     0
102
RTVSPost2010PropOp36
 70
     1
102
RTVSPost2010Prop37
 90
       50
102
RTVSPost2010PropOp37
 70
     1
102
RTVSPost2010Prop38
140
0.0
102
RTVSPost2010PropOp38
 70
     1
102
RTVSPost2010Prop39
140
1.0
102
RTVSPost2010PropOp39
 70
     1
102
RTVSPost2010Prop40
 90
        0
102
RTVSPost2010PropOp40
 70
     1
102
RTVSPost2010Prop41ColorIndex
 90
       18
102
RTVSPost2010Prop41ColorRGB
 90
        0
102
RTVSPost2010PropOp41
 70
     1
102
RTVSPost2010Prop42
 90
       50
102
RTVSPost2010PropOp42
 70
     1
102
RTVSPost2010Prop43
 90
        3
102
RTVSPost2010PropOp43
 70
     1
102
RTVSPost2010Prop44ColorIndex
 90
        5
102
RTVSPost2010Prop44ColorRGB
 90
      255
102
RTVSPost2010PropOp44
 70
     1
102
RTVSPost2010Prop45
280
     0
102
RTVSPost2010PropOp45
 70
     1
102
RTVSPost2010Prop46
 90
       50
102
RTVSPost2010PropOp46
 70
     1
102
RTVSPost2010Prop47
 90
       50
102
RTVSPost2010PropOp47
 70
     1
102
RTVSPost2010Prop48
 90
       50
102
RTVSPost2010PropOp48
 70
     1
102
RTVSPost2010Prop49
280
     0
102
RTVSPost2010PropOp49
 70
     1
102
RTVSPost2010Prop50
 90
       50
102
RTVSPost2010PropOp50
 70
     1
102
RTVSPost2010Prop51ColorIndex
 90
      256
102
RTVSPost2010Prop51ColorRGB
 90
-16777216
102
RTVSPost2010PropOp51
 70
     0
102
RTVSPost2010Prop52
140
1.0
102
RTVSPost2010PropOp52
 70
     0
102
RTVSPost2010Prop53
 90
        2
102
RTVSPost2010PropOp53
 70
     1
102
RTVSPost2010Prop54
  1
strokes_ogs.tif
102
RTVSPost2010PropOp54
 70
     1
102
RTVSPost2010Prop55
280
     0
102
RTVSPost2010PropOp55
 70
     1
102
RTVSPost2010Prop56
140
1.0
102
RTVSPost2010PropOp56
 70
     1
102
RTVSPost2010Prop57
140
1.0
102
RTVSPost2010PropOp57
 70
     1
  0
XRECORD
  5
8D
102
{ACAD_REACTORS
330
8C
102
}
330
8C
100
AcDbXrecord
280
     1
102
RTVSPropertyOp0
 70
     1
102
RTVSPropertyOp1
 70
     1
102
RTVSPropertyOp2
 70
     1
102
RTVSPropertyOp3
 70
     1
102
RTVSPropertyOp4
 70
     1
102
RTVSPropertyOp5
 70
     1
102
RTVSPropertyOp6
 70
     1
102
RTVSPropertyOp7
 70
     1
102
RTVSPropertyOp8
 70
     1
102
RTVSPropertyOp9
 70
     1
102
RTVSPropertyOp10
 70
     1
102
RTVSPropertyOp11
 70
     1
102
RTVSPropertyOp12
 70
     1
102
RTVSPropertyOp13
 70
     1
102
RTVSPropertyOp14
 70
     1
102
RTVSPropertyOp15
 70
     1
102
RTVSPropertyOp16
 70
     1
102
RTVSPropertyOp17
 70
     1
102
RTVSPropertyOp18
 70
     1
102
RTVSPropertyOp19
 70
     1
102
RTVSPropertyOp20
 70
     1
102
RTVSPropertyOp21
 70
     1
102
RTVSPropertyOp22
 70
     1
102
RTVSPropertyOp23
 70
     1
102
RTVSPropertyOp24
 70
     1
102
RTVSPropertyOp25
 70
     1
102
RTVSPropertyOp26
 70
     1
102
RTVSPropertyOp27
 70
     1
102
RTVSPropertyOp28
 70
     1
102
RTVSPropertyOp29
 70
     1
102
RTVSPropertyOp30
 70
     1
102
RTVSPropertyOp31
 70
     1
102
RTVSPropertyOp32
 70
     1
102
RTVSPropertyOp33
 70
     1
102
RTVSPropertyOp34
 70
     1
102
RTVSPropertyOp35
 70
     1
102
RTVSPropertyOp36
 70
     1
102
RTVSPropertyOp37
 70
     1
102
RTVSPropertyOp38
 70
     1
102
RTVSPropertyOp39
 70
     1
102
RTVSPropertyOp40
 70
     1
102
RTVSPropertyOp41
 70
     1
102
RTVSPropertyOp42
 70
     1
102
RTVSPropertyOp43
 70
     1
102
RTVSPropertyOp44
 70
     1
102
RTVSPropertyOp45
 70
     1
102
RTVSPropertyOp46
 70
     1
102
RTVSPropertyOp47
 70
     1
102
RTVSPropertyOp48
 70
     1
102
RTVSPropertyOp49
 70
     1
102
RTVSPropertyOp50
 70
     1
102
RTVSPropertyOp51
 70
     0
102
RTVSPropertyOp52
 70
     0
102
RTVSPropertyOp53
 70
     1
102
RTVSPropertyOp54
 70
     1
102
RTVSPropertyOp55
 70
     1
102
RTVSPropertyOp56
 70
     1
102
RTVSPropertyOp57
 70
     1
102
RTVSPost2010Prop28
280
     0
102
RTVSPost2010PropOp28
 70
     1
102
RTVSPost2010Prop29
280
     1
102
RTVSPost2010PropOp29
 70
     1
102
RTVSPost2010Prop30
280
     1
102
RTVSPost2010PropOp30
 70
     1
102
RTVSPost2010Prop31
280
     0
102
RTVSPost2010PropOp31
 70
     1
102
RTVSPost2010Prop32
280
     0
102
RTVSPost2010PropOp32
 70
     1
102
RTVSPost2010Prop33
280
     0
102
RTVSPost2010PropOp33
 70
     1
102
RTVSPost2010Prop34
280
     0
102
RTVSPost2010PropOp34
 70
     1
102
RTVSPost2010Prop35
280
     0
102
RTVSPost2010PropOp35
 70
     1
102
RTVSPost2010Prop36
280
     0
102
RTVSPost2010PropOp36
 70
     1
102
RTVSPost2010Prop37
 90
       50
102
RTVSPost2010PropOp37
 70
     1
102
RTVSPost2010Prop38
140
0.0
102
RTVSPost2010PropOp38
 70
     1
102
RTVSPost2010Prop39
140
1.0
102
RTVSPost2010PropOp39
 70
     1
102
RTVSPost2010Prop40
 90
        0
102
RTVSPost2010PropOp40
 70
     1
102
RTVSPost2010Prop41ColorIndex
 90
       18
102
RTVSPost2010Prop41ColorRGB
 90
        0
102
RTVSPost2010PropOp41
 70
     1
102
RTVSPost2010Prop42
 90
       50
102
RTVSPost2010PropOp42
 70
     1
102
RTVSPost2010Prop43
 90
        3
102
RTVSPost2010PropOp43
 70
     1
102
RTVSPost2010Prop44ColorIndex
 90
        5
102
RTVSPost2010Prop44ColorRGB
 90
      255
102
RTVSPost2010PropOp44
 70
     1
102
RTVSPost2010Prop45
280
     0
102
RTVSPost2010PropOp45
 70
     1
102
RTVSPost2010Prop46
 90
       50
102
RTVSPost2010PropOp46
 70
     1
102
RTVSPost2010Prop47
 90
       50
102
RTVSPost2010PropOp47
 70
     1
102
RTVSPost2010Prop48
 90
       50
102
RTVSPost2010PropOp48
 70
     1
102
RTVSPost2010Prop49
280
     0
102
RTVSPost2010PropOp49
 70
     1
102
RTVSPost2010Prop50
 90
       50
102
RTVSPost2010PropOp50
 70
     1
102
RTVSPost2010Prop51ColorIndex
 90
      256
102
RTVSPost2010Prop51ColorRGB
 90
-16777216
102
RTVSPost2010PropOp51
 70
     0
102
RTVSPost2010Prop52
140
1.0
102
RTVSPost2010PropOp52
 70
     0
102
RTVSPost2010Prop53
 90
        2
102
RTVSPost2010PropOp53
 70
     1
102
RTVSPost2010Prop54
  1
strokes_ogs.tif
102
RTVSPost2010PropOp54
 70
     1
102
RTVSPost2010Prop55
280
     0
102
RTVSPost2010PropOp55
 70
     1
102
RTVSPost2010Prop56
140
1.0
102
RTVSPost2010PropOp56
 70
     1
102
RTVSPost2010Prop57
140
1.0
102
RTVSPost2010PropOp57
 70
     1
  0
XRECORD
  5
8F
102
{ACAD_REACTORS
330
8E
102
}
330
8E
100
AcDbXrecord
280
     1
102
RTVSPropertyOp0
 70
     1
102
RTVSPropertyOp1
 70
     1
102
RTVSPropertyOp2
 70
     1
102
RTVSPropertyOp3
 70
     1
102
RTVSPropertyOp4
 70
     1
102
RTVSPropertyOp5
 70
     1
102
RTVSPropertyOp6
 70
     1
102
RTVSPropertyOp7
 70
     1
102
RTVSPropertyOp8
 70
     1
102
RTVSPropertyOp9
 70
     1
102
RTVSPropertyOp10
 70
     1
102
RTVSPropertyOp11
 70
     1
102
RTVSPropertyOp12
 70
     1
102
RTVSPropertyOp13
 70
     1
102
RTVSPropertyOp14
 70
     1
102
RTVSPropertyOp15
 70
     1
102
RTVSPropertyOp16
 70
     1
102
RTVSPropertyOp17
 70
     1
102
RTVSPropertyOp18
 70
     1
102
RTVSPropertyOp19
 70
     1
102
RTVSPropertyOp20
 70
     1
102
RTVSPropertyOp21
 70
     1
102
RTVSPropertyOp22
 70
     1
102
RTVSPropertyOp23
 70
     1
102
RTVSPropertyOp24
 70
     1
102
RTVSPropertyOp25
 70
     1
102
RTVSPropertyOp26
 70
     1
102
RTVSPropertyOp27
 70
     1
102
RTVSPropertyOp28
 70
     1
102
RTVSPropertyOp29
 70
     1
102
RTVSPropertyOp30
 70
     1
102
RTVSPropertyOp31
 70
     1
102
RTVSPropertyOp32
 70
     1
102
RTVSPropertyOp33
 70
     1
102
RTVSPropertyOp34
 70
     1
102
RTVSPropertyOp35
 70
     1
102
RTVSPropertyOp36
 70
     1
102
RTVSPropertyOp37
 70
     1
102
RTVSPropertyOp38
 70
     1
102
RTVSPropertyOp39
 70
     1
102
RTVSPropertyOp40
 70
     1
102
RTVSPropertyOp41
 70
     1
102
RTVSPropertyOp42
 70
     1
102
RTVSPropertyOp43
 70
     1
102
RTVSPropertyOp44
 70
     1
102
RTVSPropertyOp45
 70
     1
102
RTVSPropertyOp46
 70
     1
102
RTVSPropertyOp47
 70
     1
102
RTVSPropertyOp48
 70
     1
102
RTVSPropertyOp49
 70
     1
102
RTVSPropertyOp50
 70
     1
102
RTVSPropertyOp51
 70
     0
102
RTVSPropertyOp52
 70
     0
102
RTVSPropertyOp53
 70
     1
102
RTVSPropertyOp54
 70
     1
102
RTVSPropertyOp55
 70
     1
102
RTVSPropertyOp56
 70
     1
102
RTVSPropertyOp57
 70
     1
102
RTVSPost2010Prop28
280
     0
102
RTVSPost2010PropOp28
 70
     1
102
RTVSPost2010Prop29
280
     1
102
RTVSPost2010PropOp29
 70
     1
102
RTVSPost2010Prop30
280
     1
102
RTVSPost2010PropOp30
 70
     1
102
RTVSPost2010Prop31
280
     0
102
RTVSPost2010PropOp31
 70
     1
102
RTVSPost2010Prop32
280
     0
102
RTVSPost2010PropOp32
 70
     1
102
RTVSPost2010Prop33
280
     0
102
RTVSPost2010PropOp33
 70
     1
102
RTVSPost2010Prop34
280
     0
102
RTVSPost2010PropOp34
 70
     1
102
RTVSPost2010Prop35
280
     0
102
RTVSPost2010PropOp35
 70
     1
102
RTVSPost2010Prop36
280
     0
102
RTVSPost2010PropOp36
 70
     1
102
RTVSPost2010Prop37
 90
       50
102
RTVSPost2010PropOp37
 70
     1
102
RTVSPost2010Prop38
140
0.0
102
RTVSPost2010PropOp38
 70
     1
102
RTVSPost2010Prop39
140
1.0
102
RTVSPost2010PropOp39
 70
     1
102
RTVSPost2010Prop40
 90
        0
102
RTVSPost2010PropOp40
 70
     1
102
RTVSPost2010Prop41ColorIndex
 90
       18
102
RTVSPost2010Prop41ColorRGB
 90
        0
102
RTVSPost2010PropOp41
 70
     1
102
RTVSPost2010Prop42
 90
       50
102
RTVSPost2010PropOp42
 70
     1
102
RTVSPost2010Prop43
 90
        3
102
RTVSPost2010PropOp43
 70
     1
102
RTVSPost2010Prop44ColorIndex
 90
        5
102
RTVSPost2010Prop44ColorRGB
 90
      255
102
RTVSPost2010PropOp44
 70
     1
102
RTVSPost2010Prop45
280
     0
102
RTVSPost2010PropOp45
 70
     1
102
RTVSPost2010Prop46
 90
       50
102
RTVSPost2010PropOp46
 70
     1
102
RTVSPost2010Prop47
 90
       50
102
RTVSPost2010PropOp47
 70
     1
102
RTVSPost2010Prop48
 90
       50
102
RTVSPost2010PropOp48
 70
     1
102
RTVSPost2010Prop49
280
     0
102
RTVSPost2010PropOp49
 70
     1
102
RTVSPost2010Prop50
 90
       50
102
RTVSPost2010PropOp50
 70
     1
102
RTVSPost2010Prop51ColorIndex
 90
      256
102
RTVSPost2010Prop51ColorRGB
 90
-16777216
102
RTVSPost2010PropOp51
 70
     0
102
RTVSPost2010Prop52
140
1.0
102
RTVSPost2010PropOp52
 70
     0
102
RTVSPost2010Prop53
 90
        2
102
RTVSPost2010PropOp53
 70
     1
102
RTVSPost2010Prop54
  1
strokes_ogs.tif
102
RTVSPost2010PropOp54
 70
     1
102
RTVSPost2010Prop55
280
     0
102
RTVSPost2010PropOp55
 70
     1
102
RTVSPost2010Prop56
140
1.0
102
RTVSPost2010PropOp56
 70
     1
102
RTVSPost2010Prop57
140
1.0
102
RTVSPost2010PropOp57
 70
     1
  0
XRECORD
  5
91
102
{ACAD_REACTORS
330
90
102
}
330
90
100
AcDbXrecord
280
     1
102
RTVSPropertyOp0
 70
     1
102
RTVSPropertyOp1
 70
     1
102
RTVSPropertyOp2
 70
     1
102
RTVSPropertyOp3
 70
     1
102
RTVSPropertyOp4
 70
     1
102
RTVSPropertyOp5
 70
     1
102
RTVSPropertyOp6
 70
     1
102
RTVSPropertyOp7
 70
     1
102
RTVSPropertyOp8
 70
     1
102
RTVSPropertyOp9
 70
     1
102
RTVSPropertyOp10
 70
     1
102
RTVSPropertyOp11
 70
     1
102
RTVSPropertyOp12
 70
     1
102
RTVSPropertyOp13
 70
     1
102
RTVSPropertyOp14
 70
     1
102
RTVSPropertyOp15
 70
     1
102
RTVSPropertyOp16
 70
     1
102
RTVSPropertyOp17
 70
     1
102
RTVSPropertyOp18
 70
     1
102
RTVSPropertyOp19
 70
     1
102
RTVSPropertyOp20
 70
     1
102
RTVSPropertyOp21
 70
     1
102
RTVSPropertyOp22
 70
     1
102
RTVSPropertyOp23
 70
     1
102
RTVSPropertyOp24
 70
     1
102
RTVSPropertyOp25
 70
     1
102
RTVSPropertyOp26
 70
     1
102
RTVSPropertyOp27
 70
     1
102
RTVSPropertyOp28
 70
     1
102
RTVSPropertyOp29
 70
     1
102
RTVSPropertyOp30
 70
     1
102
RTVSPropertyOp31
 70
     1
102
RTVSPropertyOp32
 70
     1
102
RTVSPropertyOp33
 70
     1
102
RTVSPropertyOp34
 70
     1
102
RTVSPropertyOp35
 70
     1
102
RTVSPropertyOp36
 70
     1
102
RTVSPropertyOp37
 70
     1
102
RTVSPropertyOp38
 70
     1
102
RTVSPropertyOp39
 70
     1
102
RTVSPropertyOp40
 70
     1
102
RTVSPropertyOp41
 70
     1
102
RTVSPropertyOp42
 70
     1
102
RTVSPropertyOp43
 70
     1
102
RTVSPropertyOp44
 70
     1
102
RTVSPropertyOp45
 70
     1
102
RTVSPropertyOp46
 70
     1
102
RTVSPropertyOp47
 70
     1
102
RTVSPropertyOp48
 70
     1
102
RTVSPropertyOp49
 70
     1
102
RTVSPropertyOp50
 70
     1
102
RTVSPropertyOp51
 70
     0
102
RTVSPropertyOp52
 70
     0
102
RTVSPropertyOp53
 70
     1
102
RTVSPropertyOp54
 70
     1
102
RTVSPropertyOp55
 70
     1
102
RTVSPropertyOp56
 70
     1
102
RTVSPropertyOp57
 70
     1
102
RTVSPost2010Prop28
280
     0
102
RTVSPost2010PropOp28
 70
     1
102
RTVSPost2010Prop29
280
     1
102
RTVSPost2010PropOp29
 70
     1
102
RTVSPost2010Prop30
280
     1
102
RTVSPost2010PropOp30
 70
     1
102
RTVSPost2010Prop31
280
     0
102
RTVSPost2010PropOp31
 70
     1
102
RTVSPost2010Prop32
280
     0
102
RTVSPost2010PropOp32
 70
     1
102
RTVSPost2010Prop33
280
     0
102
RTVSPost2010PropOp33
 70
     1
102
RTVSPost2010Prop34
280
     0
102
RTVSPost2010PropOp34
 70
     1
102
RTVSPost2010Prop35
280
     0
102
RTVSPost2010PropOp35
 70
     1
102
RTVSPost2010Prop36
280
     0
102
RTVSPost2010PropOp36
 70
     1
102
RTVSPost2010Prop37
 90
       50
102
RTVSPost2010PropOp37
 70
     1
102
RTVSPost2010Prop38
140
0.0
102
RTVSPost2010PropOp38
 70
     1
102
RTVSPost2010Prop39
140
1.0
102
RTVSPost2010PropOp39
 70
     1
102
RTVSPost2010Prop40
 90
        0
102
RTVSPost2010PropOp40
 70
     1
102
RTVSPost2010Prop41ColorIndex
 90
       18
102
RTVSPost2010Prop41ColorRGB
 90
        0
102
RTVSPost2010PropOp41
 70
     1
102
RTVSPost2010Prop42
 90
       50
102
RTVSPost2010PropOp42
 70
     1
102
RTVSPost2010Prop43
 90
        3
102
RTVSPost2010PropOp43
 70
     1
102
RTVSPost2010Prop44ColorIndex
 90
        5
102
RTVSPost2010Prop44ColorRGB
 90
      255
102
RTVSPost2010PropOp44
 70
     1
102
RTVSPost2010Prop45
280
     0
102
RTVSPost2010PropOp45
 70
     1
102
RTVSPost2010Prop46
 90
       50
102
RTVSPost2010PropOp46
 70
     1
102
RTVSPost2010Prop47
 90
       50
102
RTVSPost2010PropOp47
 70
     1
102
RTVSPost2010Prop48
 90
       50
102
RTVSPost2010PropOp48
 70
     1
102
RTVSPost2010Prop49
280
     0
102
RTVSPost2010PropOp49
 70
     1
102
RTVSPost2010Prop50
 90
       50
102
RTVSPost2010PropOp50
 70
     1
102
RTVSPost2010Prop51ColorIndex
 90
      256
102
RTVSPost2010Prop51ColorRGB
 90
-16777216
102
RTVSPost2010PropOp51
 70
     0
102
RTVSPost2010Prop52
140
1.0
102
RTVSPost2010PropOp52
 70
     0
102
RTVSPost2010Prop53
 90
        2
102
RTVSPost2010PropOp53
 70
     1
102
RTVSPost2010Prop54
  1
strokes_ogs.tif
102
RTVSPost2010PropOp54
 70
     1
102
RTVSPost2010Prop55
280
     0
102
RTVSPost2010PropOp55
 70
     1
102
RTVSPost2010Prop56
140
1.0
102
RTVSPost2010PropOp56
 70
     1
102
RTVSPost2010Prop57
140
1.0
102
RTVSPost2010PropOp57
 70
     1
  0
XRECORD
  5
97
102
{ACAD_REACTORS
330
96
102
}
330
96
100
AcDbXrecord
280
     1
102
RTVSPropertyOp0
 70
     1
102
RTVSPropertyOp1
 70
     1
102
RTVSPropertyOp2
 70
     1
102
RTVSPropertyOp3
 70
     1
102
RTVSPropertyOp4
 70
     1
102
RTVSPropertyOp5
 70
     1
102
RTVSPropertyOp6
 70
     1
102
RTVSPropertyOp7
 70
     1
102
RTVSPropertyOp8
 70
     1
102
RTVSPropertyOp9
 70
     1
102
RTVSPropertyOp10
 70
     1
102
RTVSPropertyOp11
 70
     1
102
RTVSPropertyOp12
 70
     1
102
RTVSPropertyOp13
 70
     1
102
RTVSPropertyOp14
 70
     1
102
RTVSPropertyOp15
 70
     1
102
RTVSPropertyOp16
 70
     1
102
RTVSPropertyOp17
 70
     1
102
RTVSPropertyOp18
 70
     1
102
RTVSPropertyOp19
 70
     1
102
RTVSPropertyOp20
 70
     1
102
RTVSPropertyOp21
 70
     1
102
RTVSPropertyOp22
 70
     1
102
RTVSPropertyOp23
 70
     1
102
RTVSPropertyOp24
 70
     1
102
RTVSPropertyOp25
 70
     1
102
RTVSPropertyOp26
 70
     1
102
RTVSPropertyOp27
 70
     1
102
RTVSPropertyOp28
 70
     1
102
RTVSPropertyOp29
 70
     1
102
RTVSPropertyOp30
 70
     1
102
RTVSPropertyOp31
 70
     1
102
RTVSPropertyOp32
 70
     1
102
RTVSPropertyOp33
 70
     1
102
RTVSPropertyOp34
 70
     1
102
RTVSPropertyOp35
 70
     1
102
RTVSPropertyOp36
 70
     1
102
RTVSPropertyOp37
 70
     1
102
RTVSPropertyOp38
 70
     1
102
RTVSPropertyOp39
 70
     1
102
RTVSPropertyOp40
 70
     1
102
RTVSPropertyOp41
 70
     1
102
RTVSPropertyOp42
 70
     1
102
RTVSPropertyOp43
 70
     1
102
RTVSPropertyOp44
 70
     1
102
RTVSPropertyOp45
 70
     1
102
RTVSPropertyOp46
 70
     1
102
RTVSPropertyOp47
 70
     1
102
RTVSPropertyOp48
 70
     1
102
RTVSPropertyOp49
 70
     1
102
RTVSPropertyOp50
 70
     1
102
RTVSPropertyOp51
 70
     0
102
RTVSPropertyOp52
 70
     0
102
RTVSPropertyOp53
 70
     1
102
RTVSPropertyOp54
 70
     1
102
RTVSPropertyOp55
 70
     1
102
RTVSPropertyOp56
 70
     1
102
RTVSPropertyOp57
 70
     1
102
RTVSPost2010Prop28
280
     0
102
RTVSPost2010PropOp28
 70
     1
102
RTVSPost2010Prop29
280
     1
102
RTVSPost2010PropOp29
 70
     1
102
RTVSPost2010Prop30
280
     1
102
RTVSPost2010PropOp30
 70
     1
102
RTVSPost2010Prop31
280
     0
102
RTVSPost2010PropOp31
 70
     1
102
RTVSPost2010Prop32
280
     0
102
RTVSPost2010PropOp32
 70
     1
102
RTVSPost2010Prop33
280
     0
102
RTVSPost2010PropOp33
 70
     1
102
RTVSPost2010Prop34
280
     0
102
RTVSPost2010PropOp34
 70
     1
102
RTVSPost2010Prop35
280
     0
102
RTVSPost2010PropOp35
 70
     1
102
RTVSPost2010Prop36
280
     0
102
RTVSPost2010PropOp36
 70
     1
102
RTVSPost2010Prop37
 90
       50
102
RTVSPost2010PropOp37
 70
     1
102
RTVSPost2010Prop38
140
0.0
102
RTVSPost2010PropOp38
 70
     1
102
RTVSPost2010Prop39
140
1.0
102
RTVSPost2010PropOp39
 70
     1
102
RTVSPost2010Prop40
 90
        0
102
RTVSPost2010PropOp40
 70
     1
102
RTVSPost2010Prop41ColorIndex
 90
       18
102
RTVSPost2010Prop41ColorRGB
 90
        0
102
RTVSPost2010PropOp41
 70
     1
102
RTVSPost2010Prop42
 90
       50
102
RTVSPost2010PropOp42
 70
     1
102
RTVSPost2010Prop43
 90
        3
102
RTVSPost2010PropOp43
 70
     1
102
RTVSPost2010Prop44ColorIndex
 90
        5
102
RTVSPost2010Prop44ColorRGB
 90
      255
102
RTVSPost2010PropOp44
 70
     1
102
RTVSPost2010Prop45
280
     0
102
RTVSPost2010PropOp45
 70
     1
102
RTVSPost2010Prop46
 90
       50
102
RTVSPost2010PropOp46
 70
     1
102
RTVSPost2010Prop47
 90
       50
102
RTVSPost2010PropOp47
 70
     1
102
RTVSPost2010Prop48
 90
       50
102
RTVSPost2010PropOp48
 70
     1
102
RTVSPost2010Prop49
280
     0
102
RTVSPost2010PropOp49
 70
     1
102
RTVSPost2010Prop50
 90
       50
102
RTVSPost2010PropOp50
 70
     1
102
RTVSPost2010Prop51ColorIndex
 90
      256
102
RTVSPost2010Prop51ColorRGB
 90
-16777216
102
RTVSPost2010PropOp51
 70
     0
102
RTVSPost2010Prop52
140
1.0
102
RTVSPost2010PropOp52
 70
     0
102
RTVSPost2010Prop53
 90
        2
102
RTVSPost2010PropOp53
 70
     1
102
RTVSPost2010Prop54
  1
strokes_ogs.tif
102
RTVSPost2010PropOp54
 70
     1
102
RTVSPost2010Prop55
280
     0
102
RTVSPost2010PropOp55
 70
     1
102
RTVSPost2010Prop56
140
1.0
102
RTVSPost2010PropOp56
 70
     1
102
RTVSPost2010Prop57
140
1.0
102
RTVSPost2010PropOp57
 70
     1
  0
XRECORD
  5
AB
102
{ACAD_REACTORS
330
AA
102
}
330
AA
100
AcDbXrecord
280
     1
102
RTVSPropertyOp0
 70
     0
102
RTVSPropertyOp1
 70
     0
102
RTVSPropertyOp2
 70
     0
102
RTVSPropertyOp3
 70
     0
102
RTVSPropertyOp4
 70
     0
102
RTVSPropertyOp5
 70
     0
102
RTVSPropertyOp6
 70
     0
102
RTVSPropertyOp7
 70
     0
102
RTVSPropertyOp8
 70
     0
102
RTVSPropertyOp9
 70
     0
102
RTVSPropertyOp10
 70
     0
102
RTVSPropertyOp11
 70
     0
102
RTVSPropertyOp12
 70
     0
102
RTVSPropertyOp13
 70
     0
102
RTVSPropertyOp14
 70
     2
102
RTVSPropertyOp15
 70
     0
102
RTVSPropertyOp16
 70
     0
102
RTVSPropertyOp17
 70
     0
102
RTVSPropertyOp18
 70
     0
102
RTVSPropertyOp19
 70
     0
102
RTVSPropertyOp20
 70
     0
102
RTVSPropertyOp21
 70
     0
102
RTVSPropertyOp22
 70
     0
102
RTVSPropertyOp23
 70
     0
102
RTVSPropertyOp24
 70
     0
102
RTVSPropertyOp25
 70
     0
102
RTVSPropertyOp26
 70
     0
102
RTVSPropertyOp27
 70
     0
102
RTVSPropertyOp28
 70
     0
102
RTVSPropertyOp29
 70
     0
102
RTVSPropertyOp30
 70
     0
102
RTVSPropertyOp31
 70
     0
102
RTVSPropertyOp32
 70
     0
102
RTVSPropertyOp33
 70
     0
102
RTVSPropertyOp34
 70
     0
102
RTVSPropertyOp35
 70
     0
102
RTVSPropertyOp36
 70
     0
102
RTVSPropertyOp37
 70
     0
102
RTVSPropertyOp38
 70
     0
102
RTVSPropertyOp39
 70
     0
102
RTVSPropertyOp40
 70
     0
102
RTVSPropertyOp41
 70
     0
102
RTVSPropertyOp42
 70
     0
102
RTVSPropertyOp43
 70
     0
102
RTVSPropertyOp44
 70
     0
102
RTVSPropertyOp45
 70
     0
102
RTVSPropertyOp46
 70
     0
102
RTVSPropertyOp47
 70
     0
102
RTVSPropertyOp48
 70
     0
102
RTVSPropertyOp49
 70
     0
102
RTVSPropertyOp50
 70
     0
102
RTVSPropertyOp51
 70
     0
102
RTVSPropertyOp52
 70
     0
102
RTVSPropertyOp53
 70
     0
102
RTVSPropertyOp54
 70
     0
102
RTVSPropertyOp55
 70
     0
102
RTVSPropertyOp56
 70
     0
102
RTVSPropertyOp57
 70
     0
102
RTVSPost2010Prop28
280
     0
102
RTVSPost2010PropOp28
 70
     0
102
RTVSPost2010Prop29
280
     1
102
RTVSPost2010PropOp29
 70
     0
102
RTVSPost2010Prop30
280
     1
102
RTVSPost2010PropOp30
 70
     0
102
RTVSPost2010Prop31
280
     0
102
RTVSPost2010PropOp31
 70
     0
102
RTVSPost2010Prop32
280
     0
102
RTVSPost2010PropOp32
 70
     0
102
RTVSPost2010Prop33
280
     0
102
RTVSPost2010PropOp33
 70
     0
102
RTVSPost2010Prop34
280
     0
102
RTVSPost2010PropOp34
 70
     0
102
RTVSPost2010Prop35
280
     0
102
RTVSPost2010PropOp35
 70
     0
102
RTVSPost2010Prop36
280
     0
102
RTVSPost2010PropOp36
 70
     0
102
RTVSPost2010Prop37
 90
       50
102
RTVSPost2010PropOp37
 70
     0
102
RTVSPost2010Prop38
140
0.0
102
RTVSPost2010PropOp38
 70
     0
102
RTVSPost2010Prop39
140
1.0
102
RTVSPost2010PropOp39
 70
     0
102
RTVSPost2010Prop40
 90
        0
102
RTVSPost2010PropOp40
 70
     0
102
RTVSPost2010Prop41ColorIndex
 90
       18
102
RTVSPost2010Prop41ColorRGB
 90
        0
102
RTVSPost2010PropOp41
 70
     0
102
RTVSPost2010Prop42
 90
       50
102
RTVSPost2010PropOp42
 70
     0
102
RTVSPost2010Prop43
 90
        3
102
RTVSPost2010PropOp43
 70
     0
102
RTVSPost2010Prop44ColorIndex
 90
        5
102
RTVSPost2010Prop44ColorRGB
 90
      255
102
RTVSPost2010PropOp44
 70
     0
102
RTVSPost2010Prop45
280
     0
102
RTVSPost2010PropOp45
 70
     0
102
RTVSPost2010Prop46
 90
       50
102
RTVSPost2010PropOp46
 70
     0
102
RTVSPost2010Prop47
 90
       50
102
RTVSPost2010PropOp47
 70
     0
102
RTVSPost2010Prop48
 90
       50
102
RTVSPost2010PropOp48
 70
     0
102
RTVSPost2010Prop49
280
     0
102
RTVSPost2010PropOp49
 70
     0
102
RTVSPost2010Prop50
 90
       50
102
RTVSPost2010PropOp50
 70
     0
102
RTVSPost2010Prop51ColorIndex
 90
      256
102
RTVSPost2010Prop51ColorRGB
 90
-16777216
102
RTVSPost2010PropOp51
 70
     0
102
RTVSPost2010Prop52
140
1.0
102
RTVSPost2010PropOp52
 70
     0
102
RTVSPost2010Prop53
 90
        2
102
RTVSPost2010PropOp53
 70
     0
102
RTVSPost2010Prop54
  1
strokes_ogs.tif
102
RTVSPost2010PropOp54
 70
     0
102
RTVSPost2010Prop55
280
     0
102
RTVSPost2010PropOp55
 70
     0
102
RTVSPost2010Prop56
140
1.0
102
RTVSPost2010PropOp56
 70
     0
102
RTVSPost2010Prop57
140
1.0
102
RTVSPost2010PropOp57
 70
     0
  0
XRECORD
  5
A5
102
{ACAD_REACTORS
330
A4
102
}
330
A4
100
AcDbXrecord
280
     1
102
RTVSPropertyOp0
 70
     1
102
RTVSPropertyOp1
 70
     1
102
RTVSPropertyOp2
 70
     1
102
RTVSPropertyOp3
 70
     1
102
RTVSPropertyOp4
 70
     1
102
RTVSPropertyOp5
 70
     1
102
RTVSPropertyOp6
 70
     1
102
RTVSPropertyOp7
 70
     1
102
RTVSPropertyOp8
 70
     1
102
RTVSPropertyOp9
 70
     1
102
RTVSPropertyOp10
 70
     1
102
RTVSPropertyOp11
 70
     1
102
RTVSPropertyOp12
 70
     1
102
RTVSPropertyOp13
 70
     1
102
RTVSPropertyOp14
 70
     1
102
RTVSPropertyOp15
 70
     1
102
RTVSPropertyOp16
 70
     1
102
RTVSPropertyOp17
 70
     1
102
RTVSPropertyOp18
 70
     1
102
RTVSPropertyOp19
 70
     1
102
RTVSPropertyOp20
 70
     1
102
RTVSPropertyOp21
 70
     1
102
RTVSPropertyOp22
 70
     1
102
RTVSPropertyOp23
 70
     1
102
RTVSPropertyOp24
 70
     1
102
RTVSPropertyOp25
 70
     1
102
RTVSPropertyOp26
 70
     1
102
RTVSPropertyOp27
 70
     1
102
RTVSPropertyOp28
 70
     1
102
RTVSPropertyOp29
 70
     1
102
RTVSPropertyOp30
 70
     1
102
RTVSPropertyOp31
 70
     1
102
RTVSPropertyOp32
 70
     1
102
RTVSPropertyOp33
 70
     1
102
RTVSPropertyOp34
 70
     1
102
RTVSPropertyOp35
 70
     1
102
RTVSPropertyOp36
 70
     1
102
RTVSPropertyOp37
 70
     1
102
RTVSPropertyOp38
 70
     1
102
RTVSPropertyOp39
 70
     1
102
RTVSPropertyOp40
 70
     1
102
RTVSPropertyOp41
 70
     1
102
RTVSPropertyOp42
 70
     1
102
RTVSPropertyOp43
 70
     1
102
RTVSPropertyOp44
 70
     1
102
RTVSPropertyOp45
 70
     1
102
RTVSPropertyOp46
 70
     1
102
RTVSPropertyOp47
 70
     1
102
RTVSPropertyOp48
 70
     1
102
RTVSPropertyOp49
 70
     1
102
RTVSPropertyOp50
 70
     1
102
RTVSPropertyOp51
 70
     0
102
RTVSPropertyOp52
 70
     0
102
RTVSPropertyOp53
 70
     1
102
RTVSPropertyOp54
 70
     1
102
RTVSPropertyOp55
 70
     1
102
RTVSPropertyOp56
 70
     1
102
RTVSPropertyOp57
 70
     1
102
RTVSPost2010Prop28
280
     0
102
RTVSPost2010PropOp28
 70
     1
102
RTVSPost2010Prop29
280
     1
102
RTVSPost2010PropOp29
 70
     1
102
RTVSPost2010Prop30
280
     1
102
RTVSPost2010PropOp30
 70
     1
102
RTVSPost2010Prop31
280
     0
102
RTVSPost2010PropOp31
 70
     1
102
RTVSPost2010Prop32
280
     0
102
RTVSPost2010PropOp32
 70
     1
102
RTVSPost2010Prop33
280
     0
102
RTVSPost2010PropOp33
 70
     1
102
RTVSPost2010Prop34
280
     0
102
RTVSPost2010PropOp34
 70
     1
102
RTVSPost2010Prop35
280
     0
102
RTVSPost2010PropOp35
 70
     1
102
RTVSPost2010Prop36
280
     0
102
RTVSPost2010PropOp36
 70
     1
102
RTVSPost2010Prop37
 90
       50
102
RTVSPost2010PropOp37
 70
     1
102
RTVSPost2010Prop38
140
0.0
102
RTVSPost2010PropOp38
 70
     1
102
RTVSPost2010Prop39
140
1.0
102
RTVSPost2010PropOp39
 70
     1
102
RTVSPost2010Prop40
 90
        0
102
RTVSPost2010PropOp40
 70
     1
102
RTVSPost2010Prop41ColorIndex
 90
       18
102
RTVSPost2010Prop41ColorRGB
 90
        0
102
RTVSPost2010PropOp41
 70
     1
102
RTVSPost2010Prop42
 90
       50
102
RTVSPost2010PropOp42
 70
     1
102
RTVSPost2010Prop43
 90
        3
102
RTVSPost2010PropOp43
 70
     1
102
RTVSPost2010Prop44ColorIndex
 90
        5
102
RTVSPost2010Prop44ColorRGB
 90
      255
102
RTVSPost2010PropOp44
 70
     1
102
RTVSPost2010Prop45
280
     0
102
RTVSPost2010PropOp45
 70
     1
102
RTVSPost2010Prop46
 90
       50
102
RTVSPost2010PropOp46
 70
     1
102
RTVSPost2010Prop47
 90
       50
102
RTVSPost2010PropOp47
 70
     1
102
RTVSPost2010Prop48
 90
       50
102
RTVSPost2010PropOp48
 70
     1
102
RTVSPost2010Prop49
280
     0
102
RTVSPost2010PropOp49
 70
     1
102
RTVSPost2010Prop50
 90
       50
102
RTVSPost2010PropOp50
 70
     1
102
RTVSPost2010Prop51ColorIndex
 90
      256
102
RTVSPost2010Prop51ColorRGB
 90
-16777216
102
RTVSPost2010PropOp51
 70
     0
102
RTVSPost2010Prop52
140
1.0
102
RTVSPost2010PropOp52
 70
     0
102
RTVSPost2010Prop53
 90
        2
102
RTVSPost2010PropOp53
 70
     1
102
RTVSPost2010Prop54
  1
strokes_ogs.tif
102
RTVSPost2010PropOp54
 70
     1
102
RTVSPost2010Prop55
280
     0
102
RTVSPost2010PropOp55
 70
     1
102
RTVSPost2010Prop56
140
1.0
102
RTVSPost2010PropOp56
 70
     1
102
RTVSPost2010Prop57
140
1.0
102
RTVSPost2010PropOp57
 70
     1
  0
XRECORD
  5
AD
102
{ACAD_REACTORS
330
AC
102
}
330
AC
100
AcDbXrecord
280
     1
102
RTVSPropertyOp0
 70
     0
102
RTVSPropertyOp1
 70
     0
102
RTVSPropertyOp2
 70
     0
102
RTVSPropertyOp3
 70
     0
102
RTVSPropertyOp4
 70
     0
102
RTVSPropertyOp5
 70
     0
102
RTVSPropertyOp6
 70
     0
102
RTVSPropertyOp7
 70
     0
102
RTVSPropertyOp8
 70
     0
102
RTVSPropertyOp9
 70
     0
102
RTVSPropertyOp10
 70
     0
102
RTVSPropertyOp11
 70
     0
102
RTVSPropertyOp12
 70
     0
102
RTVSPropertyOp13
 70
     0
102
RTVSPropertyOp14
 70
     2
102
RTVSPropertyOp15
 70
     0
102
RTVSPropertyOp16
 70
     0
102
RTVSPropertyOp17
 70
     0
102
RTVSPropertyOp18
 70
     0
102
RTVSPropertyOp19
 70
     0
102
RTVSPropertyOp20
 70
     0
102
RTVSPropertyOp21
 70
     0
102
RTVSPropertyOp22
 70
     0
102
RTVSPropertyOp23
 70
     0
102
RTVSPropertyOp24
 70
     0
102
RTVSPropertyOp25
 70
     0
102
RTVSPropertyOp26
 70
     0
102
RTVSPropertyOp27
 70
     0
102
RTVSPropertyOp28
 70
     0
102
RTVSPropertyOp29
 70
     0
102
RTVSPropertyOp30
 70
     0
102
RTVSPropertyOp31
 70
     0
102
RTVSPropertyOp32
 70
     0
102
RTVSPropertyOp33
 70
     0
102
RTVSPropertyOp34
 70
     0
102
RTVSPropertyOp35
 70
     0
102
RTVSPropertyOp36
 70
     0
102
RTVSPropertyOp37
 70
     0
102
RTVSPropertyOp38
 70
     0
102
RTVSPropertyOp39
 70
     0
102
RTVSPropertyOp40
 70
     0
102
RTVSPropertyOp41
 70
     0
102
RTVSPropertyOp42
 70
     0
102
RTVSPropertyOp43
 70
     0
102
RTVSPropertyOp44
 70
     0
102
RTVSPropertyOp45
 70
     0
102
RTVSPropertyOp46
 70
     0
102
RTVSPropertyOp47
 70
     0
102
RTVSPropertyOp48
 70
     0
102
RTVSPropertyOp49
 70
     0
102
RTVSPropertyOp50
 70
     0
102
RTVSPropertyOp51
 70
     0
102
RTVSPropertyOp52
 70
     0
102
RTVSPropertyOp53
 70
     0
102
RTVSPropertyOp54
 70
     0
102
RTVSPropertyOp55
 70
     0
102
RTVSPropertyOp56
 70
     0
102
RTVSPropertyOp57
 70
     0
102
RTVSPost2010Prop28
280
     0
102
RTVSPost2010PropOp28
 70
     0
102
RTVSPost2010Prop29
280
     1
102
RTVSPost2010PropOp29
 70
     0
102
RTVSPost2010Prop30
280
     1
102
RTVSPost2010PropOp30
 70
     0
102
RTVSPost2010Prop31
280
     0
102
RTVSPost2010PropOp31
 70
     0
102
RTVSPost2010Prop32
280
     0
102
RTVSPost2010PropOp32
 70
     0
102
RTVSPost2010Prop33
280
     0
102
RTVSPost2010PropOp33
 70
     0
102
RTVSPost2010Prop34
280
     0
102
RTVSPost2010PropOp34
 70
     0
102
RTVSPost2010Prop35
280
     0
102
RTVSPost2010PropOp35
 70
     0
102
RTVSPost2010Prop36
280
     0
102
RTVSPost2010PropOp36
 70
     0
102
RTVSPost2010Prop37
 90
       50
102
RTVSPost2010PropOp37
 70
     0
102
RTVSPost2010Prop38
140
0.0
102
RTVSPost2010PropOp38
 70
     0
102
RTVSPost2010Prop39
140
1.0
102
RTVSPost2010PropOp39
 70
     0
102
RTVSPost2010Prop40
 90
        0
102
RTVSPost2010PropOp40
 70
     0
102
RTVSPost2010Prop41ColorIndex
 90
       18
102
RTVSPost2010Prop41ColorRGB
 90
        0
102
RTVSPost2010PropOp41
 70
     0
102
RTVSPost2010Prop42
 90
       50
102
RTVSPost2010PropOp42
 70
     0
102
RTVSPost2010Prop43
 90
        3
102
RTVSPost2010PropOp43
 70
     0
102
RTVSPost2010Prop44ColorIndex
 90
        5
102
RTVSPost2010Prop44ColorRGB
 90
      255
102
RTVSPost2010PropOp44
 70
     0
102
RTVSPost2010Prop45
280
     0
102
RTVSPost2010PropOp45
 70
     0
102
RTVSPost2010Prop46
 90
       50
102
RTVSPost2010PropOp46
 70
     0
102
RTVSPost2010Prop47
 90
       50
102
RTVSPost2010PropOp47
 70
     0
102
RTVSPost2010Prop48
 90
       50
102
RTVSPost2010PropOp48
 70
     0
102
RTVSPost2010Prop49
280
     0
102
RTVSPost2010PropOp49
 70
     0
102
RTVSPost2010Prop50
 90
       50
102
RTVSPost2010PropOp50
 70
     0
102
RTVSPost2010Prop51ColorIndex
 90
      256
102
RTVSPost2010Prop51ColorRGB
 90
-16777216
102
RTVSPost2010PropOp51
 70
     0
102
RTVSPost2010Prop52
140
1.0
102
RTVSPost2010PropOp52
 70
     0
102
RTVSPost2010Prop53
 90
        2
102
RTVSPost2010PropOp53
 70
     0
102
RTVSPost2010Prop54
  1
strokes_ogs.tif
102
RTVSPost2010PropOp54
 70
     0
102
RTVSPost2010Prop55
280
     0
102
RTVSPost2010PropOp55
 70
     0
102
RTVSPost2010Prop56
140
1.0
102
RTVSPost2010PropOp56
 70
     0
102
RTVSPost2010Prop57
140
1.0
102
RTVSPost2010PropOp57
 70
     0
  0
XRECORD
  5
9B
102
{ACAD_REACTORS
330
9A
102
}
330
9A
100
AcDbXrecord
280
     1
102
RTVSPropertyOp0
 70
     1
102
RTVSPropertyOp1
 70
     1
102
RTVSPropertyOp2
 70
     1
102
RTVSPropertyOp3
 70
     1
102
RTVSPropertyOp4
 70
     1
102
RTVSPropertyOp5
 70
     1
102
RTVSPropertyOp6
 70
     1
102
RTVSPropertyOp7
 70
     1
102
RTVSPropertyOp8
 70
     1
102
RTVSPropertyOp9
 70
     1
102
RTVSPropertyOp10
 70
     1
102
RTVSPropertyOp11
 70
     1
102
RTVSPropertyOp12
 70
     1
102
RTVSPropertyOp13
 70
     1
102
RTVSPropertyOp14
 70
     1
102
RTVSPropertyOp15
 70
     1
102
RTVSPropertyOp16
 70
     1
102
RTVSPropertyOp17
 70
     1
102
RTVSPropertyOp18
 70
     1
102
RTVSPropertyOp19
 70
     1
102
RTVSPropertyOp20
 70
     1
102
RTVSPropertyOp21
 70
     1
102
RTVSPropertyOp22
 70
     1
102
RTVSPropertyOp23
 70
     1
102
RTVSPropertyOp24
 70
     1
102
RTVSPropertyOp25
 70
     1
102
RTVSPropertyOp26
 70
     1
102
RTVSPropertyOp27
 70
     1
102
RTVSPropertyOp28
 70
     1
102
RTVSPropertyOp29
 70
     1
102
RTVSPropertyOp30
 70
     1
102
RTVSPropertyOp31
 70
     1
102
RTVSPropertyOp32
 70
     1
102
RTVSPropertyOp33
 70
     1
102
RTVSPropertyOp34
 70
     1
102
RTVSPropertyOp35
 70
     1
102
RTVSPropertyOp36
 70
     1
102
RTVSPropertyOp37
 70
     1
102
RTVSPropertyOp38
 70
     1
102
RTVSPropertyOp39
 70
     1
102
RTVSPropertyOp40
 70
     1
102
RTVSPropertyOp41
 70
     1
102
RTVSPropertyOp42
 70
     1
102
RTVSPropertyOp43
 70
     1
102
RTVSPropertyOp44
 70
     1
102
RTVSPropertyOp45
 70
     1
102
RTVSPropertyOp46
 70
     1
102
RTVSPropertyOp47
 70
     1
102
RTVSPropertyOp48
 70
     1
102
RTVSPropertyOp49
 70
     1
102
RTVSPropertyOp50
 70
     1
102
RTVSPropertyOp51
 70
     0
102
RTVSPropertyOp52
 70
     0
102
RTVSPropertyOp53
 70
     1
102
RTVSPropertyOp54
 70
     1
102
RTVSPropertyOp55
 70
     1
102
RTVSPropertyOp56
 70
     1
102
RTVSPropertyOp57
 70
     1
102
RTVSPost2010Prop28
280
     0
102
RTVSPost2010PropOp28
 70
     1
102
RTVSPost2010Prop29
280
     1
102
RTVSPost2010PropOp29
 70
     1
102
RTVSPost2010Prop30
280
     1
102
RTVSPost2010PropOp30
 70
     1
102
RTVSPost2010Prop31
280
     0
102
RTVSPost2010PropOp31
 70
     1
102
RTVSPost2010Prop32
280
     0
102
RTVSPost2010PropOp32
 70
     1
102
RTVSPost2010Prop33
280
     0
102
RTVSPost2010PropOp33
 70
     1
102
RTVSPost2010Prop34
280
     0
102
RTVSPost2010PropOp34
 70
     1
102
RTVSPost2010Prop35
280
     0
102
RTVSPost2010PropOp35
 70
     1
102
RTVSPost2010Prop36
280
     0
102
RTVSPost2010PropOp36
 70
     1
102
RTVSPost2010Prop37
 90
       50
102
RTVSPost2010PropOp37
 70
     1
102
RTVSPost2010Prop38
140
0.0
102
RTVSPost2010PropOp38
 70
     1
102
RTVSPost2010Prop39
140
1.0
102
RTVSPost2010PropOp39
 70
     1
102
RTVSPost2010Prop40
 90
        0
102
RTVSPost2010PropOp40
 70
     1
102
RTVSPost2010Prop41ColorIndex
 90
       18
102
RTVSPost2010Prop41ColorRGB
 90
        0
102
RTVSPost2010PropOp41
 70
     1
102
RTVSPost2010Prop42
 90
       50
102
RTVSPost2010PropOp42
 70
     1
102
RTVSPost2010Prop43
 90
        3
102
RTVSPost2010PropOp43
 70
     1
102
RTVSPost2010Prop44ColorIndex
 90
        5
102
RTVSPost2010Prop44ColorRGB
 90
      255
102
RTVSPost2010PropOp44
 70
     1
102
RTVSPost2010Prop45
280
     0
102
RTVSPost2010PropOp45
 70
     1
102
RTVSPost2010Prop46
 90
       50
102
RTVSPost2010PropOp46
 70
     1
102
RTVSPost2010Prop47
 90
       50
102
RTVSPost2010PropOp47
 70
     1
102
RTVSPost2010Prop48
 90
       50
102
RTVSPost2010PropOp48
 70
     1
102
RTVSPost2010Prop49
280
     0
102
RTVSPost2010PropOp49
 70
     1
102
RTVSPost2010Prop50
 90
       50
102
RTVSPost2010PropOp50
 70
     1
102
RTVSPost2010Prop51ColorIndex
 90
      256
102
RTVSPost2010Prop51ColorRGB
 90
-16777216
102
RTVSPost2010PropOp51
 70
     0
102
RTVSPost2010Prop52
140
1.0
102
RTVSPost2010PropOp52
 70
     0
102
RTVSPost2010Prop53
 90
        2
102
RTVSPost2010PropOp53
 70
     1
102
RTVSPost2010Prop54
  1
strokes_ogs.tif
102
RTVSPost2010PropOp54
 70
     1
102
RTVSPost2010Prop55
280
     0
102
RTVSPost2010PropOp55
 70
     1
102
RTVSPost2010Prop56
140
1.0
102
RTVSPost2010PropOp56
 70
     1
102
RTVSPost2010Prop57
140
1.0
102
RTVSPost2010PropOp57
 70
     1
  0
XRECORD
  5
B9
102
{ACAD_REACTORS
330
B8
102
}
330
B8
100
AcDbXrecord
280
     1
102
RTVSPropertyOp0
 70
     1
102
RTVSPropertyOp1
 70
     1
102
RTVSPropertyOp2
 70
     1
102
RTVSPropertyOp3
 70
     1
102
RTVSPropertyOp4
 70
     1
102
RTVSPropertyOp5
 70
     1
102
RTVSPropertyOp6
 70
     1
102
RTVSPropertyOp7
 70
     1
102
RTVSPropertyOp8
 70
     1
102
RTVSPropertyOp9
 70
     1
102
RTVSPropertyOp10
 70
     1
102
RTVSPropertyOp11
 70
     1
102
RTVSPropertyOp12
 70
     1
102
RTVSPropertyOp13
 70
     1
102
RTVSPropertyOp14
 70
     1
102
RTVSPropertyOp15
 70
     1
102
RTVSPropertyOp16
 70
     1
102
RTVSPropertyOp17
 70
     1
102
RTVSPropertyOp18
 70
     1
102
RTVSPropertyOp19
 70
     1
102
RTVSPropertyOp20
 70
     1
102
RTVSPropertyOp21
 70
     1
102
RTVSPropertyOp22
 70
     1
102
RTVSPropertyOp23
 70
     1
102
RTVSPropertyOp24
 70
     1
102
RTVSPropertyOp25
 70
     1
102
RTVSPropertyOp26
 70
     1
102
RTVSPropertyOp27
 70
     1
102
RTVSPropertyOp28
 70
     1
102
RTVSPropertyOp29
 70
     1
102
RTVSPropertyOp30
 70
     1
102
RTVSPropertyOp31
 70
     1
102
RTVSPropertyOp32
 70
     1
102
RTVSPropertyOp33
 70
     1
102
RTVSPropertyOp34
 70
     1
102
RTVSPropertyOp35
 70
     1
102
RTVSPropertyOp36
 70
     1
102
RTVSPropertyOp37
 70
     1
102
RTVSPropertyOp38
 70
     1
102
RTVSPropertyOp39
 70
     1
102
RTVSPropertyOp40
 70
     1
102
RTVSPropertyOp41
 70
     1
102
RTVSPropertyOp42
 70
     1
102
RTVSPropertyOp43
 70
     1
102
RTVSPropertyOp44
 70
     1
102
RTVSPropertyOp45
 70
     1
102
RTVSPropertyOp46
 70
     1
102
RTVSPropertyOp47
 70
     1
102
RTVSPropertyOp48
 70
     1
102
RTVSPropertyOp49
 70
     1
102
RTVSPropertyOp50
 70
     1
102
RTVSPropertyOp51
 70
     0
102
RTVSPropertyOp52
 70
     0
102
RTVSPropertyOp53
 70
     1
102
RTVSPropertyOp54
 70
     1
102
RTVSPropertyOp55
 70
     1
102
RTVSPropertyOp56
 70
     1
102
RTVSPropertyOp57
 70
     1
102
RTVSPost2010Prop28
280
     0
102
RTVSPost2010PropOp28
 70
     1
102
RTVSPost2010Prop29
280
     1
102
RTVSPost2010PropOp29
 70
     1
102
RTVSPost2010Prop30
280
     1
102
RTVSPost2010PropOp30
 70
     1
102
RTVSPost2010Prop31
280
     0
102
RTVSPost2010PropOp31
 70
     1
102
RTVSPost2010Prop32
280
     0
102
RTVSPost2010PropOp32
 70
     1
102
RTVSPost2010Prop33
280
     0
102
RTVSPost2010PropOp33
 70
     1
102
RTVSPost2010Prop34
280
     0
102
RTVSPost2010PropOp34
 70
     1
102
RTVSPost2010Prop35
280
     0
102
RTVSPost2010PropOp35
 70
     1
102
RTVSPost2010Prop36
280
     0
102
RTVSPost2010PropOp36
 70
     1
102
RTVSPost2010Prop37
 90
       50
102
RTVSPost2010PropOp37
 70
     1
102
RTVSPost2010Prop38
140
0.0
102
RTVSPost2010PropOp38
 70
     1
102
RTVSPost2010Prop39
140
1.0
102
RTVSPost2010PropOp39
 70
     1
102
RTVSPost2010Prop40
 90
        0
102
RTVSPost2010PropOp40
 70
     1
102
RTVSPost2010Prop41ColorIndex
 90
       18
102
RTVSPost2010Prop41ColorRGB
 90
        0
102
RTVSPost2010PropOp41
 70
     1
102
RTVSPost2010Prop42
 90
       50
102
RTVSPost2010PropOp42
 70
     1
102
RTVSPost2010Prop43
 90
        3
102
RTVSPost2010PropOp43
 70
     1
102
RTVSPost2010Prop44ColorIndex
 90
        5
102
RTVSPost2010Prop44ColorRGB
 90
      255
102
RTVSPost2010PropOp44
 70
     1
102
RTVSPost2010Prop45
280
     0
102
RTVSPost2010PropOp45
 70
     1
102
RTVSPost2010Prop46
 90
       50
102
RTVSPost2010PropOp46
 70
     1
102
RTVSPost2010Prop47
 90
       50
102
RTVSPost2010PropOp47
 70
     1
102
RTVSPost2010Prop48
 90
       50
102
RTVSPost2010PropOp48
 70
     1
102
RTVSPost2010Prop49
280
     0
102
RTVSPost2010PropOp49
 70
     1
102
RTVSPost2010Prop50
 90
       50
102
RTVSPost2010PropOp50
 70
     1
102
RTVSPost2010Prop51ColorIndex
 90
      256
102
RTVSPost2010Prop51ColorRGB
 90
-16777216
102
RTVSPost2010PropOp51
 70
     0
102
RTVSPost2010Prop52
140
1.0
102
RTVSPost2010PropOp52
 70
     0
102
RTVSPost2010Prop53
 90
        2
102
RTVSPost2010PropOp53
 70
     1
102
RTVSPost2010Prop54
  1
strokes_ogs.tif
102
RTVSPost2010PropOp54
 70
     1
102
RTVSPost2010Prop55
280
     0
102
RTVSPost2010PropOp55
 70
     1
102
RTVSPost2010Prop56
140
1.0
102
RTVSPost2010PropOp56
 70
     1
102
RTVSPost2010Prop57
140
1.0
102
RTVSPost2010PropOp57
 70
     1
  0
XRECORD
  5
B7
102
{ACAD_REACTORS
330
B6
102
}
330
B6
100
AcDbXrecord
280
     1
102
RTVSPropertyOp0
 70
     1
102
RTVSPropertyOp1
 70
     1
102
RTVSPropertyOp2
 70
     1
102
RTVSPropertyOp3
 70
     1
102
RTVSPropertyOp4
 70
     1
102
RTVSPropertyOp5
 70
     1
102
RTVSPropertyOp6
 70
     1
102
RTVSPropertyOp7
 70
     1
102
RTVSPropertyOp8
 70
     1
102
RTVSPropertyOp9
 70
     1
102
RTVSPropertyOp10
 70
     1
102
RTVSPropertyOp11
 70
     1
102
RTVSPropertyOp12
 70
     1
102
RTVSPropertyOp13
 70
     1
102
RTVSPropertyOp14
 70
     1
102
RTVSPropertyOp15
 70
     1
102
RTVSPropertyOp16
 70
     1
102
RTVSPropertyOp17
 70
     1
102
RTVSPropertyOp18
 70
     1
102
RTVSPropertyOp19
 70
     1
102
RTVSPropertyOp20
 70
     1
102
RTVSPropertyOp21
 70
     1
102
RTVSPropertyOp22
 70
     1
102
RTVSPropertyOp23
 70
     1
102
RTVSPropertyOp24
 70
     1
102
RTVSPropertyOp25
 70
     1
102
RTVSPropertyOp26
 70
     1
102
RTVSPropertyOp27
 70
     1
102
RTVSPropertyOp28
 70
     1
102
RTVSPropertyOp29
 70
     1
102
RTVSPropertyOp30
 70
     1
102
RTVSPropertyOp31
 70
     1
102
RTVSPropertyOp32
 70
     1
102
RTVSPropertyOp33
 70
     1
102
RTVSPropertyOp34
 70
     1
102
RTVSPropertyOp35
 70
     1
102
RTVSPropertyOp36
 70
     1
102
RTVSPropertyOp37
 70
     1
102
RTVSPropertyOp38
 70
     1
102
RTVSPropertyOp39
 70
     1
102
RTVSPropertyOp40
 70
     1
102
RTVSPropertyOp41
 70
     1
102
RTVSPropertyOp42
 70
     1
102
RTVSPropertyOp43
 70
     1
102
RTVSPropertyOp44
 70
     1
102
RTVSPropertyOp45
 70
     1
102
RTVSPropertyOp46
 70
     1
102
RTVSPropertyOp47
 70
     1
102
RTVSPropertyOp48
 70
     1
102
RTVSPropertyOp49
 70
     1
102
RTVSPropertyOp50
 70
     1
102
RTVSPropertyOp51
 70
     0
102
RTVSPropertyOp52
 70
     0
102
RTVSPropertyOp53
 70
     1
102
RTVSPropertyOp54
 70
     1
102
RTVSPropertyOp55
 70
     1
102
RTVSPropertyOp56
 70
     1
102
RTVSPropertyOp57
 70
     1
102
RTVSPost2010Prop28
280
     0
102
RTVSPost2010PropOp28
 70
     1
102
RTVSPost2010Prop29
280
     1
102
RTVSPost2010PropOp29
 70
     1
102
RTVSPost2010Prop30
280
     1
102
RTVSPost2010PropOp30
 70
     1
102
RTVSPost2010Prop31
280
     0
102
RTVSPost2010PropOp31
 70
     1
102
RTVSPost2010Prop32
280
     0
102
RTVSPost2010PropOp32
 70
     1
102
RTVSPost2010Prop33
280
     0
102
RTVSPost2010PropOp33
 70
     1
102
RTVSPost2010Prop34
280
     0
102
RTVSPost2010PropOp34
 70
     1
102
RTVSPost2010Prop35
280
     0
102
RTVSPost2010PropOp35
 70
     1
102
RTVSPost2010Prop36
280
     0
102
RTVSPost2010PropOp36
 70
     1
102
RTVSPost2010Prop37
 90
       50
102
RTVSPost2010PropOp37
 70
     1
102
RTVSPost2010Prop38
140
0.0
102
RTVSPost2010PropOp38
 70
     1
102
RTVSPost2010Prop39
140
1.0
102
RTVSPost2010PropOp39
 70
     1
102
RTVSPost2010Prop40
 90
        0
102
RTVSPost2010PropOp40
 70
     1
102
RTVSPost2010Prop41ColorIndex
 90
       18
102
RTVSPost2010Prop41ColorRGB
 90
        0
102
RTVSPost2010PropOp41
 70
     1
102
RTVSPost2010Prop42
 90
       50
102
RTVSPost2010PropOp42
 70
     1
102
RTVSPost2010Prop43
 90
        3
102
RTVSPost2010PropOp43
 70
     1
102
RTVSPost2010Prop44ColorIndex
 90
        5
102
RTVSPost2010Prop44ColorRGB
 90
      255
102
RTVSPost2010PropOp44
 70
     1
102
RTVSPost2010Prop45
280
     0
102
RTVSPost2010PropOp45
 70
     1
102
RTVSPost2010Prop46
 90
       50
102
RTVSPost2010PropOp46
 70
     1
102
RTVSPost2010Prop47
 90
       50
102
RTVSPost2010PropOp47
 70
     1
102
RTVSPost2010Prop48
 90
       50
102
RTVSPost2010PropOp48
 70
     1
102
RTVSPost2010Prop49
280
     0
102
RTVSPost2010PropOp49
 70
     1
102
RTVSPost2010Prop50
 90
       50
102
RTVSPost2010PropOp50
 70
     1
102
RTVSPost2010Prop51ColorIndex
 90
      256
102
RTVSPost2010Prop51ColorRGB
 90
-16777216
102
RTVSPost2010PropOp51
 70
     0
102
RTVSPost2010Prop52
140
1.0
102
RTVSPost2010PropOp52
 70
     0
102
RTVSPost2010Prop53
 90
        2
102
RTVSPost2010PropOp53
 70
     1
102
RTVSPost2010Prop54
  1
strokes_ogs.tif
102
RTVSPost2010PropOp54
 70
     1
102
RTVSPost2010Prop55
280
     0
102
RTVSPost2010PropOp55
 70
     1
102
RTVSPost2010Prop56
140
1.0
102
RTVSPost2010PropOp56
 70
     1
102
RTVSPost2010Prop57
140
1.0
102
RTVSPost2010PropOp57
 70
     1
  0
XRECORD
  5
B1
102
{ACAD_REACTORS
330
B0
102
}
330
B0
100
AcDbXrecord
280
     1
102
RTVSPropertyOp0
 70
     1
102
RTVSPropertyOp1
 70
     1
102
RTVSPropertyOp2
 70
     1
102
RTVSPropertyOp3
 70
     1
102
RTVSPropertyOp4
 70
     1
102
RTVSPropertyOp5
 70
     1
102
RTVSPropertyOp6
 70
     1
102
RTVSPropertyOp7
 70
     1
102
RTVSPropertyOp8
 70
     1
102
RTVSPropertyOp9
 70
     1
102
RTVSPropertyOp10
 70
     1
102
RTVSPropertyOp11
 70
     1
102
RTVSPropertyOp12
 70
     1
102
RTVSPropertyOp13
 70
     1
102
RTVSPropertyOp14
 70
     1
102
RTVSPropertyOp15
 70
     1
102
RTVSPropertyOp16
 70
     1
102
RTVSPropertyOp17
 70
     1
102
RTVSPropertyOp18
 70
     1
102
RTVSPropertyOp19
 70
     1
102
RTVSPropertyOp20
 70
     1
102
RTVSPropertyOp21
 70
     1
102
RTVSPropertyOp22
 70
     1
102
RTVSPropertyOp23
 70
     1
102
RTVSPropertyOp24
 70
     1
102
RTVSPropertyOp25
 70
     1
102
RTVSPropertyOp26
 70
     1
102
RTVSPropertyOp27
 70
     1
102
RTVSPropertyOp28
 70
     1
102
RTVSPropertyOp29
 70
     1
102
RTVSPropertyOp30
 70
     1
102
RTVSPropertyOp31
 70
     1
102
RTVSPropertyOp32
 70
     1
102
RTVSPropertyOp33
 70
     1
102
RTVSPropertyOp34
 70
     1
102
RTVSPropertyOp35
 70
     1
102
RTVSPropertyOp36
 70
     1
102
RTVSPropertyOp37
 70
     1
102
RTVSPropertyOp38
 70
     1
102
RTVSPropertyOp39
 70
     1
102
RTVSPropertyOp40
 70
     1
102
RTVSPropertyOp41
 70
     1
102
RTVSPropertyOp42
 70
     1
102
RTVSPropertyOp43
 70
     1
102
RTVSPropertyOp44
 70
     1
102
RTVSPropertyOp45
 70
     1
102
RTVSPropertyOp46
 70
     1
102
RTVSPropertyOp47
 70
     1
102
RTVSPropertyOp48
 70
     1
102
RTVSPropertyOp49
 70
     1
102
RTVSPropertyOp50
 70
     1
102
RTVSPropertyOp51
 70
     0
102
RTVSPropertyOp52
 70
     0
102
RTVSPropertyOp53
 70
     1
102
RTVSPropertyOp54
 70
     1
102
RTVSPropertyOp55
 70
     1
102
RTVSPropertyOp56
 70
     1
102
RTVSPropertyOp57
 70
     1
102
RTVSPost2010Prop28
280
     0
102
RTVSPost2010PropOp28
 70
     1
102
RTVSPost2010Prop29
280
     1
102
RTVSPost2010PropOp29
 70
     1
102
RTVSPost2010Prop30
280
     1
102
RTVSPost2010PropOp30
 70
     1
102
RTVSPost2010Prop31
280
     0
102
RTVSPost2010PropOp31
 70
     1
102
RTVSPost2010Prop32
280
     0
102
RTVSPost2010PropOp32
 70
     1
102
RTVSPost2010Prop33
280
     0
102
RTVSPost2010PropOp33
 70
     1
102
RTVSPost2010Prop34
280
     0
102
RTVSPost2010PropOp34
 70
     1
102
RTVSPost2010Prop35
280
     0
102
RTVSPost2010PropOp35
 70
     1
102
RTVSPost2010Prop36
280
     0
102
RTVSPost2010PropOp36
 70
     1
102
RTVSPost2010Prop37
 90
       50
102
RTVSPost2010PropOp37
 70
     1
102
RTVSPost2010Prop38
140
0.0
102
RTVSPost2010PropOp38
 70
     1
102
RTVSPost2010Prop39
140
1.0
102
RTVSPost2010PropOp39
 70
     1
102
RTVSPost2010Prop40
 90
        0
102
RTVSPost2010PropOp40
 70
     1
102
RTVSPost2010Prop41ColorIndex
 90
       18
102
RTVSPost2010Prop41ColorRGB
 90
        0
102
RTVSPost2010PropOp41
 70
     1
102
RTVSPost2010Prop42
 90
       50
102
RTVSPost2010PropOp42
 70
     1
102
RTVSPost2010Prop43
 90
        3
102
RTVSPost2010PropOp43
 70
     1
102
RTVSPost2010Prop44ColorIndex
 90
        5
102
RTVSPost2010Prop44ColorRGB
 90
      255
102
RTVSPost2010PropOp44
 70
     1
102
RTVSPost2010Prop45
280
     0
102
RTVSPost2010PropOp45
 70
     1
102
RTVSPost2010Prop46
 90
       50
102
RTVSPost2010PropOp46
 70
     1
102
RTVSPost2010Prop47
 90
       50
102
RTVSPost2010PropOp47
 70
     1
102
RTVSPost2010Prop48
 90
       50
102
RTVSPost2010PropOp48
 70
     1
102
RTVSPost2010Prop49
280
     0
102
RTVSPost2010PropOp49
 70
     1
102
RTVSPost2010Prop50
 90
       50
102
RTVSPost2010PropOp50
 70
     1
102
RTVSPost2010Prop51ColorIndex
 90
      256
102
RTVSPost2010Prop51ColorRGB
 90
-16777216
102
RTVSPost2010PropOp51
 70
     0
102
RTVSPost2010Prop52
140
1.0
102
RTVSPost2010PropOp52
 70
     0
102
RTVSPost2010Prop53
 90
        2
102
RTVSPost2010PropOp53
 70
     1
102
RTVSPost2010Prop54
  1
strokes_ogs.tif
102
RTVSPost2010PropOp54
 70
     1
102
RTVSPost2010Prop55
280
     0
102
RTVSPost2010PropOp55
 70
     1
102
RTVSPost2010Prop56
140
1.0
102
RTVSPost2010PropOp56
 70
     1
102
RTVSPost2010Prop57
140
1.0
102
RTVSPost2010PropOp57
 70
     1
  0
XRECORD
  5
B3
102
{ACAD_REACTORS
330
B2
102
}
330
B2
100
AcDbXrecord
280
     1
102
RTVSPropertyOp0
 70
     1
102
RTVSPropertyOp1
 70
     1
102
RTVSPropertyOp2
 70
     1
102
RTVSPropertyOp3
 70
     1
102
RTVSPropertyOp4
 70
     1
102
RTVSPropertyOp5
 70
     1
102
RTVSPropertyOp6
 70
     1
102
RTVSPropertyOp7
 70
     1
102
RTVSPropertyOp8
 70
     1
102
RTVSPropertyOp9
 70
     1
102
RTVSPropertyOp10
 70
     1
102
RTVSPropertyOp11
 70
     1
102
RTVSPropertyOp12
 70
     1
102
RTVSPropertyOp13
 70
     1
102
RTVSPropertyOp14
 70
     1
102
RTVSPropertyOp15
 70
     1
102
RTVSPropertyOp16
 70
     1
102
RTVSPropertyOp17
 70
     1
102
RTVSPropertyOp18
 70
     1
102
RTVSPropertyOp19
 70
     1
102
RTVSPropertyOp20
 70
     1
102
RTVSPropertyOp21
 70
     1
102
RTVSPropertyOp22
 70
     1
102
RTVSPropertyOp23
 70
     1
102
RTVSPropertyOp24
 70
     1
102
RTVSPropertyOp25
 70
     1
102
RTVSPropertyOp26
 70
     1
102
RTVSPropertyOp27
 70
     1
102
RTVSPropertyOp28
 70
     1
102
RTVSPropertyOp29
 70
     1
102
RTVSPropertyOp30
 70
     1
102
RTVSPropertyOp31
 70
     1
102
RTVSPropertyOp32
 70
     1
102
RTVSPropertyOp33
 70
     1
102
RTVSPropertyOp34
 70
     1
102
RTVSPropertyOp35
 70
     1
102
RTVSPropertyOp36
 70
     1
102
RTVSPropertyOp37
 70
     1
102
RTVSPropertyOp38
 70
     1
102
RTVSPropertyOp39
 70
     1
102
RTVSPropertyOp40
 70
     1
102
RTVSPropertyOp41
 70
     1
102
RTVSPropertyOp42
 70
     1
102
RTVSPropertyOp43
 70
     1
102
RTVSPropertyOp44
 70
     1
102
RTVSPropertyOp45
 70
     1
102
RTVSPropertyOp46
 70
     1
102
RTVSPropertyOp47
 70
     1
102
RTVSPropertyOp48
 70
     1
102
RTVSPropertyOp49
 70
     1
102
RTVSPropertyOp50
 70
     1
102
RTVSPropertyOp51
 70
     0
102
RTVSPropertyOp52
 70
     0
102
RTVSPropertyOp53
 70
     1
102
RTVSPropertyOp54
 70
     1
102
RTVSPropertyOp55
 70
     1
102
RTVSPropertyOp56
 70
     1
102
RTVSPropertyOp57
 70
     1
102
RTVSPost2010Prop28
280
     0
102
RTVSPost2010PropOp28
 70
     1
102
RTVSPost2010Prop29
280
     1
102
RTVSPost2010PropOp29
 70
     1
102
RTVSPost2010Prop30
280
     1
102
RTVSPost2010PropOp30
 70
     1
102
RTVSPost2010Prop31
280
     0
102
RTVSPost2010PropOp31
 70
     1
102
RTVSPost2010Prop32
280
     0
102
RTVSPost2010PropOp32
 70
     1
102
RTVSPost2010Prop33
280
     0
102
RTVSPost2010PropOp33
 70
     1
102
RTVSPost2010Prop34
280
     0
102
RTVSPost2010PropOp34
 70
     1
102
RTVSPost2010Prop35
280
     0
102
RTVSPost2010PropOp35
 70
     1
102
RTVSPost2010Prop36
280
     0
102
RTVSPost2010PropOp36
 70
     1
102
RTVSPost2010Prop37
 90
       50
102
RTVSPost2010PropOp37
 70
     1
102
RTVSPost2010Prop38
140
0.0
102
RTVSPost2010PropOp38
 70
     1
102
RTVSPost2010Prop39
140
1.0
102
RTVSPost2010PropOp39
 70
     1
102
RTVSPost2010Prop40
 90
        0
102
RTVSPost2010PropOp40
 70
     1
102
RTVSPost2010Prop41ColorIndex
 90
       18
102
RTVSPost2010Prop41ColorRGB
 90
        0
102
RTVSPost2010PropOp41
 70
     1
102
RTVSPost2010Prop42
 90
       50
102
RTVSPost2010PropOp42
 70
     1
102
RTVSPost2010Prop43
 90
        3
102
RTVSPost2010PropOp43
 70
     1
102
RTVSPost2010Prop44ColorIndex
 90
        5
102
RTVSPost2010Prop44ColorRGB
 90
      255
102
RTVSPost2010PropOp44
 70
     1
102
RTVSPost2010Prop45
280
     0
102
RTVSPost2010PropOp45
 70
     1
102
RTVSPost2010Prop46
 90
       50
102
RTVSPost2010PropOp46
 70
     1
102
RTVSPost2010Prop47
 90
       50
102
RTVSPost2010PropOp47
 70
     1
102
RTVSPost2010Prop48
 90
       50
102
RTVSPost2010PropOp48
 70
     1
102
RTVSPost2010Prop49
280
     0
102
RTVSPost2010PropOp49
 70
     1
102
RTVSPost2010Prop50
 90
       50
102
RTVSPost2010PropOp50
 70
     1
102
RTVSPost2010Prop51ColorIndex
 90
      256
102
RTVSPost2010Prop51ColorRGB
 90
-16777216
102
RTVSPost2010PropOp51
 70
     0
102
RTVSPost2010Prop52
140
1.0
102
RTVSPost2010PropOp52
 70
     0
102
RTVSPost2010Prop53
 90
        2
102
RTVSPost2010PropOp53
 70
     1
102
RTVSPost2010Prop54
  1
strokes_ogs.tif
102
RTVSPost2010PropOp54
 70
     1
102
RTVSPost2010Prop55
280
     0
102
RTVSPost2010PropOp55
 70
     1
102
RTVSPost2010Prop56
140
1.0
102
RTVSPost2010PropOp56
 70
     1
102
RTVSPost2010Prop57
140
1.0
102
RTVSPost2010PropOp57
 70
     1
  0
XRECORD
  5
A3
102
{ACAD_REACTORS
330
A2
102
}
330
A2
100
AcDbXrecord
280
     1
102
RTVSPropertyOp0
 70
     1
102
RTVSPropertyOp1
 70
     1
102
RTVSPropertyOp2
 70
     1
102
RTVSPropertyOp3
 70
     1
102
RTVSPropertyOp4
 70
     1
102
RTVSPropertyOp5
 70
     1
102
RTVSPropertyOp6
 70
     1
102
RTVSPropertyOp7
 70
     1
102
RTVSPropertyOp8
 70
     1
102
RTVSPropertyOp9
 70
     1
102
RTVSPropertyOp10
 70
     1
102
RTVSPropertyOp11
 70
     1
102
RTVSPropertyOp12
 70
     1
102
RTVSPropertyOp13
 70
     1
102
RTVSPropertyOp14
 70
     1
102
RTVSPropertyOp15
 70
     1
102
RTVSPropertyOp16
 70
     1
102
RTVSPropertyOp17
 70
     1
102
RTVSPropertyOp18
 70
     1
102
RTVSPropertyOp19
 70
     1
102
RTVSPropertyOp20
 70
     1
102
RTVSPropertyOp21
 70
     1
102
RTVSPropertyOp22
 70
     1
102
RTVSPropertyOp23
 70
     1
102
RTVSPropertyOp24
 70
     1
102
RTVSPropertyOp25
 70
     1
102
RTVSPropertyOp26
 70
     1
102
RTVSPropertyOp27
 70
     1
102
RTVSPropertyOp28
 70
     1
102
RTVSPropertyOp29
 70
     1
102
RTVSPropertyOp30
 70
     1
102
RTVSPropertyOp31
 70
     1
102
RTVSPropertyOp32
 70
     1
102
RTVSPropertyOp33
 70
     1
102
RTVSPropertyOp34
 70
     1
102
RTVSPropertyOp35
 70
     1
102
RTVSPropertyOp36
 70
     1
102
RTVSPropertyOp37
 70
     1
102
RTVSPropertyOp38
 70
     1
102
RTVSPropertyOp39
 70
     1
102
RTVSPropertyOp40
 70
     1
102
RTVSPropertyOp41
 70
     1
102
RTVSPropertyOp42
 70
     1
102
RTVSPropertyOp43
 70
     1
102
RTVSPropertyOp44
 70
     1
102
RTVSPropertyOp45
 70
     1
102
RTVSPropertyOp46
 70
     1
102
RTVSPropertyOp47
 70
     1
102
RTVSPropertyOp48
 70
     1
102
RTVSPropertyOp49
 70
     1
102
RTVSPropertyOp50
 70
     1
102
RTVSPropertyOp51
 70
     0
102
RTVSPropertyOp52
 70
     0
102
RTVSPropertyOp53
 70
     1
102
RTVSPropertyOp54
 70
     1
102
RTVSPropertyOp55
 70
     1
102
RTVSPropertyOp56
 70
     1
102
RTVSPropertyOp57
 70
     1
102
RTVSPost2010Prop28
280
     0
102
RTVSPost2010PropOp28
 70
     1
102
RTVSPost2010Prop29
280
     1
102
RTVSPost2010PropOp29
 70
     1
102
RTVSPost2010Prop30
280
     1
102
RTVSPost2010PropOp30
 70
     1
102
RTVSPost2010Prop31
280
     0
102
RTVSPost2010PropOp31
 70
     1
102
RTVSPost2010Prop32
280
     0
102
RTVSPost2010PropOp32
 70
     1
102
RTVSPost2010Prop33
280
     0
102
RTVSPost2010PropOp33
 70
     1
102
RTVSPost2010Prop34
280
     0
102
RTVSPost2010PropOp34
 70
     1
102
RTVSPost2010Prop35
280
     0
102
RTVSPost2010PropOp35
 70
     1
102
RTVSPost2010Prop36
280
     0
102
RTVSPost2010PropOp36
 70
     1
102
RTVSPost2010Prop37
 90
       50
102
RTVSPost2010PropOp37
 70
     1
102
RTVSPost2010Prop38
140
0.0
102
RTVSPost2010PropOp38
 70
     1
102
RTVSPost2010Prop39
140
1.0
102
RTVSPost2010PropOp39
 70
     1
102
RTVSPost2010Prop40
 90
        0
102
RTVSPost2010PropOp40
 70
     1
102
RTVSPost2010Prop41ColorIndex
 90
       18
102
RTVSPost2010Prop41ColorRGB
 90
        0
102
RTVSPost2010PropOp41
 70
     1
102
RTVSPost2010Prop42
 90
       50
102
RTVSPost2010PropOp42
 70
     1
102
RTVSPost2010Prop43
 90
        3
102
RTVSPost2010PropOp43
 70
     1
102
RTVSPost2010Prop44ColorIndex
 90
        5
102
RTVSPost2010Prop44ColorRGB
 90
      255
102
RTVSPost2010PropOp44
 70
     1
102
RTVSPost2010Prop45
280
     0
102
RTVSPost2010PropOp45
 70
     1
102
RTVSPost2010Prop46
 90
       50
102
RTVSPost2010PropOp46
 70
     1
102
RTVSPost2010Prop47
 90
       50
102
RTVSPost2010PropOp47
 70
     1
102
RTVSPost2010Prop48
 90
       50
102
RTVSPost2010PropOp48
 70
     1
102
RTVSPost2010Prop49
280
     0
102
RTVSPost2010PropOp49
 70
     1
102
RTVSPost2010Prop50
 90
       50
102
RTVSPost2010PropOp50
 70
     1
102
RTVSPost2010Prop51ColorIndex
 90
      256
102
RTVSPost2010Prop51ColorRGB
 90
-16777216
102
RTVSPost2010PropOp51
 70
     0
102
RTVSPost2010Prop52
140
1.0
102
RTVSPost2010PropOp52
 70
     0
102
RTVSPost2010Prop53
 90
        2
102
RTVSPost2010PropOp53
 70
     1
102
RTVSPost2010Prop54
  1
strokes_ogs.tif
102
RTVSPost2010PropOp54
 70
     1
102
RTVSPost2010Prop55
280
     0
102
RTVSPost2010PropOp55
 70
     1
102
RTVSPost2010Prop56
140
1.0
102
RTVSPost2010PropOp56
 70
     1
102
RTVSPost2010Prop57
140
1.0
102
RTVSPost2010PropOp57
 70
     1
  0
XRECORD
  5
95
102
{ACAD_REACTORS
330
94
102
}
330
94
100
AcDbXrecord
280
     1
102
RTVSPropertyOp0
 70
     1
102
RTVSPropertyOp1
 70
     1
102
RTVSPropertyOp2
 70
     1
102
RTVSPropertyOp3
 70
     1
102
RTVSPropertyOp4
 70
     1
102
RTVSPropertyOp5
 70
     1
102
RTVSPropertyOp6
 70
     1
102
RTVSPropertyOp7
 70
     1
102
RTVSPropertyOp8
 70
     1
102
RTVSPropertyOp9
 70
     1
102
RTVSPropertyOp10
 70
     1
102
RTVSPropertyOp11
 70
     1
102
RTVSPropertyOp12
 70
     1
102
RTVSPropertyOp13
 70
     1
102
RTVSPropertyOp14
 70
     1
102
RTVSPropertyOp15
 70
     1
102
RTVSPropertyOp16
 70
     1
102
RTVSPropertyOp17
 70
     1
102
RTVSPropertyOp18
 70
     1
102
RTVSPropertyOp19
 70
     1
102
RTVSPropertyOp20
 70
     1
102
RTVSPropertyOp21
 70
     1
102
RTVSPropertyOp22
 70
     1
102
RTVSPropertyOp23
 70
     1
102
RTVSPropertyOp24
 70
     1
102
RTVSPropertyOp25
 70
     1
102
RTVSPropertyOp26
 70
     1
102
RTVSPropertyOp27
 70
     1
102
RTVSPropertyOp28
 70
     1
102
RTVSPropertyOp29
 70
     1
102
RTVSPropertyOp30
 70
     1
102
RTVSPropertyOp31
 70
     1
102
RTVSPropertyOp32
 70
     1
102
RTVSPropertyOp33
 70
     1
102
RTVSPropertyOp34
 70
     1
102
RTVSPropertyOp35
 70
     1
102
RTVSPropertyOp36
 70
     1
102
RTVSPropertyOp37
 70
     1
102
RTVSPropertyOp38
 70
     1
102
RTVSPropertyOp39
 70
     1
102
RTVSPropertyOp40
 70
     1
102
RTVSPropertyOp41
 70
     1
102
RTVSPropertyOp42
 70
     1
102
RTVSPropertyOp43
 70
     1
102
RTVSPropertyOp44
 70
     1
102
RTVSPropertyOp45
 70
     1
102
RTVSPropertyOp46
 70
     1
102
RTVSPropertyOp47
 70
     1
102
RTVSPropertyOp48
 70
     1
102
RTVSPropertyOp49
 70
     1
102
RTVSPropertyOp50
 70
     1
102
RTVSPropertyOp51
 70
     0
102
RTVSPropertyOp52
 70
     0
102
RTVSPropertyOp53
 70
     1
102
RTVSPropertyOp54
 70
     1
102
RTVSPropertyOp55
 70
     1
102
RTVSPropertyOp56
 70
     1
102
RTVSPropertyOp57
 70
     1
102
RTVSPost2010Prop28
280
     0
102
RTVSPost2010PropOp28
 70
     1
102
RTVSPost2010Prop29
280
     1
102
RTVSPost2010PropOp29
 70
     1
102
RTVSPost2010Prop30
280
     1
102
RTVSPost2010PropOp30
 70
     1
102
RTVSPost2010Prop31
280
     0
102
RTVSPost2010PropOp31
 70
     1
102
RTVSPost2010Prop32
280
     0
102
RTVSPost2010PropOp32
 70
     1
102
RTVSPost2010Prop33
280
     0
102
RTVSPost2010PropOp33
 70
     1
102
RTVSPost2010Prop34
280
     0
102
RTVSPost2010PropOp34
 70
     1
102
RTVSPost2010Prop35
280
     0
102
RTVSPost2010PropOp35
 70
     1
102
RTVSPost2010Prop36
280
     0
102
RTVSPost2010PropOp36
 70
     1
102
RTVSPost2010Prop37
 90
       50
102
RTVSPost2010PropOp37
 70
     1
102
RTVSPost2010Prop38
140
0.0
102
RTVSPost2010PropOp38
 70
     1
102
RTVSPost2010Prop39
140
1.0
102
RTVSPost2010PropOp39
 70
     1
102
RTVSPost2010Prop40
 90
        0
102
RTVSPost2010PropOp40
 70
     1
102
RTVSPost2010Prop41ColorIndex
 90
       18
102
RTVSPost2010Prop41ColorRGB
 90
        0
102
RTVSPost2010PropOp41
 70
     1
102
RTVSPost2010Prop42
 90
       50
102
RTVSPost2010PropOp42
 70
     1
102
RTVSPost2010Prop43
 90
        3
102
RTVSPost2010PropOp43
 70
     1
102
RTVSPost2010Prop44ColorIndex
 90
        5
102
RTVSPost2010Prop44ColorRGB
 90
      255
102
RTVSPost2010PropOp44
 70
     1
102
RTVSPost2010Prop45
280
     0
102
RTVSPost2010PropOp45
 70
     1
102
RTVSPost2010Prop46
 90
       50
102
RTVSPost2010PropOp46
 70
     1
102
RTVSPost2010Prop47
 90
       50
102
RTVSPost2010PropOp47
 70
     1
102
RTVSPost2010Prop48
 90
       50
102
RTVSPost2010PropOp48
 70
     1
102
RTVSPost2010Prop49
280
     0
102
RTVSPost2010PropOp49
 70
     1
102
RTVSPost2010Prop50
 90
       50
102
RTVSPost2010PropOp50
 70
     1
102
RTVSPost2010Prop51ColorIndex
 90
      256
102
RTVSPost2010Prop51ColorRGB
 90
-16777216
102
RTVSPost2010PropOp51
 70
     0
102
RTVSPost2010Prop52
140
1.0
102
RTVSPost2010PropOp52
 70
     0
102
RTVSPost2010Prop53
 90
        2
102
RTVSPost2010PropOp53
 70
     1
102
RTVSPost2010Prop54
  1
strokes_ogs.tif
102
RTVSPost2010PropOp54
 70
     1
102
RTVSPost2010Prop55
280
     0
102
RTVSPost2010PropOp55
 70
     1
102
RTVSPost2010Prop56
140
1.0
102
RTVSPost2010PropOp56
 70
     1
102
RTVSPost2010Prop57
140
1.0
102
RTVSPost2010PropOp57
 70
     1
  0
XRECORD
  5
B5
102
{ACAD_REACTORS
330
B4
102
}
330
B4
100
AcDbXrecord
280
     1
102
RTVSPropertyOp0
 70
     1
102
RTVSPropertyOp1
 70
     1
102
RTVSPropertyOp2
 70
     1
102
RTVSPropertyOp3
 70
     1
102
RTVSPropertyOp4
 70
     1
102
RTVSPropertyOp5
 70
     1
102
RTVSPropertyOp6
 70
     1
102
RTVSPropertyOp7
 70
     1
102
RTVSPropertyOp8
 70
     1
102
RTVSPropertyOp9
 70
     1
102
RTVSPropertyOp10
 70
     1
102
RTVSPropertyOp11
 70
     1
102
RTVSPropertyOp12
 70
     1
102
RTVSPropertyOp13
 70
     1
102
RTVSPropertyOp14
 70
     1
102
RTVSPropertyOp15
 70
     1
102
RTVSPropertyOp16
 70
     1
102
RTVSPropertyOp17
 70
     1
102
RTVSPropertyOp18
 70
     1
102
RTVSPropertyOp19
 70
     1
102
RTVSPropertyOp20
 70
     1
102
RTVSPropertyOp21
 70
     1
102
RTVSPropertyOp22
 70
     1
102
RTVSPropertyOp23
 70
     1
102
RTVSPropertyOp24
 70
     1
102
RTVSPropertyOp25
 70
     1
102
RTVSPropertyOp26
 70
     1
102
RTVSPropertyOp27
 70
     1
102
RTVSPropertyOp28
 70
     1
102
RTVSPropertyOp29
 70
     1
102
RTVSPropertyOp30
 70
     1
102
RTVSPropertyOp31
 70
     1
102
RTVSPropertyOp32
 70
     1
102
RTVSPropertyOp33
 70
     1
102
RTVSPropertyOp34
 70
     1
102
RTVSPropertyOp35
 70
     1
102
RTVSPropertyOp36
 70
     1
102
RTVSPropertyOp37
 70
     1
102
RTVSPropertyOp38
 70
     1
102
RTVSPropertyOp39
 70
     1
102
RTVSPropertyOp40
 70
     1
102
RTVSPropertyOp41
 70
     1
102
RTVSPropertyOp42
 70
     1
102
RTVSPropertyOp43
 70
     1
102
RTVSPropertyOp44
 70
     1
102
RTVSPropertyOp45
 70
     1
102
RTVSPropertyOp46
 70
     1
102
RTVSPropertyOp47
 70
     1
102
RTVSPropertyOp48
 70
     1
102
RTVSPropertyOp49
 70
     1
102
RTVSPropertyOp50
 70
     1
102
RTVSPropertyOp51
 70
     0
102
RTVSPropertyOp52
 70
     0
102
RTVSPropertyOp53
 70
     1
102
RTVSPropertyOp54
 70
     1
102
RTVSPropertyOp55
 70
     1
102
RTVSPropertyOp56
 70
     1
102
RTVSPropertyOp57
 70
     1
102
RTVSPost2010Prop28
280
     0
102
RTVSPost2010PropOp28
 70
     1
102
RTVSPost2010Prop29
280
     1
102
RTVSPost2010PropOp29
 70
     1
102
RTVSPost2010Prop30
280
     1
102
RTVSPost2010PropOp30
 70
     1
102
RTVSPost2010Prop31
280
     0
102
RTVSPost2010PropOp31
 70
     1
102
RTVSPost2010Prop32
280
     0
102
RTVSPost2010PropOp32
 70
     1
102
RTVSPost2010Prop33
280
     0
102
RTVSPost2010PropOp33
 70
     1
102
RTVSPost2010Prop34
280
     0
102
RTVSPost2010PropOp34
 70
     1
102
RTVSPost2010Prop35
280
     0
102
RTVSPost2010PropOp35
 70
     1
102
RTVSPost2010Prop36
280
     0
102
RTVSPost2010PropOp36
 70
     1
102
RTVSPost2010Prop37
 90
       50
102
RTVSPost2010PropOp37
 70
     1
102
RTVSPost2010Prop38
140
0.0
102
RTVSPost2010PropOp38
 70
     1
102
RTVSPost2010Prop39
140
1.0
102
RTVSPost2010PropOp39
 70
     1
102
RTVSPost2010Prop40
 90
        0
102
RTVSPost2010PropOp40
 70
     1
102
RTVSPost2010Prop41ColorIndex
 90
       18
102
RTVSPost2010Prop41ColorRGB
 90
        0
102
RTVSPost2010PropOp41
 70
     1
102
RTVSPost2010Prop42
 90
       50
102
RTVSPost2010PropOp42
 70
     1
102
RTVSPost2010Prop43
 90
        3
102
RTVSPost2010PropOp43
 70
     1
102
RTVSPost2010Prop44ColorIndex
 90
        5
102
RTVSPost2010Prop44ColorRGB
 90
      255
102
RTVSPost2010PropOp44
 70
     1
102
RTVSPost2010Prop45
280
     0
102
RTVSPost2010PropOp45
 70
     1
102
RTVSPost2010Prop46
 90
       50
102
RTVSPost2010PropOp46
 70
     1
102
RTVSPost2010Prop47
 90
       50
102
RTVSPost2010PropOp47
 70
     1
102
RTVSPost2010Prop48
 90
       50
102
RTVSPost2010PropOp48
 70
     1
102
RTVSPost2010Prop49
280
     0
102
RTVSPost2010PropOp49
 70
     1
102
RTVSPost2010Prop50
 90
       50
102
RTVSPost2010PropOp50
 70
     1
102
RTVSPost2010Prop51ColorIndex
 90
      256
102
RTVSPost2010Prop51ColorRGB
 90
-16777216
102
RTVSPost2010PropOp51
 70
     0
102
RTVSPost2010Prop52
140
1.0
102
RTVSPost2010PropOp52
 70
     0
102
RTVSPost2010Prop53
 90
        2
102
RTVSPost2010PropOp53
 70
     1
102
RTVSPost2010Prop54
  1
strokes_ogs.tif
102
RTVSPost2010PropOp54
 70
     1
102
RTVSPost2010Prop55
280
     0
102
RTVSPost2010PropOp55
 70
     1
102
RTVSPost2010Prop56
140
1.0
102
RTVSPost2010PropOp56
 70
     1
102
RTVSPost2010Prop57
140
1.0
102
RTVSPost2010PropOp57
 70
     1
  0
ENDSEC
  0
EOF
